Adrian,FUV
Adrian,NUV
Caleb,FUV
Emma,FUV
ESSENCEc023,FUV
ESSENCEc023,NUV
ESSENCEd009,FUV
ESSENCEd009,NUV
ESSENCEh300,FUV
ESSENCEh300,NUV
ESSENCEk467,FUV
ESSENCEk467,NUV
ESSENCEk490,FUV
ESSENCEk490,NUV
ESSENCEm006,NUV
ESSENCEm034,FUV
ESSENCEm034,NUV
ESSENCEm039,FUV
ESSENCEm039,NUV
ESSENCEm057,NUV
ESSENCEm193,FUV
ESSENCEm193,NUV
ESSENCEn256,FUV
ESSENCEn256,NUV
ESSENCEn404,FUV
ESSENCEn404,NUV
ESSENCEn406,FUV
ESSENCEn406,NUV
ESSENCEp455,NUV
ESSENCEp459,NUV
ESSENCEp524,FUV
ESSENCEp524,NUV
ESSENCEq018,FUV
ESSENCEq018,NUV
ESSENCEs380,NUV
K0509-001,FUV
K0509-001,NUV
Lauren,FUV
Lauren,NUV
Noa,FUV
Noa,NUV
PTF11lnb,NUV
PTF11pdi,NUV
SCP-06H3,FUV
SDSS-II SN 10066,FUV
SDSS-II SN 10324,NUV
SDSS-II SN 10460,FUV
SDSS-II SN 10460,NUV
SDSS-II SN 11092,FUV
SDSS-II SN 11092,NUV
SDSS-II SN 11120,FUV
SDSS-II SN 11120,NUV
SDSS-II SN 11263,FUV
SDSS-II SN 11263,NUV
SDSS-II SN 11306,FUV
SDSS-II SN 11306,NUV
SDSS-II SN 11311,FUV
SDSS-II SN 11311,NUV
SDSS-II SN 11314,FUV
SDSS-II SN 11314,NUV
SDSS-II SN 11478,FUV
SDSS-II SN 11478,NUV
SDSS-II SN 11564,FUV
SDSS-II SN 11564,NUV
SDSS-II SN 11723,FUV
SDSS-II SN 11723,NUV
SDSS-II SN 12308,FUV
SDSS-II SN 12308,NUV
SDSS-II SN 12547,FUV
SDSS-II SN 12547,NUV
SDSS-II SN 1285,FUV
SDSS-II SN 1285,NUV
SDSS-II SN 12940,FUV
SDSS-II SN 12940,NUV
SDSS-II SN 13144,FUV
SDSS-II SN 13144,NUV
SDSS-II SN 13149,FUV
SDSS-II SN 13149,NUV
SDSS-II SN 13477,FUV
SDSS-II SN 13477,NUV
SDSS-II SN 13495,FUV
SDSS-II SN 13495,NUV
SDSS-II SN 13629,FUV
SDSS-II SN 13629,NUV
SDSS-II SN 13633,FUV
SDSS-II SN 13633,NUV
SDSS-II SN 13649,FUV
SDSS-II SN 13649,NUV
SDSS-II SN 13689,FUV
SDSS-II SN 13689,NUV
SDSS-II SN 13766,FUV
SDSS-II SN 13766,NUV
SDSS-II SN 13780,FUV
SDSS-II SN 13780,NUV
SDSS-II SN 13784,FUV
SDSS-II SN 13784,NUV
SDSS-II SN 13785,FUV
SDSS-II SN 13785,NUV
SDSS-II SN 13787,FUV
SDSS-II SN 13787,NUV
SDSS-II SN 13933,FUV
SDSS-II SN 13933,NUV
SDSS-II SN 1395,FUV
SDSS-II SN 1395,NUV
SDSS-II SN 14034,FUV
SDSS-II SN 14034,NUV
SDSS-II SN 14131,FUV
SDSS-II SN 14131,NUV
SDSS-II SN 14260,FUV
SDSS-II SN 14260,NUV
SDSS-II SN 14295,FUV
SDSS-II SN 14295,NUV
SDSS-II SN 14304,NUV
SDSS-II SN 14311,FUV
SDSS-II SN 14311,NUV
SDSS-II SN 14357,FUV
SDSS-II SN 14357,NUV
SDSS-II SN 14419,FUV
SDSS-II SN 14419,NUV
SDSS-II SN 14455,FUV
SDSS-II SN 14455,NUV
SDSS-II SN 14467,FUV
SDSS-II SN 14467,NUV
SDSS-II SN 14496,FUV
SDSS-II SN 14496,NUV
SDSS-II SN 14539,FUV
SDSS-II SN 14539,NUV
SDSS-II SN 14567,FUV
SDSS-II SN 14567,NUV
SDSS-II SN 14593,FUV
SDSS-II SN 14593,NUV
SDSS-II SN 1461,FUV
SDSS-II SN 1461,NUV
SDSS-II SN 14727,FUV
SDSS-II SN 14727,NUV
SDSS-II SN 14763,FUV
SDSS-II SN 14763,NUV
SDSS-II SN 14821,FUV
SDSS-II SN 14821,NUV
SDSS-II SN 14823,FUV
SDSS-II SN 14823,NUV
SDSS-II SN 14833,FUV
SDSS-II SN 14833,NUV
SDSS-II SN 14867,FUV
SDSS-II SN 14867,NUV
SDSS-II SN 14872,FUV
SDSS-II SN 14872,NUV
SDSS-II SN 14937,FUV
SDSS-II SN 14937,NUV
SDSS-II SN 14961,FUV
SDSS-II SN 14961,NUV
SDSS-II SN 15055,FUV
SDSS-II SN 15055,NUV
SDSS-II SN 15226,FUV
SDSS-II SN 15226,NUV
SDSS-II SN 15448,FUV
SDSS-II SN 15448,NUV
SDSS-II SN 15498,FUV
SDSS-II SN 15498,NUV
SDSS-II SN 15647,FUV
SDSS-II SN 15647,NUV
SDSS-II SN 15693,FUV
SDSS-II SN 15693,NUV
SDSS-II SN 15719,FUV
SDSS-II SN 15719,NUV
SDSS-II SN 15773,FUV
SDSS-II SN 15773,NUV
SDSS-II SN 15785,FUV
SDSS-II SN 15785,NUV
SDSS-II SN 15812,FUV
SDSS-II SN 15812,NUV
SDSS-II SN 16024,FUV
SDSS-II SN 16024,NUV
SDSS-II SN 16048,FUV
SDSS-II SN 16048,NUV
SDSS-II SN 16091,FUV
SDSS-II SN 16091,NUV
SDSS-II SN 16098,FUV
SDSS-II SN 16098,NUV
SDSS-II SN 16236,FUV
SDSS-II SN 16236,NUV
SDSS-II SN 16247,NUV
SDSS-II SN 16398,FUV
SDSS-II SN 16398,NUV
SDSS-II SN 16478,FUV
SDSS-II SN 16478,NUV
SDSS-II SN 16554,FUV
SDSS-II SN 16554,NUV
SDSS-II SN 1658,FUV
SDSS-II SN 1658,NUV
SDSS-II SN 16759,FUV
SDSS-II SN 16759,NUV
SDSS-II SN 16973,FUV
SDSS-II SN 16973,NUV
SDSS-II SN 16977,FUV
SDSS-II SN 16977,NUV
SDSS-II SN 17272,FUV
SDSS-II SN 17272,NUV
SDSS-II SN 17324,FUV
SDSS-II SN 17324,NUV
SDSS-II SN 17370,FUV
SDSS-II SN 17370,NUV
SDSS-II SN 17455,FUV
SDSS-II SN 17455,NUV
SDSS-II SN 1748,FUV
SDSS-II SN 1748,NUV
SDSS-II SN 1765,FUV
SDSS-II SN 1765,NUV
SDSS-II SN 17849,FUV
SDSS-II SN 17849,NUV
SDSS-II SN 17952,FUV
SDSS-II SN 17952,NUV
SDSS-II SN 18010,FUV
SDSS-II SN 18010,NUV
SDSS-II SN 18083,FUV
SDSS-II SN 18083,NUV
SDSS-II SN 18139,FUV
SDSS-II SN 18139,NUV
SDSS-II SN 18189,FUV
SDSS-II SN 18189,NUV
SDSS-II SN 18201,FUV
SDSS-II SN 18201,NUV
SDSS-II SN 18242,FUV
SDSS-II SN 18242,NUV
SDSS-II SN 1825,FUV
SDSS-II SN 1825,NUV
SDSS-II SN 18273,NUV
SDSS-II SN 18288,FUV
SDSS-II SN 18288,NUV
SDSS-II SN 18312,FUV
SDSS-II SN 18312,NUV
SDSS-II SN 18333,FUV
SDSS-II SN 18333,NUV
SDSS-II SN 18344,FUV
SDSS-II SN 18344,NUV
SDSS-II SN 18351,FUV
SDSS-II SN 18351,NUV
SDSS-II SN 18389,FUV
SDSS-II SN 18389,NUV
SDSS-II SN 18800,FUV
SDSS-II SN 18800,NUV
SDSS-II SN 18824,FUV
SDSS-II SN 18824,NUV
SDSS-II SN 18827,FUV
SDSS-II SN 18827,NUV
SDSS-II SN 18836,FUV
SDSS-II SN 18836,NUV
SDSS-II SN 18943,FUV
SDSS-II SN 18943,NUV
SDSS-II SN 19000,FUV
SDSS-II SN 19000,NUV
SDSS-II SN 19212,FUV
SDSS-II SN 19212,NUV
SDSS-II SN 19461,FUV
SDSS-II SN 19461,NUV
SDSS-II SN 19492,FUV
SDSS-II SN 19492,NUV
SDSS-II SN 19739,FUV
SDSS-II SN 19739,NUV
SDSS-II SN 1991,FUV
SDSS-II SN 1991,NUV
SDSS-II SN 20217,FUV
SDSS-II SN 20217,NUV
SDSS-II SN 20386,FUV
SDSS-II SN 20386,NUV
SDSS-II SN 20399,FUV
SDSS-II SN 20399,NUV
SDSS-II SN 20517,FUV
SDSS-II SN 20517,NUV
SDSS-II SN 2078,FUV
SDSS-II SN 2078,NUV
SDSS-II SN 2079,FUV
SDSS-II SN 2079,NUV
SDSS-II SN 20920,FUV
SDSS-II SN 20920,NUV
SDSS-II SN 21360,FUV
SDSS-II SN 21360,NUV
SDSS-II SN 2181,FUV
SDSS-II SN 2181,NUV
SDSS-II SN 2235,FUV
SDSS-II SN 2235,NUV
SDSS-II SN 2280,FUV
SDSS-II SN 2280,NUV
SDSS-II SN 2427,FUV
SDSS-II SN 2427,NUV
SDSS-II SN 2630,FUV
SDSS-II SN 2630,NUV
SDSS-II SN 2632,FUV
SDSS-II SN 2632,NUV
SDSS-II SN 2734,FUV
SDSS-II SN 2734,NUV
SDSS-II SN 2746,FUV
SDSS-II SN 2746,NUV
SDSS-II SN 2766,FUV
SDSS-II SN 2766,NUV
SDSS-II SN 2864,FUV
SDSS-II SN 2864,NUV
SDSS-II SN 2912,FUV
SDSS-II SN 2912,NUV
SDSS-II SN 2926,FUV
SDSS-II SN 2926,NUV
SDSS-II SN 3065,FUV
SDSS-II SN 3065,NUV
SDSS-II SN 3068,FUV
SDSS-II SN 3068,NUV
SDSS-II SN 3102,FUV
SDSS-II SN 3102,NUV
SDSS-II SN 3150,FUV
SDSS-II SN 3150,NUV
SDSS-II SN 3368,FUV
SDSS-II SN 3368,NUV
SDSS-II SN 3881,FUV
SDSS-II SN 4078,FUV
SDSS-II SN 4078,NUV
SDSS-II SN 4417,FUV
SDSS-II SN 4417,NUV
SDSS-II SN 4669,FUV
SDSS-II SN 4669,NUV
SDSS-II SN 4676,FUV
SDSS-II SN 4676,NUV
SDSS-II SN 4779,FUV
SDSS-II SN 4779,NUV
SDSS-II SN 4906,NUV
SDSS-II SN 4914,FUV
SDSS-II SN 4914,NUV
SDSS-II SN 5021,FUV
SDSS-II SN 5021,NUV
SDSS-II SN 5363,FUV
SDSS-II SN 5363,NUV
SDSS-II SN 5487,FUV
SDSS-II SN 5487,NUV
SDSS-II SN 5524,FUV
SDSS-II SN 5524,NUV
SDSS-II SN 5776,FUV
SDSS-II SN 5776,NUV
SDSS-II SN 5959,FUV
SDSS-II SN 5959,NUV
SDSS-II SN 6216,FUV
SDSS-II SN 6216,NUV
SDSS-II SN 6282,FUV
SDSS-II SN 6282,NUV
SDSS-II SN 6535,FUV
SDSS-II SN 6535,NUV
SDSS-II SN 6560,FUV
SDSS-II SN 6560,NUV
SDSS-II SN 6638,FUV
SDSS-II SN 6638,NUV
SDSS-II SN 6743,FUV
SDSS-II SN 6743,NUV
SDSS-II SN 6833,FUV
SDSS-II SN 6833,NUV
SDSS-II SN 6987,FUV
SDSS-II SN 6987,NUV
SDSS-II SN 7017,FUV
SDSS-II SN 7017,NUV
SDSS-II SN 703,NUV
SDSS-II SN 7092,FUV
SDSS-II SN 7092,NUV
SDSS-II SN 7121,FUV
SDSS-II SN 7121,NUV
SDSS-II SN 7127,FUV
SDSS-II SN 7127,NUV
SDSS-II SN 735,FUV
SDSS-II SN 735,NUV
SDSS-II SN 7357,FUV
SDSS-II SN 7357,NUV
SDSS-II SN 7499,FUV
SDSS-II SN 7499,NUV
SDSS-II SN 7550,FUV
SDSS-II SN 7550,NUV
SDSS-II SN 7647,FUV
SDSS-II SN 7647,NUV
SDSS-II SN 7656,FUV
SDSS-II SN 7656,NUV
SDSS-II SN 7804,FUV
SDSS-II SN 7804,NUV
SDSS-II SN 7939,FUV
SDSS-II SN 7939,NUV
SDSS-II SN 8128,FUV
SDSS-II SN 8128,NUV
SDSS-II SN 8264,FUV
SDSS-II SN 8264,NUV
SDSS-II SN 8269,NUV
SDSS-II SN 841,FUV
SDSS-II SN 841,NUV
SDSS-II SN 8555,FUV
SDSS-II SN 8555,NUV
SDSS-II SN 859,FUV
SDSS-II SN 859,NUV
SDSS-II SN 8723,FUV
SDSS-II SN 8723,NUV
SDSS-II SN 8850,FUV
SDSS-II SN 8850,NUV
SDSS-II SN 9026,FUV
SDSS-II SN 9026,NUV
SDSS-II SN 9117,FUV
SDSS-II SN 9117,NUV
SDSS-II SN 9218,FUV
SDSS-II SN 9218,NUV
SDSS-II SN 9632,FUV
SDSS-II SN 9632,NUV
SDSS-II SN 9677,FUV
SDSS-II SN 9677,NUV
SDSS1205-52670-632,FUV
SDSS1205-52670-632,NUV
SDSS1278-52735-425,NUV
SDSS1337-52767-480,FUV
SDSS1337-52767-480,NUV
SDSS1392-52822-147,NUV
SDSS1645-53172-349,FUV
SDSS1645-53172-349,NUV
SDSS1793-53883-040,FUV
SDSS2165-53917-406,FUV
SDSS2165-53917-406,NUV
SDSS2202-53566-403,FUV
SDSS313-51673-154,NUV
SDSS394-51812-554,FUV
SDSS394-51812-554,NUV
SDSS578-52339-314,FUV
SDSS578-52339-314,NUV
SDSS738-52521-360,FUV
SDSS738-52521-360,NUV
SDSS915-52443-543,FUV
SDSS915-52443-543,NUV
SN1954B,FUV
SN1954B,NUV
SN1957A,FUV
SN1957A,NUV
SN1959C,NUV
SN1960F,NUV
SN1960H,FUV
SN1960H,NUV
SN1960R,FUV
SN1960R,NUV
SN1961H,FUV
SN1961H,NUV
SN1962A,FUV
SN1962A,NUV
SN1962E,FUV
SN1962E,NUV
SN1963P,FUV
SN1963P,NUV
SN1981B,FUV
SN1981B,NUV
SN1983G,FUV
SN1983G,NUV
SN1983L,FUV
SN1983L,NUV
SN1983N,FUV
SN1983W,FUV
SN1983W,NUV
SN1984A,FUV
SN1984A,NUV
SN1986N,NUV
SN1987D,NUV
SN1987L,FUV
SN1987L,NUV
SN1989A,FUV
SN1989A,NUV
SN1989B,FUV
SN1989B,NUV
SN1989D,NUV
SN1989M,FUV
SN1989M,NUV
SN1989P,FUV
SN1989P,NUV
SN1989Q,FUV
SN1989Q,NUV
SN1989S,FUV
SN1989S,NUV
SN1989V,FUV
SN1989V,NUV
SN1990ab,FUV
SN1990ab,NUV
SN1990af,FUV
SN1990af,NUV
SN1990F,FUV
SN1990F,NUV
SN1990J,NUV
SN1990N,NUV
SN1990O,FUV
SN1990O,NUV
SN1990R,FUV
SN1990R,NUV
SN1990T,FUV
SN1990T,NUV
SN1990U,FUV
SN1990U,NUV
SN1991ad,FUV
SN1991ad,NUV
SN1991ag,FUV
SN1991ag,NUV
SN1991ai,NUV
SN1991am,FUV
SN1991am,NUV
SN1991as,FUV
SN1991as,NUV
SN1991B,FUV
SN1991B,NUV
SN1991bc,FUV
SN1991bc,NUV
SN1991bf,NUV
SN1991bg,FUV
SN1991bg,NUV
SN1991F,FUV
SN1991F,NUV
SN1991M,FUV
SN1991M,NUV
SN1991X,NUV
SN1992A,FUV
SN1992A,NUV
SN1992ae,FUV
SN1992ae,NUV
SN1992ag,FUV
SN1992ag,NUV
SN1992ap,FUV
SN1992ap,NUV
SN1992at,NUV
SN1992bf,FUV
SN1992bf,NUV
SN1992bg,FUV
SN1992bg,NUV
SN1992bh,FUV
SN1992bh,NUV
SN1992bi,FUV
SN1992bi,NUV
SN1992J,FUV
SN1992J,NUV
SN1992K,NUV
SN1992R,FUV
SN1992R,NUV
SN1992V,NUV
SN1993aa,FUV
SN1993aa,NUV
SN1993ae,FUV
SN1993ae,NUV
SN1993af,FUV
SN1993af,NUV
SN1993ai,NUV
SN1993B,FUV
SN1993B,NUV
SN1993C,NUV
SN1993I,FUV
SN1993I,NUV
SN1993L,FUV
SN1993L,NUV
SN1993T,FUV
SN1993T,NUV
SN1994ae,NUV
SN1994am,NUV
SN1994an,FUV
SN1994an,NUV
SN1994C,FUV
SN1994C,NUV
SN1994G,NUV
SN1994O,FUV
SN1994O,NUV
SN1994U,FUV
SN1994U,NUV
SN1994X,FUV
SN1994X,NUV
SN1995ae,FUV
SN1995ae,NUV
SN1995ao,FUV
SN1995ao,NUV
SN1995ap,FUV
SN1995ap,NUV
SN1995D,FUV
SN1995D,NUV
SN1995K,NUV
SN1995O,FUV
SN1995O,NUV
SN1995P,FUV
SN1995P,NUV
SN1995R,NUV
SN1995T,NUV
SN1996aa,FUV
SN1996aa,NUV
SN1996ab,FUV
SN1996ab,NUV
SN1996ac,FUV
SN1996ac,NUV
SN1996ag,FUV
SN1996ag,NUV
SN1996am,FUV
SN1996am,NUV
SN1996au,FUV
SN1996au,NUV
SN1996aw,FUV
SN1996aw,NUV
SN1996ay,FUV
SN1996ay,NUV
SN1996bc,FUV
SN1996bc,NUV
SN1996bf,FUV
SN1996bf,NUV
SN1996bi,FUV
SN1996bi,NUV
SN1996bj,FUV
SN1996bj,NUV
SN1996bk,FUV
SN1996bk,NUV
SN1996bl,FUV
SN1996bl,NUV
SN1996bm,FUV
SN1996bm,NUV
SN1996bo,FUV
SN1996bo,NUV
SN1996bx,FUV
SN1996bx,NUV
SN1996cf,FUV
SN1996cf,NUV
SN1996cg,FUV
SN1996cg,NUV
SN1996cn,FUV
SN1996cn,NUV
SN1996I,FUV
SN1996I,NUV
SN1996K,FUV
SN1996K,NUV
SN1996O,FUV
SN1996O,NUV
SN1996R,FUV
SN1996R,NUV
SN1996T,FUV
SN1996T,NUV
SN1996X,FUV
SN1996X,NUV
SN1997A,FUV
SN1997A,NUV
SN1997ag,FUV
SN1997ag,NUV
SN1997ah,FUV
SN1997ah,NUV
SN1997aj,FUV
SN1997aj,NUV
SN1997ak,NUV
SN1997am,FUV
SN1997am,NUV
SN1997ap,FUV
SN1997ap,NUV
SN1997as,FUV
SN1997as,NUV
SN1997bb,NUV
SN1997bd,FUV
SN1997bd,NUV
SN1997bh,NUV
SN1997bj,FUV
SN1997bj,NUV
SN1997bp,NUV
SN1997bx,FUV
SN1997bx,NUV
SN1997bz,FUV
SN1997bz,NUV
SN1997ca,NUV
SN1997ce,FUV
SN1997ce,NUV
SN1997cj,FUV
SN1997cj,NUV
SN1997cm,NUV
SN1997cn,NUV
SN1997cp,FUV
SN1997cp,NUV
SN1997ct,FUV
SN1997ct,NUV
SN1997cu,FUV
SN1997cu,NUV
SN1997cv,NUV
SN1997cw,FUV
SN1997cw,NUV
SN1997cz,NUV
SN1997de,FUV
SN1997de,NUV
SN1997dg,FUV
SN1997dg,NUV
SN1997dk,FUV
SN1997dk,NUV
SN1997dl,FUV
SN1997dl,NUV
SN1997dr,FUV
SN1997dr,NUV
SN1997ee,NUV
SN1997ei,NUV
SN1997ej,NUV
SN1997ek,FUV
SN1997ek,NUV
SN1997el,FUV
SN1997el,NUV
SN1997en,FUV
SN1997en,NUV
SN1997eo,FUV
SN1997eo,NUV
SN1997ep,FUV
SN1997ep,NUV
SN1997eq,FUV
SN1997eq,NUV
SN1997er,FUV
SN1997er,NUV
SN1997es,FUV
SN1997es,NUV
SN1997ex,FUV
SN1997ex,NUV
SN1997ez,FUV
SN1997ez,NUV
SN1997fa,FUV
SN1997fa,NUV
SN1997fd,FUV
SN1997fd,NUV
SN1997fe,FUV
SN1997fe,NUV
SN1997ff,FUV
SN1997ff,NUV
SN1997G,FUV
SN1997G,NUV
SN1997H,FUV
SN1997H,NUV
SN1997L,FUV
SN1997L,NUV
SN1997N,FUV
SN1997N,NUV
SN1997R,FUV
SN1997R,NUV
SN1997S,FUV
SN1997S,NUV
SN1997T,FUV
SN1997T,NUV
SN1998ab,NUV
SN1998ac,FUV
SN1998ac,NUV
SN1998ag,FUV
SN1998ag,NUV
SN1998ah,FUV
SN1998ah,NUV
SN1998ai,NUV
SN1998ak,NUV
SN1998al,NUV
SN1998ax,FUV
SN1998ax,NUV
SN1998ay,FUV
SN1998ay,NUV
SN1998ba,FUV
SN1998ba,NUV
SN1998bd,FUV
SN1998bd,NUV
SN1998be,FUV
SN1998be,NUV
SN1998bi,FUV
SN1998bi,NUV
SN1998bk,FUV
SN1998bk,NUV
SN1998bn,NUV
SN1998bq,FUV
SN1998bq,NUV
SN1998br,FUV
SN1998br,NUV
SN1998cd,NUV
SN1998ci,FUV
SN1998ci,NUV
SN1998cm,NUV
SN1998cq,FUV
SN1998cq,NUV
SN1998cs,FUV
SN1998cs,NUV
SN1998dj,FUV
SN1998dj,NUV
SN1998do,FUV
SN1998do,NUV
SN1998dq,FUV
SN1998dq,NUV
SN1998dr,FUV
SN1998dr,NUV
SN1998du,FUV
SN1998du,NUV
SN1998dv,FUV
SN1998dv,NUV
SN1998dy,FUV
SN1998dy,NUV
SN1998ea,FUV
SN1998ea,NUV
SN1998ef,NUV
SN1998em,FUV
SN1998em,NUV
SN1998en,FUV
SN1998en,NUV
SN1998eo,FUV
SN1998eo,NUV
SN1998eu,FUV
SN1998eu,NUV
SN1998ez,FUV
SN1998ez,NUV
SN1998M,NUV
SN1998Q,FUV
SN1998Q,NUV
SN1999aa,FUV
SN1999aa,NUV
SN1999ac,FUV
SN1999ac,NUV
SN1999af,FUV
SN1999af,NUV
SN1999as,FUV
SN1999as,NUV
SN1999av,FUV
SN1999av,NUV
SN1999aw,NUV
SN1999ax,FUV
SN1999ax,NUV
SN1999az,FUV
SN1999az,NUV
SN1999bf,FUV
SN1999bf,NUV
SN1999bi,FUV
SN1999bi,NUV
SN1999bq,NUV
SN1999bt,FUV
SN1999bt,NUV
SN1999cb,FUV
SN1999cb,NUV
SN1999cc,FUV
SN1999cc,NUV
SN1999cf,NUV
SN1999ch,FUV
SN1999ch,NUV
SN1999ci,NUV
SN1999cj,FUV
SN1999cj,NUV
SN1999ck,FUV
SN1999ck,NUV
SN1999cl,NUV
SN1999cp,NUV
SN1999ct,FUV
SN1999ct,NUV
SN1999dg,FUV
SN1999dg,NUV
SN1999dq,FUV
SN1999dq,NUV
SN1999dr,FUV
SN1999dr,NUV
SN1999du,FUV
SN1999du,NUV
SN1999dw,FUV
SN1999dw,NUV
SN1999dx,FUV
SN1999dx,NUV
SN1999dz,FUV
SN1999dz,NUV
SN1999ea,FUV
SN1999ea,NUV
SN1999ec,FUV
SN1999ec,NUV
SN1999ee,NUV
SN1999ej,FUV
SN1999ej,NUV
SN1999F,NUV
SN1999fc,FUV
SN1999fc,NUV
SN1999fd,FUV
SN1999fd,NUV
SN1999fi,FUV
SN1999fi,NUV
SN1999fm,FUV
SN1999fm,NUV
SN1999fu,FUV
SN1999fu,NUV
SN1999fv,FUV
SN1999fv,NUV
SN1999fw,FUV
SN1999fw,NUV
SN1999fz,FUV
SN1999fz,NUV
SN1999gh,NUV
SN1999gj,FUV
SN1999gj,NUV
SN1999gr,FUV
SN1999gr,NUV
SN1999gs,FUV
SN1999gs,NUV
SN1999gx,FUV
SN1999gx,NUV
SN1999T,FUV
SN1999T,NUV
SN1999U,FUV
SN1999U,NUV
SN1999X,FUV
SN1999X,NUV
SN2000A,FUV
SN2000A,NUV
SN2000al,FUV
SN2000al,NUV
SN2000bk,FUV
SN2000bk,NUV
SN2000bn,FUV
SN2000bn,NUV
SN2000ca,NUV
SN2000cf,NUV
SN2000cj,FUV
SN2000cj,NUV
SN2000cv,NUV
SN2000cx,FUV
SN2000cx,NUV
SN2000dd,FUV
SN2000dd,NUV
SN2000df,FUV
SN2000df,NUV
SN2000dk,FUV
SN2000dk,NUV
SN2000dm,FUV
SN2000dm,NUV
SN2000dp,FUV
SN2000dp,NUV
SN2000dy,FUV
SN2000dy,NUV
SN2000dz,FUV
SN2000dz,NUV
SN2000E,NUV
SN2000ec,NUV
SN2000ee,FUV
SN2000ee,NUV
SN2000ej,NUV
SN2000eq,NUV
SN2000et,FUV
SN2000et,NUV
SN2000eu,FUV
SN2000eu,NUV
SN2000fo,FUV
SN2000fo,NUV
SN2000fq,FUV
SN2000fq,NUV
SN2000fr,FUV
SN2000fr,NUV
SN2000fw,FUV
SN2000fw,NUV
SN2000fx,FUV
SN2000fx,NUV
SN2000fy,FUV
SN2000fy,NUV
SN2000fz,FUV
SN2000fz,NUV
SN2000ga,FUV
SN2000ga,NUV
SN2000T,NUV
SN2000V,NUV
SN2001al,FUV
SN2001al,NUV
SN2001ba,NUV
SN2001bs,FUV
SN2001bs,NUV
SN2001C,FUV
SN2001C,NUV
SN2001cg,FUV
SN2001cg,NUV
SN2001cq,FUV
SN2001cq,NUV
SN2001cr,FUV
SN2001cr,NUV
SN2001cs,FUV
SN2001cs,NUV
SN2001cu,FUV
SN2001cu,NUV
SN2001cv,FUV
SN2001cv,NUV
SN2001cw,FUV
SN2001cw,NUV
SN2001dd,NUV
SN2001E,NUV
SN2001ed,FUV
SN2001ed,NUV
SN2001ei,FUV
SN2001ei,NUV
SN2001en,NUV
SN2001es,FUV
SN2001es,NUV
SN2001fg,NUV
SN2001fu,NUV
SN2001G,NUV
SN2001gm,FUV
SN2001gm,NUV
SN2001gn,FUV
SN2001gn,NUV
SN2001go,FUV
SN2001go,NUV
SN2001gr,NUV
SN2001gt,NUV
SN2001gu,NUV
SN2001gv,FUV
SN2001gv,NUV
SN2001gy,FUV
SN2001gy,NUV
SN2001ha,NUV
SN2001hb,FUV
SN2001hb,NUV
SN2001hc,FUV
SN2001hc,NUV
SN2001ib,FUV
SN2001ib,NUV
SN2001il,FUV
SN2001il,NUV
SN2001io,NUV
SN2001ip,FUV
SN2001ip,NUV
SN2001ki,FUV
SN2001ki,NUV
SN2001kj,FUV
SN2001kj,NUV
SN2001kk,FUV
SN2001kk,NUV
SN2001kl,FUV
SN2001kl,NUV
SN2001km,FUV
SN2001km,NUV
SN2001ku,FUV
SN2001ku,NUV
SN2001O,FUV
SN2001O,NUV
SN2002am,NUV
SN2002B,NUV
SN2002bf,NUV
SN2002bi,NUV
SN2002bk,FUV
SN2002bk,NUV
SN2002bn,FUV
SN2002bn,NUV
SN2002br,NUV
SN2002cd,FUV
SN2002cd,NUV
SN2002ci,FUV
SN2002ci,NUV
SN2002cr,NUV
SN2002df,NUV
SN2002dj,FUV
SN2002dj,NUV
SN2002eb,FUV
SN2002eb,NUV
SN2002ec,FUV
SN2002ec,NUV
SN2002ef,FUV
SN2002ef,NUV
SN2002eq,FUV
SN2002eq,NUV
SN2002er,FUV
SN2002er,NUV
SN2002ez,FUV
SN2002ez,NUV
SN2002fa,NUV
SN2002fc,FUV
SN2002fc,NUV
SN2002fd,FUV
SN2002fd,NUV
SN2002ff,FUV
SN2002ff,NUV
SN2002fg,FUV
SN2002fg,NUV
SN2002fk,FUV
SN2002fk,NUV
SN2002fs,FUV
SN2002fs,NUV
SN2002ft,NUV
SN2002fu,FUV
SN2002fu,NUV
SN2002fw,FUV
SN2002fw,NUV
SN2002fx,FUV
SN2002fx,NUV
SN2002G,FUV
SN2002G,NUV
SN2002ge,FUV
SN2002ge,NUV
SN2002gf,NUV
SN2002gi,FUV
SN2002gi,NUV
SN2002gk,NUV
SN2002gn,FUV
SN2002gn,NUV
SN2002go,FUV
SN2002go,NUV
SN2002gp,FUV
SN2002gp,NUV
SN2002gr,FUV
SN2002gr,NUV
SN2002gs,FUV
SN2002gs,NUV
SN2002gv,FUV
SN2002gv,NUV
SN2002hp,FUV
SN2002hp,NUV
SN2002ia,FUV
SN2002ia,NUV
SN2002ib,FUV
SN2002ib,NUV
SN2002ic,FUV
SN2002ic,NUV
SN2002id,FUV
SN2002id,NUV
SN2002ie,FUV
SN2002ie,NUV
SN2002ih,FUV
SN2002ih,NUV
SN2002ij,FUV
SN2002ij,NUV
SN2002il,FUV
SN2002il,NUV
SN2002im,FUV
SN2002im,NUV
SN2002ir,FUV
SN2002ir,NUV
SN2002is,FUV
SN2002is,NUV
SN2002iy,FUV
SN2002iy,NUV
SN2002iz,FUV
SN2002iz,NUV
SN2002jb,FUV
SN2002jb,NUV
SN2002jc,FUV
SN2002jc,NUV
SN2002jf,NUV
SN2002jq,FUV
SN2002jq,NUV
SN2002jr,FUV
SN2002jr,NUV
SN2002js,FUV
SN2002js,NUV
SN2002ju,FUV
SN2002ju,NUV
SN2002jw,FUV
SN2002jw,NUV
SN2002jy,FUV
SN2002jy,NUV
SN2002ka,FUV
SN2002ka,NUV
SN2002kc,FUV
SN2002kc,NUV
SN2002kd,FUV
SN2002kd,NUV
SN2002ki,FUV
SN2002ki,NUV
SN2002kk,FUV
SN2002kk,NUV
SN2002km,FUV
SN2002km,NUV
SN2002kn,FUV
SN2002kn,NUV
SN2002ko,FUV
SN2002ko,NUV
SN2002kr,FUV
SN2002kr,NUV
SN2002lh,FUV
SN2002lh,NUV
SN2002lj,FUV
SN2002lj,NUV
SN2002ll,FUV
SN2002ll,NUV
SN2002lo,FUV
SN2002lo,NUV
SN2002lp,FUV
SN2002lp,NUV
SN2002lq,FUV
SN2002lq,NUV
SN2002lr,NUV
SN2002P,FUV
SN2002P,NUV
SN2003aa,FUV
SN2003aa,NUV
SN2003ae,FUV
SN2003ae,NUV
SN2003af,FUV
SN2003af,NUV
SN2003ag,FUV
SN2003ag,NUV
SN2003aj,FUV
SN2003aj,NUV
SN2003ap,FUV
SN2003ap,NUV
SN2003ax,FUV
SN2003ax,NUV
SN2003az,FUV
SN2003az,NUV
SN2003bd,FUV
SN2003bd,NUV
SN2003be,FUV
SN2003be,NUV
SN2003bh,FUV
SN2003bh,NUV
SN2003bs,FUV
SN2003bs,NUV
SN2003cg,FUV
SN2003cg,NUV
SN2003D,FUV
SN2003D,NUV
SN2003dc,NUV
SN2003ds,NUV
SN2003dt,NUV
SN2003dw,FUV
SN2003dw,NUV
SN2003dy,FUV
SN2003dy,NUV
SN2003eb,FUV
SN2003eb,NUV
SN2003eh,FUV
SN2003eh,NUV
SN2003ek,FUV
SN2003ek,NUV
SN2003ep,FUV
SN2003ep,NUV
SN2003eq,FUV
SN2003eq,NUV
SN2003fa,FUV
SN2003fa,NUV
SN2003ff,NUV
SN2003fg,NUV
SN2003fh,NUV
SN2003fi,NUV
SN2003fk,NUV
SN2003fn,NUV
SN2003fo,FUV
SN2003fo,NUV
SN2003ge,FUV
SN2003ge,NUV
SN2003gi,FUV
SN2003gi,NUV
SN2003gj,FUV
SN2003gj,NUV
SN2003gs,FUV
SN2003gs,NUV
SN2003hj,FUV
SN2003hj,NUV
SN2003hq,FUV
SN2003hq,NUV
SN2003hs,FUV
SN2003hs,NUV
SN2003hu,FUV
SN2003hu,NUV
SN2003hx,FUV
SN2003hx,NUV
SN2003ic,FUV
SN2003ic,NUV
SN2003it,NUV
SN2003iu,NUV
SN2003ji,FUV
SN2003ji,NUV
SN2003jl,FUV
SN2003jl,NUV
SN2003jm,FUV
SN2003jm,NUV
SN2003jn,FUV
SN2003jn,NUV
SN2003jq,FUV
SN2003jq,NUV
SN2003js,FUV
SN2003js,NUV
SN2003jt,FUV
SN2003jt,NUV
SN2003jv,FUV
SN2003jv,NUV
SN2003jy,NUV
SN2003kf,FUV
SN2003kf,NUV
SN2003kg,FUV
SN2003kg,NUV
SN2003kh,FUV
SN2003kh,NUV
SN2003kn,FUV
SN2003kn,NUV
SN2003ko,FUV
SN2003ko,NUV
SN2003kq,FUV
SN2003kq,NUV
SN2003kr,FUV
SN2003kr,NUV
SN2003kt,FUV
SN2003kt,NUV
SN2003li,FUV
SN2003li,NUV
SN2003lk,NUV
SN2003lm,FUV
SN2003lm,NUV
SN2003ln,FUV
SN2003ln,NUV
SN2003ls,FUV
SN2003ls,NUV
SN2003P,NUV
SN2003Q,FUV
SN2003Q,NUV
SN2003R,NUV
SN2003U,FUV
SN2003U,NUV
SN2003V,FUV
SN2003V,NUV
SN2004ah,FUV
SN2004ah,NUV
SN2004ap,FUV
SN2004ap,NUV
SN2004B,FUV
SN2004B,NUV
SN2004bg,FUV
SN2004bg,NUV
SN2004bv,FUV
SN2004bv,NUV
SN2004bw,FUV
SN2004bw,NUV
SN2004cb,FUV
SN2004cb,NUV
SN2004dl,FUV
SN2004dl,NUV
SN2004dt,FUV
SN2004dt,NUV
SN2004E,FUV
SN2004E,NUV
SN2004ef,FUV
SN2004ef,NUV
SN2004eq,FUV
SN2004eq,NUV
SN2004fr,FUV
SN2004fr,NUV
SN2004fs,FUV
SN2004fs,NUV
SN2004fv,FUV
SN2004fv,NUV
SN2004gc,NUV
SN2004gi,FUV
SN2004gi,NUV
SN2004gm,NUV
SN2004go,FUV
SN2004go,NUV
SN2004gs,FUV
SN2004gw,FUV
SN2004gw,NUV
SN2004hi,NUV
SN2004hj,FUV
SN2004hj,NUV
SN2004hm,FUV
SN2004hm,NUV
SN2004hq,FUV
SN2004hq,NUV
SN2004hs,FUV
SN2004hs,NUV
SN2004hu,FUV
SN2004hu,NUV
SN2004hw,FUV
SN2004hw,NUV
SN2004hz,FUV
SN2004hz,NUV
SN2004ii,FUV
SN2004ii,NUV
SN2004im,FUV
SN2004im,NUV
SN2004in,FUV
SN2004in,NUV
SN2004J,FUV
SN2004J,NUV
SN2004P,FUV
SN2004P,NUV
SN2004W,FUV
SN2004W,NUV
SN2004Y,NUV
SN2005ah,FUV
SN2005ah,NUV
SN2005al,FUV
SN2005al,NUV
SN2005as,FUV
SN2005as,NUV
SN2005be,NUV
SN2005bg,NUV
SN2005bo,NUV
SN2005cf,FUV
SN2005cf,NUV
SN2005cn,FUV
SN2005cn,NUV
SN2005dc,FUV
SN2005dc,NUV
SN2005de,NUV
SN2005dm,NUV
SN2005ei,FUV
SN2005ei,NUV
SN2005ez,FUV
SN2005ez,NUV
SN2005F,FUV
SN2005F,NUV
SN2005fa,FUV
SN2005fa,NUV
SN2005fc,FUV
SN2005fc,NUV
SN2005fd,FUV
SN2005fj,FUV
SN2005fj,NUV
SN2005fo,FUV
SN2005fo,NUV
SN2005fp,FUV
SN2005fp,NUV
SN2005fs,FUV
SN2005fs,NUV
SN2005fw,FUV
SN2005fw,NUV
SN2005ga,FUV
SN2005ga,NUV
SN2005gb,FUV
SN2005gb,NUV
SN2005gp,FUV
SN2005gp,NUV
SN2005gt,FUV
SN2005gt,NUV
SN2005hn,FUV
SN2005hn,NUV
SN2005hs,FUV
SN2005hs,NUV
SN2005hu,FUV
SN2005hy,FUV
SN2005hy,NUV
SN2005if,FUV
SN2005if,NUV
SN2005ir,FUV
SN2005ir,NUV
SN2005iy,FUV
SN2005iy,NUV
SN2005jd,FUV
SN2005jd,NUV
SN2005jg,FUV
SN2005jg,NUV
SN2005kg,FUV
SN2005kg,NUV
SN2005kp,FUV
SN2005kp,NUV
SN2005ku,FUV
SN2005ku,NUV
SN2005L,FUV
SN2005L,NUV
SN2005ld,FUV
SN2005ld,NUV
SN2005lg,FUV
SN2005lg,NUV
SN2005lm,FUV
SN2005lm,NUV
SN2005mm,FUV
SN2005mm,NUV
SN2005P,NUV
SN2006ac,FUV
SN2006ac,NUV
SN2006al,FUV
SN2006al,NUV
SN2006az,FUV
SN2006az,NUV
SN2006B,FUV
SN2006B,NUV
SN2006cj,FUV
SN2006cj,NUV
SN2006cm,FUV
SN2006cm,NUV
SN2006D,FUV
SN2006ej,FUV
SN2006ej,NUV
SN2006em,NUV
SN2006ew,FUV
SN2006ew,NUV
SN2006ey,FUV
SN2006ey,NUV
SN2006fi,FUV
SN2006fi,NUV
SN2006fy,FUV
SN2006fy,NUV
SN2006fz,FUV
SN2006fz,NUV
SN2006gb,FUV
SN2006gb,NUV
SN2006gm,FUV
SN2006gm,NUV
SN2006gu,FUV
SN2006gu,NUV
SN2006hf,FUV
SN2006hf,NUV
SN2006hj,FUV
SN2006hj,NUV
SN2006hk,FUV
SN2006hk,NUV
SN2006hs,FUV
SN2006hs,NUV
SN2006hw,FUV
SN2006hw,NUV
SN2006hx,FUV
SN2006hx,NUV
SN2006jq,FUV
SN2006jq,NUV
SN2006ke,NUV
SN2006kl,FUV
SN2006kl,NUV
SN2006kw,FUV
SN2006kw,NUV
SN2006lk,FUV
SN2006lk,NUV
SN2006lm,NUV
SN2006lx,FUV
SN2006lx,NUV
SN2006mb,FUV
SN2006mb,NUV
SN2006mc,FUV
SN2006mc,NUV
SN2006me,FUV
SN2006me,NUV
SN2006mf,FUV
SN2006mf,NUV
SN2006mg,FUV
SN2006mg,NUV
SN2006mk,FUV
SN2006mk,NUV
SN2006mv,FUV
SN2006mv,NUV
SN2006ne,FUV
SN2006ne,NUV
SN2006nt,FUV
SN2006nt,NUV
SN2006nw,FUV
SN2006nw,NUV
SN2006ob,FUV
SN2006ob,NUV
SN2006op,FUV
SN2006op,NUV
SN2006pf,FUV
SN2006pf,NUV
SN2006pv,FUV
SN2006pv,NUV
SN2006qi,FUV
SN2006qi,NUV
SN2006ql,FUV
SN2006ql,NUV
SN2006qw,FUV
SN2006qw,NUV
SN2006R,FUV
SN2006R,NUV
SN2006rm,FUV
SN2006rm,NUV
SN2006rr,FUV
SN2006rr,NUV
SN2006rv,FUV
SN2006rv,NUV
SN2006sc,NUV
SN2006se,FUV
SN2006se,NUV
SN2006tc,FUV
SN2006tc,NUV
SN2006te,FUV
SN2006te,NUV
SN2006X,FUV
SN2007af,FUV
SN2007af,NUV
SN2007E,FUV
SN2007E,NUV
SN2007ec,FUV
SN2007ec,NUV
SN2007hb,FUV
SN2007hb,NUV
SN2007hq,NUV
SN2007io,FUV
SN2007io,NUV
SN2007jd,FUV
SN2007jd,NUV
SN2007ji,FUV
SN2007ji,NUV
SN2007kg,NUV
SN2007kt,FUV
SN2007kt,NUV
SN2007mg,FUV
SN2007mg,NUV
SN2007mj,FUV
SN2007mj,NUV
SN2007mn,FUV
SN2007mn,NUV
SN2007ni,FUV
SN2007ni,NUV
SN2007nt,FUV
SN2007nt,NUV
SN2007O,FUV
SN2007O,NUV
SN2007oo,NUV
SN2007ou,FUV
SN2007ou,NUV
SN2007pa,FUV
SN2007pa,NUV
SN2007si,FUV
SN2007si,NUV
SN2007sw,FUV
SN2007sw,NUV
SN2007th,NUV
SN2007ti,NUV
SN2007tj,NUV
SN2007tk,FUV
SN2007tk,NUV
SN2007to,FUV
SN2007to,NUV
SN2008fk,FUV
SN2008fk,NUV
SN2008hs,NUV
SN2008O,NUV
SN2009hw,NUV
SN2010lr,NUV
SNF20071001-012,FUV
SNF20071001-012,NUV
SNLS-03D1aw,FUV
SNLS-03D1aw,NUV
SNLS-03D1ax,FUV
SNLS-03D1ax,NUV
SNLS-03D1bf,FUV
SNLS-03D1bf,NUV
SNLS-03D1bm,FUV
SNLS-03D1bm,NUV
SNLS-03D1cm,FUV
SNLS-03D1cm,NUV
SNLS-03D3ay,NUV
SNLS-03D4at,FUV
SNLS-03D4at,NUV
SNLS-03D4bc,FUV
SNLS-03D4bc,NUV
SNLS-03D4bx,FUV
SNLS-03D4bx,NUV
SNLS-03D4cn,FUV
SNLS-03D4cn,NUV
SNLS-03D4dh,FUV
SNLS-03D4dh,NUV
SNLS-03D4ev,FUV
SNLS-03D4ev,NUV
SNLS-03D4fd,FUV
SNLS-03D4fd,NUV
SNLS-04D1ks,FUV
SNLS-04D1ks,NUV
SNLS-04D2ac,FUV
SNLS-04D2ac,NUV
SNLS-04D2ae,FUV
SNLS-04D2ae,NUV
SNLS-04D2an,FUV
SNLS-04D2an,NUV
SNLS-04D3do,NUV
SNLS-04D3fq,NUV
SNLS-04D3hn,NUV
SNLS-04D3ht,NUV
SNLS-04D3kr,NUV
SNLS-04D3ks,NUV
SNLS-04D3nc,NUV
SNLS-04D3ny,NUV
SNLS-04D4dm,FUV
SNLS-04D4dm,NUV
SNLS-04D4gg,FUV
SNLS-04D4gg,NUV
SNLS-04D4ht,FUV
SNLS-04D4ht,NUV
SNLS-04D4id,FUV
SNLS-04D4id,NUV
SNLS-04D4in,FUV
SNLS-04D4in,NUV
SNLS-04D4jr,FUV
SNLS-04D4jr,NUV
SNLS-04D4jw,FUV
SNLS-04D4jw,NUV
SNLS-04D4jy,FUV
SNLS-04D4jy,NUV
SNLS-05D3cf,NUV
SNLS-05D3gy,NUV
SNLS-05D3hq,NUV
SNLS-05D3mx,NUV
SNLS-05D4be,FUV
SNLS-05D4be,NUV
SNLS-05D4cn,FUV
SNLS-05D4cn,NUV
SNLS-06D4ce,FUV
SNLS-06D4ce,NUV
SNLS-07D3hl,NUV
