Aki,FUV
Aki,NUV
Caleb,NUV
Cayanne,FUV
Cayanne,NUV
CSS091127:094447+083137,NUV
CSS100912:223118+010516,NUV
Eagle,FUV
Eagle,NUV
Emma,NUV
ESSENCEf123,FUV
ESSENCEf123,NUV
ESSENCEg097,FUV
ESSENCEg097,NUV
ESSENCEg142,FUV
ESSENCEg142,NUV
ESSENCEg225,FUV
ESSENCEg225,NUV
ESSENCEg230,FUV
ESSENCEg230,NUV
ESSENCEk411,FUV
ESSENCEk411,NUV
ESSENCEm022,FUV
ESSENCEm022,NUV
ESSENCEm026,FUV
ESSENCEm026,NUV
ESSENCEm027,FUV
ESSENCEm027,NUV
ESSENCEm032,FUV
ESSENCEm032,NUV
ESSENCEm070,FUV
ESSENCEm070,NUV
ESSENCEm075,FUV
ESSENCEm075,NUV
ESSENCEm138,FUV
ESSENCEm138,NUV
ESSENCEm226,NUV
ESSENCEn246,FUV
ESSENCEn246,NUV
ESSENCEn258,NUV
ESSENCEn263,NUV
ESSENCEn285,FUV
ESSENCEn285,NUV
ESSENCEn322,FUV
ESSENCEn322,NUV
ESSENCEp434,FUV
ESSENCEp434,NUV
ESSENCEp445,FUV
ESSENCEp445,NUV
ESSENCEp454,FUV
ESSENCEp454,NUV
ESSENCEp520,FUV
ESSENCEp520,NUV
ESSENCEp527,FUV
ESSENCEp527,NUV
ESSENCEp528,FUV
ESSENCEp528,NUV
ESSENCEp534,FUV
ESSENCEp534,NUV
ESSENCEq002,FUV
ESSENCEq002,NUV
ESSENCEq006,FUV
ESSENCEq006,NUV
ESSENCEq021,FUV
ESSENCEq021,NUV
ESSENCEs354,NUV
ESSENCEx039,FUV
ESSENCEx039,NUV
ESSENCEx093,FUV
ESSENCEx093,NUV
Frida,FUV
Frida,NUV
Gabi,FUV
Gabi,NUV
Hawk,FUV
Hawk,NUV
HST04Man,FUV
HST04Man,NUV
HST04Sas,FUV
HST04Sas,NUV
HST05Dic,FUV
HST05Dic,NUV
HST05Fer,FUV
HST05Fer,NUV
HST05Koe,FUV
HST05Koe,NUV
HST05Lan,FUV
HST05Lan,NUV
McGuire,FUV
McGuire,NUV
MLS110923:040547+191222,NUV
Patuxent,FUV
Patuxent,NUV
PS0909010,NUV
PS1-1000004,NUV
PS1-1000005,NUV
PS1-1000007,NUV
PS1-1000008,NUV
PS1-1000009,NUV
PS1-1000790,NUV
PS1-10acx,NUV
PS1-10aex,NUV
PS1-10afu,NUV
PS1-10bcd,NUV
PS1-10bls,NUV
PS1-10byr,NUV
PS1-10bys,NUV
PS1-10byu,NUV
PS1-10byw,NUV
PS1-10ia,NUV
PS1-10if,NUV
PS1-10ig,NUV
PS1-10im,NUV
PS1-10io,NUV
PS1-10iw,NUV
PS1-10iy,NUV
PS1-10j,NUV
PS1-10ka,NUV
PS1-10m,NUV
PS1-10o,NUV
PS1-10s,NUV
PS1-11aac,NUV
PS1-11at,NUV
PS1-11fi,NUV
PS1-11kk,NUV
PS1-11kl,NUV
PS1-11p,NUV
PS1-11t,NUV
PS1-11w,NUV
PS1-11yj,NUV
PS1-11yu,NUV
PS1-11zu,NUV
PS1-11zw,NUV
PS1-12sf,NUV
PS1-13lo,NUV
PSc000200,NUV
PSc000210,NUV
PSc000418,NUV
PSc000552,NUV
PSc010014,NUV
PSc010055,NUV
PSc020104,NUV
PSc020194,NUV
PSc030007,NUV
PSc030216,NUV
PSc040121,NUV
PSc040139,NUV
PSc040147,NUV
PSc040316,NUV
PSc040318,NUV
PSc040477,NUV
PSc040511,NUV
PSc040512,NUV
PSc040540,NUV
PSc040693,NUV
PSc040783,NUV
PSc050004,NUV
PSc050298,NUV
PSc050617,NUV
PSc050665,NUV
PSc051109,NUV
PSc052136,NUV
PSc060015,NUV
PSc060199,NUV
PSc060238,NUV
PSc060242,NUV
PSc060249,NUV
PSc061190,NUV
PSc061191,NUV
PSc061192,NUV
PSc061197,NUV
PSc070003,NUV
PSc070048,NUV
PSc070054,NUV
PSc070071,NUV
PSc070096,NUV
PSc070175,NUV
PSc070470,NUV
PSc070530,NUV
PSc070567,NUV
PSc070611,NUV
PSc071007,NUV
PSc071011,NUV
PSc071032,NUV
PSc071113,NUV
PSc071245,NUV
PSc080012,NUV
PSc080034,NUV
PSc080064,NUV
PSc080146,NUV
PSc080252,NUV
PSc080261,NUV
PSc080295,NUV
PSc080296,NUV
PSc080343,NUV
PSc080363,NUV
PSc080438,NUV
PSc080554,NUV
PSc080735,NUV
PSc080771,NUV
PSc080772,NUV
PSc090107,NUV
PSc090128,NUV
PSc090196,NUV
PSc090275,NUV
PSc090966,NUV
PSc091739,NUV
PSc100163,NUV
PSc100164,NUV
PSc100206,NUV
PSc100405,NUV
PSc110014,NUV
PSc110476,NUV
PSc110725,NUV
PSc120039,NUV
PSc120111,NUV
PSc120223,NUV
PSc120706,NUV
PSc130145,NUV
PSc130373,NUV
PSc130391,NUV
PSc131031,NUV
PSc140210,NUV
PSc140214,NUV
PSc140229,NUV
PSc140234,NUV
PSc150145,NUV
PSc150210,NUV
PSc150234,NUV
PSc150365,NUV
PSc150379,NUV
PSc150515,NUV
PSc151005,NUV
PSc160028,NUV
PSc160195,NUV
PSc170254,NUV
PSc170285,NUV
PSc170539,NUV
PSc170558,NUV
PSc180255,NUV
PSc180329,NUV
PSc190062,NUV
PSc190230,NUV
PSc190269,NUV
PSc200058,NUV
PSc200132,NUV
PSc210027,NUV
PSc340105,NUV
PSc350213,NUV
PSc370589,NUV
PSc380095,NUV
PSc380204,NUV
PSc380421,NUV
PSc500020,NUV
PSc500043,NUV
PSc500065,NUV
PSc520011,NUV
PSc550031,NUV
PSc580010,NUV
PSc580024,NUV
PSc580072,NUV
PSc590191,NUV
PTF09foz,NUV
PTF10cko,NUV
PTF10feg,NUV
PTF10fxe,NUV
PTF10goq,NUV
PTF10gsp,NUV
PTF10hdm,NUV
PTF10jd,NUV
PTF10mtd,NUV
PTF10qna,NUV
PTF10rbp,NUV
PTF10rgn,NUV
PTF10tqy,NUV
PTF10trp,NUV
PTF10vnu,NUV
PTF10vyv,NUV
PTF10wnt,NUV
PTF10xk,NUV
PTF11dej,NUV
PTF11gdm,NUV
PTF11hfu,NUV
PTF11ilj,NUV
PTF11kjl,NUV
PTF11phm,NUV
PTF11wv,NUV
Rakke,FUV
Rakke,NUV
SCP-06H3,NUV
SDSS-II SN 10036,FUV
SDSS-II SN 10036,NUV
SDSS-II SN 10066,NUV
SDSS-II SN 10113,FUV
SDSS-II SN 10113,NUV
SDSS-II SN 10146,FUV
SDSS-II SN 10146,NUV
SDSS-II SN 10154,FUV
SDSS-II SN 10154,NUV
SDSS-II SN 10450,FUV
SDSS-II SN 10450,NUV
SDSS-II SN 10506,FUV
SDSS-II SN 10506,NUV
SDSS-II SN 10524,FUV
SDSS-II SN 10524,NUV
SDSS-II SN 10559,FUV
SDSS-II SN 10559,NUV
SDSS-II SN 10620,FUV
SDSS-II SN 10620,NUV
SDSS-II SN 11026,FUV
SDSS-II SN 11026,NUV
SDSS-II SN 11098,FUV
SDSS-II SN 11098,NUV
SDSS-II SN 11156,FUV
SDSS-II SN 11156,NUV
SDSS-II SN 11181,FUV
SDSS-II SN 11181,NUV
SDSS-II SN 11305,FUV
SDSS-II SN 11305,NUV
SDSS-II SN 11317,FUV
SDSS-II SN 11317,NUV
SDSS-II SN 11370,FUV
SDSS-II SN 11370,NUV
SDSS-II SN 11518,FUV
SDSS-II SN 11518,NUV
SDSS-II SN 11523,FUV
SDSS-II SN 11523,NUV
SDSS-II SN 1166,FUV
SDSS-II SN 1166,NUV
SDSS-II SN 11771,FUV
SDSS-II SN 11771,NUV
SDSS-II SN 11858,FUV
SDSS-II SN 11858,NUV
SDSS-II SN 12076,FUV
SDSS-II SN 12076,NUV
SDSS-II SN 12213,FUV
SDSS-II SN 12213,NUV
SDSS-II SN 12804,FUV
SDSS-II SN 12804,NUV
SDSS-II SN 1282,FUV
SDSS-II SN 1282,NUV
SDSS-II SN 12852,NUV
SDSS-II SN 12875,FUV
SDSS-II SN 12875,NUV
SDSS-II SN 12941,FUV
SDSS-II SN 12941,NUV
SDSS-II SN 12947,NUV
SDSS-II SN 12974,FUV
SDSS-II SN 12974,NUV
SDSS-II SN 12978,FUV
SDSS-II SN 12978,NUV
SDSS-II SN 13009,FUV
SDSS-II SN 13009,NUV
SDSS-II SN 1302,FUV
SDSS-II SN 1302,NUV
SDSS-II SN 13066,FUV
SDSS-II SN 13066,NUV
SDSS-II SN 13079,FUV
SDSS-II SN 13079,NUV
SDSS-II SN 13101,FUV
SDSS-II SN 13101,NUV
SDSS-II SN 13108,FUV
SDSS-II SN 13108,NUV
SDSS-II SN 13168,FUV
SDSS-II SN 13168,NUV
SDSS-II SN 13302,FUV
SDSS-II SN 13302,NUV
SDSS-II SN 13303,FUV
SDSS-II SN 13303,NUV
SDSS-II SN 13333,FUV
SDSS-II SN 13333,NUV
SDSS-II SN 13339,FUV
SDSS-II SN 13339,NUV
SDSS-II SN 13378,FUV
SDSS-II SN 13378,NUV
SDSS-II SN 13393,FUV
SDSS-II SN 13393,NUV
SDSS-II SN 13411,FUV
SDSS-II SN 13411,NUV
SDSS-II SN 13452,FUV
SDSS-II SN 13452,NUV
SDSS-II SN 13465,FUV
SDSS-II SN 13465,NUV
SDSS-II SN 13476,FUV
SDSS-II SN 13476,NUV
SDSS-II SN 13479,FUV
SDSS-II SN 13479,NUV
SDSS-II SN 13497,FUV
SDSS-II SN 13497,NUV
SDSS-II SN 13507,FUV
SDSS-II SN 13507,NUV
SDSS-II SN 13520,FUV
SDSS-II SN 13529,FUV
SDSS-II SN 13529,NUV
SDSS-II SN 13558,FUV
SDSS-II SN 13558,NUV
SDSS-II SN 13590,FUV
SDSS-II SN 13590,NUV
SDSS-II SN 13615,FUV
SDSS-II SN 13615,NUV
SDSS-II SN 13646,FUV
SDSS-II SN 13646,NUV
SDSS-II SN 13729,FUV
SDSS-II SN 13729,NUV
SDSS-II SN 13732,FUV
SDSS-II SN 13732,NUV
SDSS-II SN 13734,FUV
SDSS-II SN 13734,NUV
SDSS-II SN 13737,NUV
SDSS-II SN 1378,FUV
SDSS-II SN 1378,NUV
SDSS-II SN 13786,FUV
SDSS-II SN 13786,NUV
SDSS-II SN 13807,FUV
SDSS-II SN 13807,NUV
SDSS-II SN 13813,FUV
SDSS-II SN 13813,NUV
SDSS-II SN 13833,FUV
SDSS-II SN 13833,NUV
SDSS-II SN 13834,FUV
SDSS-II SN 13834,NUV
SDSS-II SN 13839,NUV
SDSS-II SN 13843,FUV
SDSS-II SN 13843,NUV
SDSS-II SN 1385,FUV
SDSS-II SN 1385,NUV
SDSS-II SN 13859,FUV
SDSS-II SN 13859,NUV
SDSS-II SN 13864,FUV
SDSS-II SN 13864,NUV
SDSS-II SN 13896,FUV
SDSS-II SN 13896,NUV
SDSS-II SN 13901,FUV
SDSS-II SN 13901,NUV
SDSS-II SN 13902,FUV
SDSS-II SN 13902,NUV
SDSS-II SN 13903,FUV
SDSS-II SN 13903,NUV
SDSS-II SN 13907,FUV
SDSS-II SN 13907,NUV
SDSS-II SN 13908,FUV
SDSS-II SN 13908,NUV
SDSS-II SN 13909,FUV
SDSS-II SN 13909,NUV
SDSS-II SN 13942,FUV
SDSS-II SN 13942,NUV
SDSS-II SN 1403,FUV
SDSS-II SN 1403,NUV
SDSS-II SN 14035,FUV
SDSS-II SN 14035,NUV
SDSS-II SN 14046,FUV
SDSS-II SN 14046,NUV
SDSS-II SN 14074,FUV
SDSS-II SN 14074,NUV
SDSS-II SN 14090,FUV
SDSS-II SN 14090,NUV
SDSS-II SN 14126,FUV
SDSS-II SN 14126,NUV
SDSS-II SN 14137,FUV
SDSS-II SN 14137,NUV
SDSS-II SN 14141,FUV
SDSS-II SN 14141,NUV
SDSS-II SN 1415,FUV
SDSS-II SN 1415,NUV
SDSS-II SN 14169,FUV
SDSS-II SN 14169,NUV
SDSS-II SN 14205,FUV
SDSS-II SN 14205,NUV
SDSS-II SN 14223,FUV
SDSS-II SN 14223,NUV
SDSS-II SN 14227,NUV
SDSS-II SN 14231,FUV
SDSS-II SN 14231,NUV
SDSS-II SN 14250,FUV
SDSS-II SN 14250,NUV
SDSS-II SN 14258,FUV
SDSS-II SN 14258,NUV
SDSS-II SN 14305,NUV
SDSS-II SN 14308,FUV
SDSS-II SN 14308,NUV
SDSS-II SN 14317,FUV
SDSS-II SN 14317,NUV
SDSS-II SN 14322,FUV
SDSS-II SN 14322,NUV
SDSS-II SN 14330,FUV
SDSS-II SN 14330,NUV
SDSS-II SN 14333,FUV
SDSS-II SN 14333,NUV
SDSS-II SN 14343,FUV
SDSS-II SN 14343,NUV
SDSS-II SN 14346,FUV
SDSS-II SN 14346,NUV
SDSS-II SN 14347,FUV
SDSS-II SN 14347,NUV
SDSS-II SN 14361,FUV
SDSS-II SN 14361,NUV
SDSS-II SN 14372,FUV
SDSS-II SN 14372,NUV
SDSS-II SN 14389,FUV
SDSS-II SN 14389,NUV
SDSS-II SN 14403,FUV
SDSS-II SN 14403,NUV
SDSS-II SN 14425,FUV
SDSS-II SN 14425,NUV
SDSS-II SN 14438,FUV
SDSS-II SN 14438,NUV
SDSS-II SN 14445,FUV
SDSS-II SN 14445,NUV
SDSS-II SN 14470,FUV
SDSS-II SN 14470,NUV
SDSS-II SN 14480,FUV
SDSS-II SN 14480,NUV
SDSS-II SN 14498,FUV
SDSS-II SN 14498,NUV
SDSS-II SN 14500,FUV
SDSS-II SN 14500,NUV
SDSS-II SN 14505,FUV
SDSS-II SN 14505,NUV
SDSS-II SN 14523,FUV
SDSS-II SN 14523,NUV
SDSS-II SN 14524,FUV
SDSS-II SN 14524,NUV
SDSS-II SN 14579,FUV
SDSS-II SN 14579,NUV
SDSS-II SN 14619,FUV
SDSS-II SN 14619,NUV
SDSS-II SN 14624,FUV
SDSS-II SN 14649,FUV
SDSS-II SN 14649,NUV
SDSS-II SN 14654,FUV
SDSS-II SN 14654,NUV
SDSS-II SN 14675,FUV
SDSS-II SN 14675,NUV
SDSS-II SN 14742,FUV
SDSS-II SN 14742,NUV
SDSS-II SN 14771,FUV
SDSS-II SN 14771,NUV
SDSS-II SN 1478,FUV
SDSS-II SN 1478,NUV
SDSS-II SN 14784,FUV
SDSS-II SN 14784,NUV
SDSS-II SN 14786,FUV
SDSS-II SN 14786,NUV
SDSS-II SN 14790,NUV
SDSS-II SN 14809,FUV
SDSS-II SN 14809,NUV
SDSS-II SN 14831,FUV
SDSS-II SN 14831,NUV
SDSS-II SN 14845,FUV
SDSS-II SN 14845,NUV
SDSS-II SN 14858,FUV
SDSS-II SN 14858,NUV
SDSS-II SN 14883,FUV
SDSS-II SN 14883,NUV
SDSS-II SN 14900,FUV
SDSS-II SN 14900,NUV
SDSS-II SN 14951,FUV
SDSS-II SN 14951,NUV
SDSS-II SN 14963,FUV
SDSS-II SN 14963,NUV
SDSS-II SN 14972,FUV
SDSS-II SN 14972,NUV
SDSS-II SN 15003,FUV
SDSS-II SN 15003,NUV
SDSS-II SN 15006,FUV
SDSS-II SN 15006,NUV
SDSS-II SN 15008,FUV
SDSS-II SN 15008,NUV
SDSS-II SN 15041,FUV
SDSS-II SN 15041,NUV
SDSS-II SN 15053,FUV
SDSS-II SN 15053,NUV
SDSS-II SN 15074,FUV
SDSS-II SN 15074,NUV
SDSS-II SN 15075,FUV
SDSS-II SN 15075,NUV
SDSS-II SN 15080,FUV
SDSS-II SN 15080,NUV
SDSS-II SN 15085,FUV
SDSS-II SN 15085,NUV
SDSS-II SN 15108,FUV
SDSS-II SN 15108,NUV
SDSS-II SN 15116,FUV
SDSS-II SN 15116,NUV
SDSS-II SN 15160,FUV
SDSS-II SN 15160,NUV
SDSS-II SN 15198,FUV
SDSS-II SN 15198,NUV
SDSS-II SN 15239,FUV
SDSS-II SN 15239,NUV
SDSS-II SN 15255,FUV
SDSS-II SN 15255,NUV
SDSS-II SN 15263,FUV
SDSS-II SN 15263,NUV
SDSS-II SN 15272,FUV
SDSS-II SN 15272,NUV
SDSS-II SN 15291,NUV
SDSS-II SN 15294,FUV
SDSS-II SN 15294,NUV
SDSS-II SN 15309,FUV
SDSS-II SN 15309,NUV
SDSS-II SN 15314,NUV
SDSS-II SN 15324,FUV
SDSS-II SN 15324,NUV
SDSS-II SN 15353,FUV
SDSS-II SN 15353,NUV
SDSS-II SN 15359,FUV
SDSS-II SN 15359,NUV
SDSS-II SN 15370,FUV
SDSS-II SN 15370,NUV
SDSS-II SN 15401,FUV
SDSS-II SN 15401,NUV
SDSS-II SN 15417,FUV
SDSS-II SN 15417,NUV
SDSS-II SN 15418,FUV
SDSS-II SN 15418,NUV
SDSS-II SN 15419,FUV
SDSS-II SN 15419,NUV
SDSS-II SN 15422,FUV
SDSS-II SN 15422,NUV
SDSS-II SN 15455,FUV
SDSS-II SN 15455,NUV
SDSS-II SN 15467,FUV
SDSS-II SN 15467,NUV
SDSS-II SN 15470,FUV
SDSS-II SN 15470,NUV
SDSS-II SN 15496,FUV
SDSS-II SN 15496,NUV
SDSS-II SN 15525,FUV
SDSS-II SN 15525,NUV
SDSS-II SN 15535,FUV
SDSS-II SN 15535,NUV
SDSS-II SN 15549,FUV
SDSS-II SN 15549,NUV
SDSS-II SN 15569,FUV
SDSS-II SN 15569,NUV
SDSS-II SN 15587,FUV
SDSS-II SN 15587,NUV
SDSS-II SN 15603,FUV
SDSS-II SN 15603,NUV
SDSS-II SN 15618,FUV
SDSS-II SN 15618,NUV
SDSS-II SN 15624,FUV
SDSS-II SN 15624,NUV
SDSS-II SN 15650,NUV
SDSS-II SN 15655,FUV
SDSS-II SN 15655,NUV
SDSS-II SN 15697,NUV
SDSS-II SN 15725,FUV
SDSS-II SN 15725,NUV
SDSS-II SN 15726,FUV
SDSS-II SN 15726,NUV
SDSS-II SN 15727,FUV
SDSS-II SN 15727,NUV
SDSS-II SN 15730,FUV
SDSS-II SN 15730,NUV
SDSS-II SN 15737,FUV
SDSS-II SN 15737,NUV
SDSS-II SN 15741,FUV
SDSS-II SN 15741,NUV
SDSS-II SN 15748,FUV
SDSS-II SN 15748,NUV
SDSS-II SN 15751,FUV
SDSS-II SN 15751,NUV
SDSS-II SN 15755,FUV
SDSS-II SN 15755,NUV
SDSS-II SN 15759,FUV
SDSS-II SN 15759,NUV
SDSS-II SN 15761,FUV
SDSS-II SN 15761,NUV
SDSS-II SN 15765,FUV
SDSS-II SN 15765,NUV
SDSS-II SN 15779,FUV
SDSS-II SN 15779,NUV
SDSS-II SN 15803,FUV
SDSS-II SN 15803,NUV
SDSS-II SN 15805,FUV
SDSS-II SN 15805,NUV
SDSS-II SN 15806,FUV
SDSS-II SN 15806,NUV
SDSS-II SN 15814,FUV
SDSS-II SN 15814,NUV
SDSS-II SN 15817,FUV
SDSS-II SN 15817,NUV
SDSS-II SN 15822,NUV
SDSS-II SN 15823,NUV
SDSS-II SN 15850,FUV
SDSS-II SN 15850,NUV
SDSS-II SN 15860,FUV
SDSS-II SN 15860,NUV
SDSS-II SN 15865,FUV
SDSS-II SN 15865,NUV
SDSS-II SN 15866,NUV
SDSS-II SN 15903,FUV
SDSS-II SN 15903,NUV
SDSS-II SN 15916,FUV
SDSS-II SN 15916,NUV
SDSS-II SN 15929,FUV
SDSS-II SN 15929,NUV
SDSS-II SN 15935,FUV
SDSS-II SN 15935,NUV
SDSS-II SN 15944,FUV
SDSS-II SN 15944,NUV
SDSS-II SN 15945,FUV
SDSS-II SN 15945,NUV
SDSS-II SN 15946,FUV
SDSS-II SN 15946,NUV
SDSS-II SN 15953,FUV
SDSS-II SN 15953,NUV
SDSS-II SN 15955,FUV
SDSS-II SN 15955,NUV
SDSS-II SN 15961,FUV
SDSS-II SN 15961,NUV
SDSS-II SN 15967,FUV
SDSS-II SN 15967,NUV
SDSS-II SN 15973,FUV
SDSS-II SN 15973,NUV
SDSS-II SN 15992,FUV
SDSS-II SN 15992,NUV
SDSS-II SN 15994,FUV
SDSS-II SN 15994,NUV
SDSS-II SN 16001,FUV
SDSS-II SN 16001,NUV
SDSS-II SN 16015,FUV
SDSS-II SN 16015,NUV
SDSS-II SN 16039,FUV
SDSS-II SN 16039,NUV
SDSS-II SN 16044,NUV
SDSS-II SN 16054,NUV
SDSS-II SN 16094,FUV
SDSS-II SN 16094,NUV
SDSS-II SN 16104,FUV
SDSS-II SN 16104,NUV
SDSS-II SN 16111,FUV
SDSS-II SN 16111,NUV
SDSS-II SN 16121,NUV
SDSS-II SN 16125,FUV
SDSS-II SN 16125,NUV
SDSS-II SN 16129,FUV
SDSS-II SN 16129,NUV
SDSS-II SN 16130,FUV
SDSS-II SN 16130,NUV
SDSS-II SN 16136,FUV
SDSS-II SN 16136,NUV
SDSS-II SN 16142,FUV
SDSS-II SN 16142,NUV
SDSS-II SN 16148,FUV
SDSS-II SN 16148,NUV
SDSS-II SN 16153,FUV
SDSS-II SN 16153,NUV
SDSS-II SN 16163,FUV
SDSS-II SN 16163,NUV
SDSS-II SN 16172,FUV
SDSS-II SN 16172,NUV
SDSS-II SN 16199,FUV
SDSS-II SN 16199,NUV
SDSS-II SN 16202,FUV
SDSS-II SN 16202,NUV
SDSS-II SN 16237,FUV
SDSS-II SN 16237,NUV
SDSS-II SN 16238,FUV
SDSS-II SN 16238,NUV
SDSS-II SN 16298,FUV
SDSS-II SN 16298,NUV
SDSS-II SN 16301,FUV
SDSS-II SN 16301,NUV
SDSS-II SN 16302,FUV
SDSS-II SN 16302,NUV
SDSS-II SN 16356,FUV
SDSS-II SN 16356,NUV
SDSS-II SN 16360,FUV
SDSS-II SN 16360,NUV
SDSS-II SN 16393,FUV
SDSS-II SN 16393,NUV
SDSS-II SN 16405,FUV
SDSS-II SN 16405,NUV
SDSS-II SN 16433,FUV
SDSS-II SN 16433,NUV
SDSS-II SN 16434,FUV
SDSS-II SN 16434,NUV
SDSS-II SN 16441,FUV
SDSS-II SN 16441,NUV
SDSS-II SN 16451,FUV
SDSS-II SN 16451,NUV
SDSS-II SN 16455,FUV
SDSS-II SN 16455,NUV
SDSS-II SN 16460,FUV
SDSS-II SN 16460,NUV
SDSS-II SN 16462,FUV
SDSS-II SN 16462,NUV
SDSS-II SN 16467,FUV
SDSS-II SN 16467,NUV
SDSS-II SN 16468,FUV
SDSS-II SN 16468,NUV
SDSS-II SN 16472,FUV
SDSS-II SN 16472,NUV
SDSS-II SN 1650,FUV
SDSS-II SN 1650,NUV
SDSS-II SN 16547,FUV
SDSS-II SN 16547,NUV
SDSS-II SN 16551,FUV
SDSS-II SN 16551,NUV
SDSS-II SN 16572,FUV
SDSS-II SN 16572,NUV
SDSS-II SN 16582,FUV
SDSS-II SN 16582,NUV
SDSS-II SN 16586,FUV
SDSS-II SN 16586,NUV
SDSS-II SN 16606,FUV
SDSS-II SN 16606,NUV
SDSS-II SN 16637,FUV
SDSS-II SN 16637,NUV
SDSS-II SN 16652,FUV
SDSS-II SN 16652,NUV
SDSS-II SN 16715,FUV
SDSS-II SN 16715,NUV
SDSS-II SN 16721,NUV
SDSS-II SN 16724,FUV
SDSS-II SN 16724,NUV
SDSS-II SN 16831,NUV
SDSS-II SN 16841,FUV
SDSS-II SN 16841,NUV
SDSS-II SN 1686,FUV
SDSS-II SN 1686,NUV
SDSS-II SN 16878,FUV
SDSS-II SN 16878,NUV
SDSS-II SN 16879,FUV
SDSS-II SN 16879,NUV
SDSS-II SN 16945,FUV
SDSS-II SN 16945,NUV
SDSS-II SN 16950,FUV
SDSS-II SN 16950,NUV
SDSS-II SN 16975,FUV
SDSS-II SN 16975,NUV
SDSS-II SN 16976,FUV
SDSS-II SN 16976,NUV
SDSS-II SN 17068,FUV
SDSS-II SN 17068,NUV
SDSS-II SN 17169,FUV
SDSS-II SN 17169,NUV
SDSS-II SN 17191,FUV
SDSS-II SN 17191,NUV
SDSS-II SN 17205,FUV
SDSS-II SN 17205,NUV
SDSS-II SN 17206,FUV
SDSS-II SN 17206,NUV
SDSS-II SN 17219,FUV
SDSS-II SN 17219,NUV
SDSS-II SN 17337,FUV
SDSS-II SN 17337,NUV
SDSS-II SN 17372,FUV
SDSS-II SN 17372,NUV
SDSS-II SN 17395,FUV
SDSS-II SN 17395,NUV
SDSS-II SN 1740,FUV
SDSS-II SN 1740,NUV
SDSS-II SN 17421,FUV
SDSS-II SN 17421,NUV
SDSS-II SN 17423,FUV
SDSS-II SN 17423,NUV
SDSS-II SN 17433,FUV
SDSS-II SN 17433,NUV
SDSS-II SN 1750,FUV
SDSS-II SN 1750,NUV
SDSS-II SN 17508,FUV
SDSS-II SN 17508,NUV
SDSS-II SN 17527,FUV
SDSS-II SN 17527,NUV
SDSS-II SN 17542,FUV
SDSS-II SN 17542,NUV
SDSS-II SN 17577,FUV
SDSS-II SN 17577,NUV
SDSS-II SN 17641,FUV
SDSS-II SN 17641,NUV
SDSS-II SN 17647,FUV
SDSS-II SN 17647,NUV
SDSS-II SN 17667,FUV
SDSS-II SN 17667,NUV
SDSS-II SN 17692,FUV
SDSS-II SN 17692,NUV
SDSS-II SN 17716,FUV
SDSS-II SN 17716,NUV
SDSS-II SN 17737,FUV
SDSS-II SN 17737,NUV
SDSS-II SN 17743,FUV
SDSS-II SN 17743,NUV
SDSS-II SN 17748,FUV
SDSS-II SN 17748,NUV
SDSS-II SN 17803,NUV
SDSS-II SN 17816,FUV
SDSS-II SN 17816,NUV
SDSS-II SN 17820,FUV
SDSS-II SN 17820,NUV
SDSS-II SN 17829,FUV
SDSS-II SN 17829,NUV
SDSS-II SN 1783,NUV
SDSS-II SN 17835,FUV
SDSS-II SN 17835,NUV
SDSS-II SN 17851,FUV
SDSS-II SN 17851,NUV
SDSS-II SN 17902,FUV
SDSS-II SN 17902,NUV
SDSS-II SN 17906,FUV
SDSS-II SN 17906,NUV
SDSS-II SN 17915,FUV
SDSS-II SN 17915,NUV
SDSS-II SN 17925,FUV
SDSS-II SN 17925,NUV
SDSS-II SN 17928,FUV
SDSS-II SN 17928,NUV
SDSS-II SN 17934,FUV
SDSS-II SN 17934,NUV
SDSS-II SN 17945,FUV
SDSS-II SN 17945,NUV
SDSS-II SN 17949,FUV
SDSS-II SN 17949,NUV
SDSS-II SN 17965,FUV
SDSS-II SN 17965,NUV
SDSS-II SN 17967,FUV
SDSS-II SN 17967,NUV
SDSS-II SN 17976,FUV
SDSS-II SN 17976,NUV
SDSS-II SN 17999,FUV
SDSS-II SN 17999,NUV
SDSS-II SN 18034,FUV
SDSS-II SN 18034,NUV
SDSS-II SN 18038,FUV
SDSS-II SN 18038,NUV
SDSS-II SN 18047,FUV
SDSS-II SN 18047,NUV
SDSS-II SN 18049,FUV
SDSS-II SN 18049,NUV
SDSS-II SN 18100,NUV
SDSS-II SN 18116,FUV
SDSS-II SN 18116,NUV
SDSS-II SN 18129,FUV
SDSS-II SN 18129,NUV
SDSS-II SN 18146,FUV
SDSS-II SN 18146,NUV
SDSS-II SN 18175,FUV
SDSS-II SN 18175,NUV
SDSS-II SN 18182,FUV
SDSS-II SN 18182,NUV
SDSS-II SN 18188,FUV
SDSS-II SN 18188,NUV
SDSS-II SN 18218,FUV
SDSS-II SN 18218,NUV
SDSS-II SN 18221,FUV
SDSS-II SN 18221,NUV
SDSS-II SN 18224,FUV
SDSS-II SN 18224,NUV
SDSS-II SN 1823,FUV
SDSS-II SN 1823,NUV
SDSS-II SN 18253,FUV
SDSS-II SN 18253,NUV
SDSS-II SN 18254,FUV
SDSS-II SN 18254,NUV
SDSS-II SN 18256,FUV
SDSS-II SN 18256,NUV
SDSS-II SN 18275,FUV
SDSS-II SN 18275,NUV
SDSS-II SN 18276,FUV
SDSS-II SN 18276,NUV
SDSS-II SN 18301,FUV
SDSS-II SN 18301,NUV
SDSS-II SN 18304,FUV
SDSS-II SN 18304,NUV
SDSS-II SN 18339,FUV
SDSS-II SN 18339,NUV
SDSS-II SN 1835,FUV
SDSS-II SN 1835,NUV
SDSS-II SN 18362,FUV
SDSS-II SN 18362,NUV
SDSS-II SN 18374,FUV
SDSS-II SN 18374,NUV
SDSS-II SN 18380,FUV
SDSS-II SN 18430,FUV
SDSS-II SN 18430,NUV
SDSS-II SN 18454,FUV
SDSS-II SN 18454,NUV
SDSS-II SN 18459,FUV
SDSS-II SN 18459,NUV
SDSS-II SN 18468,FUV
SDSS-II SN 18468,NUV
SDSS-II SN 18473,FUV
SDSS-II SN 18473,NUV
SDSS-II SN 1858,FUV
SDSS-II SN 1858,NUV
SDSS-II SN 18630,FUV
SDSS-II SN 18630,NUV
SDSS-II SN 18666,FUV
SDSS-II SN 18666,NUV
SDSS-II SN 18704,FUV
SDSS-II SN 18704,NUV
SDSS-II SN 18722,FUV
SDSS-II SN 18722,NUV
SDSS-II SN 18747,FUV
SDSS-II SN 18747,NUV
SDSS-II SN 18767,FUV
SDSS-II SN 18767,NUV
SDSS-II SN 18789,FUV
SDSS-II SN 18789,NUV
SDSS-II SN 18797,FUV
SDSS-II SN 18797,NUV
SDSS-II SN 18802,FUV
SDSS-II SN 18802,NUV
SDSS-II SN 18803,FUV
SDSS-II SN 18803,NUV
SDSS-II SN 18917,FUV
SDSS-II SN 18917,NUV
SDSS-II SN 18920,FUV
SDSS-II SN 18920,NUV
SDSS-II SN 18941,FUV
SDSS-II SN 18941,NUV
SDSS-II SN 18947,FUV
SDSS-II SN 18947,NUV
SDSS-II SN 18948,FUV
SDSS-II SN 18948,NUV
SDSS-II SN 18952,FUV
SDSS-II SN 18952,NUV
SDSS-II SN 18953,FUV
SDSS-II SN 18953,NUV
SDSS-II SN 18973,FUV
SDSS-II SN 18973,NUV
SDSS-II SN 18993,FUV
SDSS-II SN 18993,NUV
SDSS-II SN 19014,FUV
SDSS-II SN 19014,NUV
SDSS-II SN 19032,FUV
SDSS-II SN 19032,NUV
SDSS-II SN 19052,FUV
SDSS-II SN 19052,NUV
SDSS-II SN 19059,FUV
SDSS-II SN 19059,NUV
SDSS-II SN 19065,FUV
SDSS-II SN 19065,NUV
SDSS-II SN 19068,FUV
SDSS-II SN 19068,NUV
SDSS-II SN 19078,FUV
SDSS-II SN 19078,NUV
SDSS-II SN 19099,FUV
SDSS-II SN 19099,NUV
SDSS-II SN 19104,FUV
SDSS-II SN 19104,NUV
SDSS-II SN 19132,FUV
SDSS-II SN 19132,NUV
SDSS-II SN 19140,FUV
SDSS-II SN 19140,NUV
SDSS-II SN 19144,FUV
SDSS-II SN 19144,NUV
SDSS-II SN 19165,FUV
SDSS-II SN 19165,NUV
SDSS-II SN 19188,NUV
SDSS-II SN 19200,FUV
SDSS-II SN 19200,NUV
SDSS-II SN 19209,FUV
SDSS-II SN 19209,NUV
SDSS-II SN 19246,FUV
SDSS-II SN 19246,NUV
SDSS-II SN 19308,FUV
SDSS-II SN 19308,NUV
SDSS-II SN 19332,FUV
SDSS-II SN 19332,NUV
SDSS-II SN 19335,FUV
SDSS-II SN 19335,NUV
SDSS-II SN 19336,FUV
SDSS-II SN 19336,NUV
SDSS-II SN 19338,FUV
SDSS-II SN 19338,NUV
SDSS-II SN 19344,FUV
SDSS-II SN 19344,NUV
SDSS-II SN 19346,NUV
SDSS-II SN 19359,FUV
SDSS-II SN 19359,NUV
SDSS-II SN 19377,FUV
SDSS-II SN 19377,NUV
SDSS-II SN 19399,FUV
SDSS-II SN 19399,NUV
SDSS-II SN 19408,FUV
SDSS-II SN 19408,NUV
SDSS-II SN 19417,FUV
SDSS-II SN 19417,NUV
SDSS-II SN 19467,NUV
SDSS-II SN 19468,FUV
SDSS-II SN 19468,NUV
SDSS-II SN 19494,FUV
SDSS-II SN 19494,NUV
SDSS-II SN 19517,FUV
SDSS-II SN 19517,NUV
SDSS-II SN 19525,FUV
SDSS-II SN 19525,NUV
SDSS-II SN 19549,FUV
SDSS-II SN 19549,NUV
SDSS-II SN 19552,FUV
SDSS-II SN 19552,NUV
SDSS-II SN 19555,FUV
SDSS-II SN 19555,NUV
SDSS-II SN 19573,FUV
SDSS-II SN 19573,NUV
SDSS-II SN 1958,FUV
SDSS-II SN 1958,NUV
SDSS-II SN 19582,FUV
SDSS-II SN 19582,NUV
SDSS-II SN 19599,FUV
SDSS-II SN 19599,NUV
SDSS-II SN 19608,FUV
SDSS-II SN 19608,NUV
SDSS-II SN 19668,FUV
SDSS-II SN 19668,NUV
SDSS-II SN 19689,FUV
SDSS-II SN 19689,NUV
SDSS-II SN 19758,FUV
SDSS-II SN 19758,NUV
SDSS-II SN 19764,FUV
SDSS-II SN 19764,NUV
SDSS-II SN 19769,FUV
SDSS-II SN 19769,NUV
SDSS-II SN 19776,FUV
SDSS-II SN 19776,NUV
SDSS-II SN 1979,FUV
SDSS-II SN 1979,NUV
SDSS-II SN 19791,FUV
SDSS-II SN 19791,NUV
SDSS-II SN 19821,FUV
SDSS-II SN 19821,NUV
SDSS-II SN 19825,FUV
SDSS-II SN 19825,NUV
SDSS-II SN 19986,NUV
SDSS-II SN 19987,FUV
SDSS-II SN 19987,NUV
SDSS-II SN 20043,FUV
SDSS-II SN 20043,NUV
SDSS-II SN 20046,FUV
SDSS-II SN 20046,NUV
SDSS-II SN 20047,FUV
SDSS-II SN 20047,NUV
SDSS-II SN 20141,FUV
SDSS-II SN 20141,NUV
SDSS-II SN 20152,FUV
SDSS-II SN 20152,NUV
SDSS-II SN 20232,FUV
SDSS-II SN 20232,NUV
SDSS-II SN 20257,FUV
SDSS-II SN 20257,NUV
SDSS-II SN 20262,FUV
SDSS-II SN 20262,NUV
SDSS-II SN 20267,FUV
SDSS-II SN 20267,NUV
SDSS-II SN 20300,FUV
SDSS-II SN 20300,NUV
SDSS-II SN 20336,FUV
SDSS-II SN 20336,NUV
SDSS-II SN 20400,FUV
SDSS-II SN 20400,NUV
SDSS-II SN 20405,FUV
SDSS-II SN 20405,NUV
SDSS-II SN 20431,FUV
SDSS-II SN 20431,NUV
SDSS-II SN 20435,FUV
SDSS-II SN 20435,NUV
SDSS-II SN 20467,FUV
SDSS-II SN 20467,NUV
SDSS-II SN 20491,FUV
SDSS-II SN 20491,NUV
SDSS-II SN 20501,FUV
SDSS-II SN 20501,NUV
SDSS-II SN 20514,FUV
SDSS-II SN 20514,NUV
SDSS-II SN 20541,FUV
SDSS-II SN 20541,NUV
SDSS-II SN 20545,FUV
SDSS-II SN 20545,NUV
SDSS-II SN 20553,FUV
SDSS-II SN 20553,NUV
SDSS-II SN 20572,NUV
SDSS-II SN 20578,FUV
SDSS-II SN 20578,NUV
SDSS-II SN 20588,FUV
SDSS-II SN 20588,NUV
SDSS-II SN 20590,FUV
SDSS-II SN 20590,NUV
SDSS-II SN 20591,FUV
SDSS-II SN 20591,NUV
SDSS-II SN 20592,FUV
SDSS-II SN 20592,NUV
SDSS-II SN 20596,FUV
SDSS-II SN 20596,NUV
SDSS-II SN 20601,FUV
SDSS-II SN 20601,NUV
SDSS-II SN 20619,NUV
SDSS-II SN 20624,FUV
SDSS-II SN 20624,NUV
SDSS-II SN 20678,FUV
SDSS-II SN 20678,NUV
SDSS-II SN 20690,FUV
SDSS-II SN 20690,NUV
SDSS-II SN 20719,FUV
SDSS-II SN 20719,NUV
SDSS-II SN 20721,FUV
SDSS-II SN 20721,NUV
SDSS-II SN 20722,FUV
SDSS-II SN 20722,NUV
SDSS-II SN 20727,FUV
SDSS-II SN 20727,NUV
SDSS-II SN 20745,FUV
SDSS-II SN 20745,NUV
SDSS-II SN 20750,FUV
SDSS-II SN 20750,NUV
SDSS-II SN 20759,FUV
SDSS-II SN 20759,NUV
SDSS-II SN 20787,FUV
SDSS-II SN 20787,NUV
SDSS-II SN 20805,FUV
SDSS-II SN 20805,NUV
SDSS-II SN 20825,FUV
SDSS-II SN 20825,NUV
SDSS-II SN 20828,FUV
SDSS-II SN 20828,NUV
SDSS-II SN 20830,FUV
SDSS-II SN 20830,NUV
SDSS-II SN 20877,FUV
SDSS-II SN 20877,NUV
SDSS-II SN 20891,FUV
SDSS-II SN 20891,NUV
SDSS-II SN 20896,FUV
SDSS-II SN 20896,NUV
SDSS-II SN 20916,FUV
SDSS-II SN 20916,NUV
SDSS-II SN 20917,FUV
SDSS-II SN 20917,NUV
SDSS-II SN 20923,FUV
SDSS-II SN 20923,NUV
SDSS-II SN 20932,FUV
SDSS-II SN 20932,NUV
SDSS-II SN 20936,FUV
SDSS-II SN 20936,NUV
SDSS-II SN 20953,NUV
SDSS-II SN 20961,FUV
SDSS-II SN 20961,NUV
SDSS-II SN 20969,FUV
SDSS-II SN 20969,NUV
SDSS-II SN 20971,FUV
SDSS-II SN 20971,NUV
SDSS-II SN 20998,NUV
SDSS-II SN 21001,FUV
SDSS-II SN 21001,NUV
SDSS-II SN 21013,FUV
SDSS-II SN 21013,NUV
SDSS-II SN 21015,FUV
SDSS-II SN 21015,NUV
SDSS-II SN 21019,FUV
SDSS-II SN 21019,NUV
SDSS-II SN 21023,FUV
SDSS-II SN 21023,NUV
SDSS-II SN 21027,NUV
SDSS-II SN 21060,NUV
SDSS-II SN 21069,FUV
SDSS-II SN 21069,NUV
SDSS-II SN 21161,NUV
SDSS-II SN 21185,FUV
SDSS-II SN 21185,NUV
SDSS-II SN 21306,FUV
SDSS-II SN 21306,NUV
SDSS-II SN 21307,FUV
SDSS-II SN 21307,NUV
SDSS-II SN 21347,FUV
SDSS-II SN 21347,NUV
SDSS-II SN 21381,FUV
SDSS-II SN 21381,NUV
SDSS-II SN 21388,FUV
SDSS-II SN 21388,NUV
SDSS-II SN 21389,FUV
SDSS-II SN 21389,NUV
SDSS-II SN 21401,FUV
SDSS-II SN 21401,NUV
SDSS-II SN 21402,FUV
SDSS-II SN 21402,NUV
SDSS-II SN 21405,FUV
SDSS-II SN 21405,NUV
SDSS-II SN 21406,FUV
SDSS-II SN 21406,NUV
SDSS-II SN 2149,FUV
SDSS-II SN 2149,NUV
SDSS-II SN 21494,FUV
SDSS-II SN 21494,NUV
SDSS-II SN 21577,FUV
SDSS-II SN 21577,NUV
SDSS-II SN 21589,FUV
SDSS-II SN 21589,NUV
SDSS-II SN 2162,FUV
SDSS-II SN 2162,NUV
SDSS-II SN 21764,FUV
SDSS-II SN 21764,NUV
SDSS-II SN 21858,FUV
SDSS-II SN 21858,NUV
SDSS-II SN 21874,FUV
SDSS-II SN 21874,NUV
SDSS-II SN 21875,FUV
SDSS-II SN 21875,NUV
SDSS-II SN 21884,FUV
SDSS-II SN 21884,NUV
SDSS-II SN 21885,FUV
SDSS-II SN 21885,NUV
SDSS-II SN 21889,FUV
SDSS-II SN 21889,NUV
SDSS-II SN 2355,FUV
SDSS-II SN 2355,NUV
SDSS-II SN 2532,FUV
SDSS-II SN 2532,NUV
SDSS-II SN 2537,FUV
SDSS-II SN 2537,NUV
SDSS-II SN 2551,FUV
SDSS-II SN 2551,NUV
SDSS-II SN 2621,FUV
SDSS-II SN 2621,NUV
SDSS-II SN 2639,FUV
SDSS-II SN 2639,NUV
SDSS-II SN 2784,FUV
SDSS-II SN 2784,NUV
SDSS-II SN 2806,FUV
SDSS-II SN 2806,NUV
SDSS-II SN 2808,FUV
SDSS-II SN 2808,NUV
SDSS-II SN 2855,FUV
SDSS-II SN 2855,NUV
SDSS-II SN 3172,NUV
SDSS-II SN 3175,FUV
SDSS-II SN 3175,NUV
SDSS-II SN 3195,FUV
SDSS-II SN 3195,NUV
SDSS-II SN 3205,FUV
SDSS-II SN 3205,NUV
SDSS-II SN 3206,FUV
SDSS-II SN 3206,NUV
SDSS-II SN 3225,FUV
SDSS-II SN 3225,NUV
SDSS-II SN 3402,FUV
SDSS-II SN 3402,NUV
SDSS-II SN 3421,FUV
SDSS-II SN 3421,NUV
SDSS-II SN 3426,FUV
SDSS-II SN 3426,NUV
SDSS-II SN 3475,FUV
SDSS-II SN 3475,NUV
SDSS-II SN 3535,FUV
SDSS-II SN 3535,NUV
SDSS-II SN 3543,NUV
SDSS-II SN 3565,FUV
SDSS-II SN 3565,NUV
SDSS-II SN 3593,FUV
SDSS-II SN 3593,NUV
SDSS-II SN 3780,NUV
SDSS-II SN 3881,NUV
SDSS-II SN 3889,FUV
SDSS-II SN 3889,NUV
SDSS-II SN 3945,FUV
SDSS-II SN 3945,NUV
SDSS-II SN 4048,FUV
SDSS-II SN 4048,NUV
SDSS-II SN 4054,FUV
SDSS-II SN 4054,NUV
SDSS-II SN 4079,FUV
SDSS-II SN 4079,NUV
SDSS-II SN 4104,FUV
SDSS-II SN 4104,NUV
SDSS-II SN 4110,FUV
SDSS-II SN 4110,NUV
SDSS-II SN 4129,FUV
SDSS-II SN 4129,NUV
SDSS-II SN 4175,FUV
SDSS-II SN 4175,NUV
SDSS-II SN 4181,FUV
SDSS-II SN 4181,NUV
SDSS-II SN 4206,FUV
SDSS-II SN 4206,NUV
SDSS-II SN 4211,FUV
SDSS-II SN 4211,NUV
SDSS-II SN 4229,NUV
SDSS-II SN 4236,FUV
SDSS-II SN 4236,NUV
SDSS-II SN 4307,FUV
SDSS-II SN 4307,NUV
SDSS-II SN 4313,FUV
SDSS-II SN 4313,NUV
SDSS-II SN 4360,FUV
SDSS-II SN 4360,NUV
SDSS-II SN 4361,FUV
SDSS-II SN 4361,NUV
SDSS-II SN 4455,FUV
SDSS-II SN 4455,NUV
SDSS-II SN 4557,FUV
SDSS-II SN 4557,NUV
SDSS-II SN 4558,FUV
SDSS-II SN 4558,NUV
SDSS-II SN 4612,FUV
SDSS-II SN 4612,NUV
SDSS-II SN 4639,FUV
SDSS-II SN 4639,NUV
SDSS-II SN 4682,FUV
SDSS-II SN 4682,NUV
SDSS-II SN 4757,FUV
SDSS-II SN 4757,NUV
SDSS-II SN 4808,FUV
SDSS-II SN 4808,NUV
SDSS-II SN 4857,FUV
SDSS-II SN 4857,NUV
SDSS-II SN 4978,FUV
SDSS-II SN 4978,NUV
SDSS-II SN 5178,FUV
SDSS-II SN 5178,NUV
SDSS-II SN 5197,FUV
SDSS-II SN 5197,NUV
SDSS-II SN 5199,FUV
SDSS-II SN 5199,NUV
SDSS-II SN 5209,FUV
SDSS-II SN 5209,NUV
SDSS-II SN 5230,FUV
SDSS-II SN 5230,NUV
SDSS-II SN 5247,FUV
SDSS-II SN 5247,NUV
SDSS-II SN 5292,FUV
SDSS-II SN 5292,NUV
SDSS-II SN 5378,FUV
SDSS-II SN 5378,NUV
SDSS-II SN 5468,FUV
SDSS-II SN 5468,NUV
SDSS-II SN 5473,FUV
SDSS-II SN 5473,NUV
SDSS-II SN 5486,FUV
SDSS-II SN 5486,NUV
SDSS-II SN 5590,FUV
SDSS-II SN 5590,NUV
SDSS-II SN 5595,NUV
SDSS-II SN 5659,FUV
SDSS-II SN 5659,NUV
SDSS-II SN 5690,FUV
SDSS-II SN 5690,NUV
SDSS-II SN 5735,NUV
SDSS-II SN 5804,NUV
SDSS-II SN 5877,NUV
SDSS-II SN 5897,FUV
SDSS-II SN 5897,NUV
SDSS-II SN 5917,FUV
SDSS-II SN 5917,NUV
SDSS-II SN 5925,FUV
SDSS-II SN 5925,NUV
SDSS-II SN 5963,FUV
SDSS-II SN 5963,NUV
SDSS-II SN 5978,FUV
SDSS-II SN 5978,NUV
SDSS-II SN 5993,FUV
SDSS-II SN 5993,NUV
SDSS-II SN 6055,FUV
SDSS-II SN 6055,NUV
SDSS-II SN 6225,FUV
SDSS-II SN 6225,NUV
SDSS-II SN 6274,FUV
SDSS-II SN 6274,NUV
SDSS-II SN 6275,FUV
SDSS-II SN 6275,NUV
SDSS-II SN 6300,FUV
SDSS-II SN 6300,NUV
SDSS-II SN 6491,FUV
SDSS-II SN 6491,NUV
SDSS-II SN 6496,NUV
SDSS-II SN 6618,FUV
SDSS-II SN 6618,NUV
SDSS-II SN 6654,FUV
SDSS-II SN 6654,NUV
SDSS-II SN 6683,FUV
SDSS-II SN 6683,NUV
SDSS-II SN 6696,NUV
SDSS-II SN 6813,FUV
SDSS-II SN 6813,NUV
SDSS-II SN 6816,FUV
SDSS-II SN 6816,NUV
SDSS-II SN 6831,FUV
SDSS-II SN 6831,NUV
SDSS-II SN 6861,FUV
SDSS-II SN 6861,NUV
SDSS-II SN 6873,FUV
SDSS-II SN 6873,NUV
SDSS-II SN 6877,FUV
SDSS-II SN 6877,NUV
SDSS-II SN 6883,FUV
SDSS-II SN 6883,NUV
SDSS-II SN 6889,FUV
SDSS-II SN 6889,NUV
SDSS-II SN 6895,FUV
SDSS-II SN 6895,NUV
SDSS-II SN 696,FUV
SDSS-II SN 696,NUV
SDSS-II SN 7056,FUV
SDSS-II SN 7056,NUV
SDSS-II SN 7099,FUV
SDSS-II SN 7099,NUV
SDSS-II SN 7194,FUV
SDSS-II SN 7194,NUV
SDSS-II SN 7195,FUV
SDSS-II SN 7195,NUV
SDSS-II SN 7365,FUV
SDSS-II SN 7365,NUV
SDSS-II SN 7373,FUV
SDSS-II SN 7373,NUV
SDSS-II SN 7374,FUV
SDSS-II SN 7374,NUV
SDSS-II SN 7413,FUV
SDSS-II SN 7413,NUV
SDSS-II SN 7479,FUV
SDSS-II SN 7479,NUV
SDSS-II SN 7502,FUV
SDSS-II SN 7502,NUV
SDSS-II SN 7594,FUV
SDSS-II SN 7594,NUV
SDSS-II SN 7600,FUV
SDSS-II SN 7600,NUV
SDSS-II SN 7644,FUV
SDSS-II SN 7644,NUV
SDSS-II SN 7663,FUV
SDSS-II SN 7663,NUV
SDSS-II SN 7699,FUV
SDSS-II SN 7699,NUV
SDSS-II SN 7701,FUV
SDSS-II SN 7701,NUV
SDSS-II SN 7713,FUV
SDSS-II SN 7713,NUV
SDSS-II SN 7717,FUV
SDSS-II SN 7717,NUV
SDSS-II SN 7725,NUV
SDSS-II SN 773,FUV
SDSS-II SN 7736,FUV
SDSS-II SN 7736,NUV
SDSS-II SN 7780,NUV
SDSS-II SN 779,FUV
SDSS-II SN 779,NUV
SDSS-II SN 7794,NUV
SDSS-II SN 7802,FUV
SDSS-II SN 7802,NUV
SDSS-II SN 7803,FUV
SDSS-II SN 7803,NUV
SDSS-II SN 7822,FUV
SDSS-II SN 7822,NUV
SDSS-II SN 7824,FUV
SDSS-II SN 7824,NUV
SDSS-II SN 7835,FUV
SDSS-II SN 7835,NUV
SDSS-II SN 7851,FUV
SDSS-II SN 7851,NUV
SDSS-II SN 7882,NUV
SDSS-II SN 7884,FUV
SDSS-II SN 7884,NUV
SDSS-II SN 7954,FUV
SDSS-II SN 7954,NUV
SDSS-II SN 7986,FUV
SDSS-II SN 7986,NUV
SDSS-II SN 8004,FUV
SDSS-II SN 8004,NUV
SDSS-II SN 8062,FUV
SDSS-II SN 8062,NUV
SDSS-II SN 8092,FUV
SDSS-II SN 8092,NUV
SDSS-II SN 8114,FUV
SDSS-II SN 8114,NUV
SDSS-II SN 8160,FUV
SDSS-II SN 8160,NUV
SDSS-II SN 8165,FUV
SDSS-II SN 8165,NUV
SDSS-II SN 8280,FUV
SDSS-II SN 8280,NUV
SDSS-II SN 8290,FUV
SDSS-II SN 8290,NUV
SDSS-II SN 8307,FUV
SDSS-II SN 8307,NUV
SDSS-II SN 8327,FUV
SDSS-II SN 8327,NUV
SDSS-II SN 8457,FUV
SDSS-II SN 8457,NUV
SDSS-II SN 8577,FUV
SDSS-II SN 8577,NUV
SDSS-II SN 8600,FUV
SDSS-II SN 8600,NUV
SDSS-II SN 8605,FUV
SDSS-II SN 8605,NUV
SDSS-II SN 8662,FUV
SDSS-II SN 8662,NUV
SDSS-II SN 8730,FUV
SDSS-II SN 8730,NUV
SDSS-II SN 8888,FUV
SDSS-II SN 8888,NUV
SDSS-II SN 9020,FUV
SDSS-II SN 9020,NUV
SDSS-II SN 904,FUV
SDSS-II SN 904,NUV
SDSS-II SN 9052,FUV
SDSS-II SN 9052,NUV
SDSS-II SN 9109,FUV
SDSS-II SN 9109,NUV
SDSS-II SN 9132,FUV
SDSS-II SN 9132,NUV
SDSS-II SN 9133,FUV
SDSS-II SN 9133,NUV
SDSS-II SN 9194,FUV
SDSS-II SN 9194,NUV
SDSS-II SN 9268,NUV
SDSS-II SN 9326,FUV
SDSS-II SN 9326,NUV
SDSS-II SN 9353,FUV
SDSS-II SN 9353,NUV
SDSS-II SN 9424,FUV
SDSS-II SN 9424,NUV
SDSS-II SN 9458,NUV
SDSS-II SN 9551,FUV
SDSS-II SN 9551,NUV
SDSS-II SN 9557,FUV
SDSS-II SN 9557,NUV
SDSS-II SN 9558,FUV
SDSS-II SN 9558,NUV
SDSS-II SN 9595,FUV
SDSS-II SN 9595,NUV
SDSS-II SN 9817,FUV
SDSS-II SN 9817,NUV
SDSS-II SN 986,FUV
SDSS-II SN 986,NUV
SDSS-II SN 9895,FUV
SDSS-II SN 9895,NUV
SDSS-II SN 9954,FUV
SDSS-II SN 9954,NUV
SDSS1403-53227-456,FUV
SDSS1403-53227-456,NUV
SDSS1793-53883-040,NUV
SDSS1803-54152-260,FUV
SDSS1803-54152-260,NUV
SDSS1843-53816-491,FUV
SDSS1843-53816-491,NUV
SDSS2202-53566-403,NUV
SDSS2429-53799-033,FUV
SDSS2429-53799-033,NUV
SDSS2499-54176-550,NUV
SDSS2594-54177-348,FUV
SDSS2594-54177-348,NUV
SDSS2758-54523-082,NUV
SDSS2954-54561-572,NUV
SN2003jr,FUV
SN2003jr,NUV
SN2003ju,FUV
SN2003ju,NUV
SN2003kk,FUV
SN2003kk,NUV
SN2003ku,FUV
SN2003ku,NUV
SN2003kv,FUV
SN2003kv,NUV
SN2003lf,FUV
SN2003lf,NUV
SN2003lj,FUV
SN2003lj,NUV
SN2003ll,FUV
SN2003ll,NUV
SN2004at,FUV
SN2004at,NUV
SN2004bj,FUV
SN2004bj,NUV
SN2004cd,NUV
SN2004cn,FUV
SN2004cn,NUV
SN2004co,FUV
SN2004co,NUV
SN2004ey,FUV
SN2004ey,NUV
SN2004fh,FUV
SN2004fh,NUV
SN2004fj,FUV
SN2004fj,NUV
SN2004fl,FUV
SN2004fl,NUV
SN2004fn,FUV
SN2004fn,NUV
SN2004fo,FUV
SN2004fo,NUV
SN2004fq,FUV
SN2004fq,NUV
SN2004fu,FUV
SN2004fu,NUV
SN2004gs,NUV
SN2004ha,NUV
SN2004hb,NUV
SN2004hd,NUV
SN2004hg,FUV
SN2004hg,NUV
SN2004hh,NUV
SN2004hk,FUV
SN2004hk,NUV
SN2004hl,FUV
SN2004hl,NUV
SN2004hn,FUV
SN2004hn,NUV
SN2004ho,FUV
SN2004ho,NUV
SN2004hp,FUV
SN2004hp,NUV
SN2004ia,FUV
SN2004ia,NUV
SN2004id,FUV
SN2004id,NUV
SN2004ie,FUV
SN2004ie,NUV
SN2004if,FUV
SN2004if,NUV
SN2004ig,FUV
SN2004ig,NUV
SN2004ij,FUV
SN2004ij,NUV
SN2004ik,FUV
SN2004ik,NUV
SN2004il,FUV
SN2004il,NUV
SN2005A,FUV
SN2005A,NUV
SN2005ac,FUV
SN2005ac,NUV
SN2005ai,FUV
SN2005ai,NUV
SN2005cc,NUV
SN2005cr,FUV
SN2005cr,NUV
SN2005ed,FUV
SN2005ed,NUV
SN2005eh,FUV
SN2005eh,NUV
SN2005ej,FUV
SN2005ej,NUV
SN2005eq,FUV
SN2005eq,NUV
SN2005eu,FUV
SN2005eu,NUV
SN2005ev,FUV
SN2005ev,NUV
SN2005ex,FUV
SN2005ex,NUV
SN2005fb,FUV
SN2005fb,NUV
SN2005fd,NUV
SN2005fe,FUV
SN2005fe,NUV
SN2005ff,NUV
SN2005fh,FUV
SN2005fh,NUV
SN2005fi,FUV
SN2005fi,NUV
SN2005fn,NUV
SN2005fq,FUV
SN2005fq,NUV
SN2005fr,FUV
SN2005fr,NUV
SN2005ft,NUV
SN2005fv,FUV
SN2005fv,NUV
SN2005fx,FUV
SN2005fx,NUV
SN2005fz,FUV
SN2005fz,NUV
SN2005gc,FUV
SN2005gc,NUV
SN2005gf,FUV
SN2005gf,NUV
SN2005gg,FUV
SN2005gg,NUV
SN2005go,FUV
SN2005go,NUV
SN2005gq,FUV
SN2005gq,NUV
SN2005gr,FUV
SN2005gr,NUV
SN2005gw,FUV
SN2005gw,NUV
SN2005gx,FUV
SN2005gx,NUV
SN2005hj,FUV
SN2005hj,NUV
SN2005hk,FUV
SN2005hk,NUV
SN2005ho,FUV
SN2005ho,NUV
SN2005hr,FUV
SN2005hr,NUV
SN2005hu,NUV
SN2005hv,FUV
SN2005hv,NUV
SN2005hz,FUV
SN2005hz,NUV
SN2005ia,FUV
SN2005ia,NUV
SN2005ib,FUV
SN2005ib,NUV
SN2005id,FUV
SN2005id,NUV
SN2005ih,FUV
SN2005ih,NUV
SN2005ij,FUV
SN2005ij,NUV
SN2005in,FUV
SN2005in,NUV
SN2005is,FUV
SN2005is,NUV
SN2005jc,FUV
SN2005jc,NUV
SN2005jj,NUV
SN2005jn,FUV
SN2005jn,NUV
SN2005jo,FUV
SN2005jo,NUV
SN2005jp,FUV
SN2005jp,NUV
SN2005jr,FUV
SN2005jr,NUV
SN2005jw,NUV
SN2005jy,FUV
SN2005jy,NUV
SN2005jz,FUV
SN2005jz,NUV
SN2005ka,FUV
SN2005ka,NUV
SN2005ko,FUV
SN2005ko,NUV
SN2005kq,FUV
SN2005kq,NUV
SN2005kt,FUV
SN2005kt,NUV
SN2005lj,FUV
SN2005lj,NUV
SN2005ln,FUV
SN2005ln,NUV
SN2005lo,FUV
SN2005lo,NUV
SN2005lp,FUV
SN2005lp,NUV
SN2005ml,FUV
SN2005ml,NUV
SN2005mn,FUV
SN2005mn,NUV
SN2005mo,FUV
SN2005mo,NUV
SN2005mp,FUV
SN2005mp,NUV
SN2005mq,FUV
SN2005mq,NUV
SN2005mr,FUV
SN2005mr,NUV
SN2006ax,NUV
SN2006bm,FUV
SN2006bm,NUV
SN2006br,NUV
SN2006bu,FUV
SN2006bu,NUV
SN2006cc,FUV
SN2006cc,NUV
SN2006ch,NUV
SN2006cz,NUV
SN2006D,NUV
SN2006dd,FUV
SN2006dd,NUV
SN2006dm,FUV
SN2006dm,NUV
SN2006eb,FUV
SN2006eb,NUV
SN2006ef,FUV
SN2006ef,NUV
SN2006en,FUV
SN2006en,NUV
SN2006eq,FUV
SN2006eq,NUV
SN2006er,FUV
SN2006er,NUV
SN2006eu,FUV
SN2006eu,NUV
SN2006ex,NUV
SN2006fd,FUV
SN2006fd,NUV
SN2006fe,NUV
SN2006fm,FUV
SN2006fm,NUV
SN2006fn,FUV
SN2006fn,NUV
SN2006fr,NUV
SN2006fv,FUV
SN2006fv,NUV
SN2006ga,FUV
SN2006ga,NUV
SN2006ge,FUV
SN2006ge,NUV
SN2006gf,FUV
SN2006gf,NUV
SN2006gg,FUV
SN2006gg,NUV
SN2006gh,FUV
SN2006gh,NUV
SN2006gl,FUV
SN2006gl,NUV
SN2006go,FUV
SN2006go,NUV
SN2006gv,FUV
SN2006gv,NUV
SN2006hb,FUV
SN2006hb,NUV
SN2006hd,FUV
SN2006hd,NUV
SN2006he,FUV
SN2006he,NUV
SN2006hi,FUV
SN2006hi,NUV
SN2006hl,FUV
SN2006hl,NUV
SN2006hn,NUV
SN2006hq,FUV
SN2006hq,NUV
SN2006hr,FUV
SN2006hr,NUV
SN2006ht,FUV
SN2006ht,NUV
SN2006hu,FUV
SN2006hu,NUV
SN2006hy,FUV
SN2006hy,NUV
SN2006ib,FUV
SN2006ib,NUV
SN2006iy,FUV
SN2006iy,NUV
SN2006iz,FUV
SN2006iz,NUV
SN2006jg,FUV
SN2006jg,NUV
SN2006jh,FUV
SN2006jh,NUV
SN2006jj,FUV
SN2006jj,NUV
SN2006jm,FUV
SN2006jm,NUV
SN2006jr,FUV
SN2006jr,NUV
SN2006jt,FUV
SN2006jt,NUV
SN2006ju,FUV
SN2006ju,NUV
SN2006jv,FUV
SN2006jv,NUV
SN2006jw,FUV
SN2006jw,NUV
SN2006jx,FUV
SN2006jx,NUV
SN2006jy,FUV
SN2006jy,NUV
SN2006jz,FUV
SN2006jz,NUV
SN2006ka,FUV
SN2006ka,NUV
SN2006kd,FUV
SN2006kd,NUV
SN2006kj,FUV
SN2006kj,NUV
SN2006kk,FUV
SN2006kk,NUV
SN2006km,FUV
SN2006km,NUV
SN2006kp,FUV
SN2006kp,NUV
SN2006kr,FUV
SN2006kr,NUV
SN2006ku,FUV
SN2006ku,NUV
SN2006kx,FUV
SN2006kx,NUV
SN2006la,FUV
SN2006la,NUV
SN2006lj,FUV
SN2006lj,NUV
SN2006ll,FUV
SN2006ll,NUV
SN2006lo,FUV
SN2006lo,NUV
SN2006lp,FUV
SN2006lp,NUV
SN2006lw,FUV
SN2006lw,NUV
SN2006ly,NUV
SN2006md,FUV
SN2006md,NUV
SN2006mi,FUV
SN2006mi,NUV
SN2006mj,FUV
SN2006mj,NUV
SN2006ml,FUV
SN2006ml,NUV
SN2006mm,NUV
SN2006mn,FUV
SN2006mn,NUV
SN2006mt,FUV
SN2006mt,NUV
SN2006na,FUV
SN2006na,NUV
SN2006nb,FUV
SN2006nb,NUV
SN2006nc,FUV
SN2006nc,NUV
SN2006nd,NUV
SN2006nf,FUV
SN2006nf,NUV
SN2006nk,FUV
SN2006nk,NUV
SN2006nl,FUV
SN2006nl,NUV
SN2006nn,FUV
SN2006nn,NUV
SN2006no,FUV
SN2006no,NUV
SN2006np,FUV
SN2006np,NUV
SN2006nu,FUV
SN2006nu,NUV
SN2006nv,FUV
SN2006nv,NUV
SN2006nz,FUV
SN2006nz,NUV
SN2006oc,FUV
SN2006oc,NUV
SN2006oe,FUV
SN2006oe,NUV
SN2006oj,FUV
SN2006oj,NUV
SN2006ok,FUV
SN2006ok,NUV
SN2006ol,FUV
SN2006ol,NUV
SN2006om,FUV
SN2006om,NUV
SN2006oy,NUV
SN2006pb,FUV
SN2006pb,NUV
SN2006pd,FUV
SN2006pd,NUV
SN2006pe,FUV
SN2006pe,NUV
SN2006pg,FUV
SN2006pg,NUV
SN2006pi,FUV
SN2006pi,NUV
SN2006pk,FUV
SN2006pk,NUV
SN2006pl,FUV
SN2006pl,NUV
SN2006pm,FUV
SN2006pm,NUV
SN2006pn,FUV
SN2006pn,NUV
SN2006pp,FUV
SN2006pp,NUV
SN2006pq,FUV
SN2006pq,NUV
SN2006pt,FUV
SN2006pt,NUV
SN2006pw,FUV
SN2006pw,NUV
SN2006px,FUV
SN2006px,NUV
SN2006py,FUV
SN2006py,NUV
SN2006qa,FUV
SN2006qa,NUV
SN2006qb,FUV
SN2006qb,NUV
SN2006qd,FUV
SN2006qd,NUV
SN2006qg,FUV
SN2006qg,NUV
SN2006qh,FUV
SN2006qh,NUV
SN2006ro,FUV
SN2006ro,NUV
SN2006sb,FUV
SN2006sb,NUV
SN2006sd,FUV
SN2006sd,NUV
SN2006sg,FUV
SN2006sg,NUV
SN2006sh,FUV
SN2006sh,NUV
SN2006si,FUV
SN2006si,NUV
SN2006sj,FUV
SN2006sj,NUV
SN2006sk,FUV
SN2006sk,NUV
SN2006sm,NUV
SN2006so,FUV
SN2006so,NUV
SN2006sp,FUV
SN2006sp,NUV
SN2006sr,FUV
SN2006sr,NUV
SN2006su,FUV
SN2006su,NUV
SN2006sw,FUV
SN2006sw,NUV
SN2006sz,FUV
SN2006sz,NUV
SN2006ta,FUV
SN2006ta,NUV
SN2006tb,FUV
SN2006tb,NUV
SN2006tj,FUV
SN2006tj,NUV
SN2006tk,FUV
SN2006tk,NUV
SN2006tl,FUV
SN2006tl,NUV
SN2006tn,NUV
SN2006tp,NUV
SN2006tr,FUV
SN2006tr,NUV
SN2006ts,FUV
SN2006ts,NUV
SN2006tu,FUV
SN2006tu,NUV
SN2006tv,NUV
SN2006ty,FUV
SN2006ty,NUV
SN2006ua,FUV
SN2006ua,NUV
SN2006ub,FUV
SN2006ub,NUV
SN2006X,NUV
SN2007ae,NUV
SN2007ar,FUV
SN2007ar,NUV
SN2007au,FUV
SN2007au,NUV
SN2007ax,FUV
SN2007ax,NUV
SN2007bj,FUV
SN2007bj,NUV
SN2007cv,FUV
SN2007cv,NUV
SN2007da,FUV
SN2007da,NUV
SN2007de,NUV
SN2007dh,NUV
SN2007di,FUV
SN2007di,NUV
SN2007dj,FUV
SN2007dj,NUV
SN2007do,NUV
SN2007dr,FUV
SN2007dr,NUV
SN2007du,NUV
SN2007dx,FUV
SN2007dx,NUV
SN2007fd,FUV
SN2007fd,NUV
SN2007fr,FUV
SN2007fr,NUV
SN2007fu,NUV
SN2007gi,FUV
SN2007gi,NUV
SN2007gt,FUV
SN2007gt,NUV
SN2007hx,FUV
SN2007hx,NUV
SN2007hy,FUV
SN2007hy,NUV
SN2007ia,FUV
SN2007ia,NUV
SN2007ie,FUV
SN2007ie,NUV
SN2007ij,FUV
SN2007ij,NUV
SN2007ik,FUV
SN2007ik,NUV
SN2007im,NUV
SN2007ip,NUV
SN2007ix,FUV
SN2007ix,NUV
SN2007iy,NUV
SN2007jb,FUV
SN2007jb,NUV
SN2007je,FUV
SN2007je,NUV
SN2007jg,FUV
SN2007jg,NUV
SN2007jh,FUV
SN2007jh,NUV
SN2007jj,FUV
SN2007jj,NUV
SN2007jk,FUV
SN2007jk,NUV
SN2007jo,FUV
SN2007jo,NUV
SN2007jp,FUV
SN2007jp,NUV
SN2007jr,FUV
SN2007jr,NUV
SN2007jt,FUV
SN2007jt,NUV
SN2007ju,FUV
SN2007ju,NUV
SN2007jv,FUV
SN2007jv,NUV
SN2007jw,FUV
SN2007jw,NUV
SN2007jy,NUV
SN2007jz,FUV
SN2007jz,NUV
SN2007kb,NUV
SN2007kd,FUV
SN2007kd,NUV
SN2007kp,FUV
SN2007kp,NUV
SN2007kr,FUV
SN2007kr,NUV
SN2007ku,FUV
SN2007ku,NUV
SN2007kx,FUV
SN2007kx,NUV
SN2007la,NUV
SN2007le,FUV
SN2007le,NUV
SN2007lf,FUV
SN2007lf,NUV
SN2007lg,FUV
SN2007lg,NUV
SN2007lh,FUV
SN2007lh,NUV
SN2007lk,FUV
SN2007lk,NUV
SN2007lm,FUV
SN2007lm,NUV
SN2007ln,FUV
SN2007ln,NUV
SN2007lo,NUV
SN2007lp,FUV
SN2007lp,NUV
SN2007lq,FUV
SN2007lq,NUV
SN2007lt,FUV
SN2007lt,NUV
SN2007lu,FUV
SN2007lu,NUV
SN2007lv,FUV
SN2007lv,NUV
SN2007ly,NUV
SN2007ma,FUV
SN2007ma,NUV
SN2007mc,FUV
SN2007mc,NUV
SN2007mh,FUV
SN2007mh,NUV
SN2007mi,FUV
SN2007mi,NUV
SN2007mo,FUV
SN2007mo,NUV
SN2007mp,FUV
SN2007mp,NUV
SN2007mu,FUV
SN2007mu,NUV
SN2007mv,FUV
SN2007mv,NUV
SN2007mw,FUV
SN2007mw,NUV
SN2007mx,FUV
SN2007mx,NUV
SN2007my,FUV
SN2007my,NUV
SN2007N,NUV
SN2007na,FUV
SN2007na,NUV
SN2007nb,FUV
SN2007nb,NUV
SN2007nd,FUV
SN2007nd,NUV
SN2007ne,FUV
SN2007ne,NUV
SN2007nf,FUV
SN2007nf,NUV
SN2007np,FUV
SN2007np,NUV
SN2007nz,FUV
SN2007nz,NUV
SN2007oa,FUV
SN2007oa,NUV
SN2007oi,FUV
SN2007oi,NUV
SN2007oj,FUV
SN2007oj,NUV
SN2007ol,FUV
SN2007ol,NUV
SN2007om,FUV
SN2007om,NUV
SN2007on,FUV
SN2007on,NUV
SN2007oq,FUV
SN2007oq,NUV
SN2007or,FUV
SN2007or,NUV
SN2007ot,FUV
SN2007ot,NUV
SN2007ox,NUV
SN2007oy,FUV
SN2007oy,NUV
SN2007oz,FUV
SN2007oz,NUV
SN2007pb,FUV
SN2007pb,NUV
SN2007pc,FUV
SN2007pc,NUV
SN2007pe,FUV
SN2007pe,NUV
SN2007pf,FUV
SN2007pf,NUV
SN2007pi,FUV
SN2007pi,NUV
SN2007pj,FUV
SN2007pj,NUV
SN2007pq,FUV
SN2007pq,NUV
SN2007pr,FUV
SN2007pr,NUV
SN2007ps,FUV
SN2007ps,NUV
SN2007pt,FUV
SN2007pt,NUV
SN2007pu,NUV
SN2007px,FUV
SN2007px,NUV
SN2007py,FUV
SN2007py,NUV
SN2007pz,FUV
SN2007pz,NUV
SN2007qa,FUV
SN2007qa,NUV
SN2007qd,FUV
SN2007qd,NUV
SN2007qe,FUV
SN2007qe,NUV
SN2007qf,FUV
SN2007qf,NUV
SN2007qg,FUV
SN2007qg,NUV
SN2007qi,FUV
SN2007qi,NUV
SN2007qk,FUV
SN2007qk,NUV
SN2007ql,FUV
SN2007ql,NUV
SN2007qo,FUV
SN2007qo,NUV
SN2007qr,FUV
SN2007qr,NUV
SN2007qt,FUV
SN2007qt,NUV
SN2007qu,NUV
SN2007qz,FUV
SN2007qz,NUV
SN2007R,FUV
SN2007R,NUV
SN2007ra,FUV
SN2007ra,NUV
SN2007re,FUV
SN2007re,NUV
SN2007rf,FUV
SN2007rf,NUV
SN2007rg,FUV
SN2007rg,NUV
SN2007ri,FUV
SN2007ri,NUV
SN2007rj,FUV
SN2007rj,NUV
SN2007rm,FUV
SN2007rm,NUV
SN2007ro,FUV
SN2007ro,NUV
SN2007rv,FUV
SN2007rv,NUV
SN2007S,NUV
SN2007sb,FUV
SN2007sb,NUV
SN2007sc,FUV
SN2007sc,NUV
SN2007sl,FUV
SN2007sl,NUV
SN2007ta,FUV
SN2007ta,NUV
SN2007td,FUV
SN2007td,NUV
SN2007tl,FUV
SN2007tl,NUV
SN2007tm,FUV
SN2007tm,NUV
SN2007tr,FUV
SN2007tr,NUV
SN2007ts,FUV
SN2007ts,NUV
SN2007tt,FUV
SN2007tt,NUV
SN2007tv,NUV
SN2007tw,NUV
SN2007tx,FUV
SN2007tx,NUV
SN2007tz,FUV
SN2007tz,NUV
SN2007ub,NUV
SN2007ud,NUV
SN2007ug,NUV
SN2007uh,NUV
SN2007ui,NUV
SN2007uk,FUV
SN2007uk,NUV
SN2007ul,NUV
SN2007um,NUV
SN2007un,FUV
SN2007un,NUV
SN2007uo,FUV
SN2007uo,NUV
SN2007up,NUV
SN2007ur,NUV
SN2007us,FUV
SN2007us,NUV
SN2007ut,FUV
SN2007ut,NUV
SN2007uu,FUV
SN2007uu,NUV
SN2007uv,FUV
SN2007uv,NUV
SN2007uw,FUV
SN2007uw,NUV
SN2007ux,NUV
SN2008ab,NUV
SN2008ac,NUV
SN2008ae,NUV
SN2008af,NUV
SN2008ah,NUV
SN2008bg,FUV
SN2008bg,NUV
SN2008bi,FUV
SN2008bi,NUV
SN2008ca,FUV
SN2008ca,NUV
SN2008cj,NUV
SN2008cl,NUV
SN2008cr,NUV
SN2008dh,NUV
SN2008dr,NUV
SN2008ds,NUV
SN2008ee,FUV
SN2008ee,NUV
SN2008fj,FUV
SN2008fj,NUV
SN2008hd,NUV
SN2008hr,NUV
SN2008hv,FUV
SN2008hv,NUV
SN2008hz,NUV
SN2008id,FUV
SN2008id,NUV
SN2008iq,FUV
SN2008iq,NUV
SN2008ir,NUV
SN2008s1,FUV
SN2008s1,NUV
SN2009an,NUV
SN2009as,NUV
SN2009cj,NUV
SN2009cn,NUV
SN2009cp,NUV
SN2009cs,NUV
SN2009cu,NUV
SN2009cx,FUV
SN2009cx,NUV
SN2009dg,NUV
SN2009dk,NUV
SN2009dl,NUV
SN2009du,NUV
SN2009eh,NUV
SN2009eu,FUV
SN2009eu,NUV
SN2009fj,NUV
SN2009fk,NUV
SN2009fl,NUV
SN2009hn,NUV
SN2009iv,NUV
SN2009iy,NUV
SN2009ko,NUV
SN2009ku,NUV
SN2009kx,NUV
SN2009kz,NUV
SN2009L,FUV
SN2009L,NUV
SN2009me,NUV
SN2009ml,NUV
SN2009ms,NUV
SN2009mt,NUV
SN2009ni,NUV
SN2010ar,NUV
SN2010bu,NUV
SN2010ex,NUV
SN2010fa,NUV
SN2010fb,NUV
SN2010fc,NUV
SN2010fe,NUV
SN2010fh,NUV
SN2010fj,NUV
SN2010fm,NUV
SN2010fn,NUV
SN2010fs,NUV
SN2010kn,NUV
SN2011fw,NUV
SN2011H,NUV
SNF20060919-007,FUV
SNF20060919-007,NUV
SNF20070403-001,FUV
SNF20070403-001,NUV
SNF20070701-005,FUV
SNF20070701-005,NUV
SNF20070802-000,FUV
SNF20070802-000,NUV
SNF20080322-001,NUV
SNF20080522-000,NUV
SNF20080623-007,NUV
SNF20080626-002,NUV
SNF20080707-012,FUV
SNF20080707-012,NUV
SNF20080717-000,NUV
SNF20080918-002,NUV
SNF20080919-000,NUV
SNF20080919-002,NUV
SNLS-03D1dt,FUV
SNLS-03D1dt,NUV
SNLS-03D1fb,FUV
SNLS-03D1fb,NUV
SNLS-03D1fc,FUV
SNLS-03D1fc,NUV
SNLS-03D1fq,FUV
SNLS-03D1fq,NUV
SNLS-03D1ge,FUV
SNLS-03D1ge,NUV
SNLS-03D1gt,FUV
SNLS-03D1gt,NUV
SNLS-03D4cx,FUV
SNLS-03D4cx,NUV
SNLS-03D4cz,FUV
SNLS-03D4cz,NUV
SNLS-03D4di,FUV
SNLS-03D4di,NUV
SNLS-03D4dy,FUV
SNLS-03D4dy,NUV
SNLS-03D4gf,FUV
SNLS-03D4gf,NUV
SNLS-03D4gg,FUV
SNLS-03D4gg,NUV
SNLS-03D4gl,FUV
SNLS-03D4gl,NUV
SNLS-04D1ag,FUV
SNLS-04D1ag,NUV
SNLS-04D1aj,FUV
SNLS-04D1aj,NUV
SNLS-04D1ak,FUV
SNLS-04D1ak,NUV
SNLS-04D1de,FUV
SNLS-04D1de,NUV
SNLS-04D1ff,FUV
SNLS-04D1ff,NUV
SNLS-04D1fh,FUV
SNLS-04D1fh,NUV
SNLS-04D1hd,FUV
SNLS-04D1hd,NUV
SNLS-04D1hy,FUV
SNLS-04D1hy,NUV
SNLS-04D1iv,FUV
SNLS-04D1iv,NUV
SNLS-04D1jd,FUV
SNLS-04D1jd,NUV
SNLS-04D1jg,FUV
SNLS-04D1jg,NUV
SNLS-04D1kj,FUV
SNLS-04D1kj,NUV
SNLS-04D1oh,FUV
SNLS-04D1oh,NUV
SNLS-04D1ow,FUV
SNLS-04D1ow,NUV
SNLS-04D1pg,FUV
SNLS-04D1pg,NUV
SNLS-04D1pp,FUV
SNLS-04D1pp,NUV
SNLS-04D1pu,FUV
SNLS-04D1pu,NUV
SNLS-04D1qd,FUV
SNLS-04D1qd,NUV
SNLS-04D1qr,FUV
SNLS-04D1qr,NUV
SNLS-04D1rh,FUV
SNLS-04D1rh,NUV
SNLS-04D1rx,FUV
SNLS-04D1rx,NUV
SNLS-04D1sa,FUV
SNLS-04D1sa,NUV
SNLS-04D1sc,FUV
SNLS-04D1sc,NUV
SNLS-04D1si,FUV
SNLS-04D1si,NUV
SNLS-04D2bt,FUV
SNLS-04D2bt,NUV
SNLS-04D2ca,FUV
SNLS-04D2ca,NUV
SNLS-04D2cc,FUV
SNLS-04D2cc,NUV
SNLS-04D2cf,FUV
SNLS-04D2cf,NUV
SNLS-04D2cw,FUV
SNLS-04D2cw,NUV
SNLS-04D2fs,FUV
SNLS-04D2fs,NUV
SNLS-04D2gb,FUV
SNLS-04D2gb,NUV
SNLS-04D2gc,FUV
SNLS-04D2gc,NUV
SNLS-04D2kr,FUV
SNLS-04D2kr,NUV
SNLS-04D2lu,FUV
SNLS-04D2lu,NUV
SNLS-04D2lx,FUV
SNLS-04D2lx,NUV
SNLS-04D2mj,FUV
SNLS-04D2mj,NUV
SNLS-04D3co,NUV
SNLS-04D3dd,NUV
SNLS-04D3df,NUV
SNLS-04D3ez,NUV
SNLS-04D3gt,NUV
SNLS-04D3gx,NUV
SNLS-04D3is,NUV
SNLS-04D3lu,NUV
SNLS-04D3nh,NUV
SNLS-04D3nr,NUV
SNLS-04D3oe,NUV
SNLS-04D4bk,FUV
SNLS-04D4bk,NUV
SNLS-04D4bq,FUV
SNLS-04D4bq,NUV
SNLS-04D4cm,FUV
SNLS-04D4cm,NUV
SNLS-04D4dw,FUV
SNLS-04D4dw,NUV
SNLS-04D4et,FUV
SNLS-04D4et,NUV
SNLS-04D4fx,FUV
SNLS-04D4fx,NUV
SNLS-04D4hf,FUV
SNLS-04D4hf,NUV
SNLS-04D4hu,FUV
SNLS-04D4hu,NUV
SNLS-04D4ib,FUV
SNLS-04D4ib,NUV
SNLS-04D4ic,FUV
SNLS-04D4ic,NUV
SNLS-04D4ih,FUV
SNLS-04D4ih,NUV
SNLS-04D4ii,FUV
SNLS-04D4ii,NUV
SNLS-05D1az,FUV
SNLS-05D1az,NUV
SNLS-05D1by,FUV
SNLS-05D1by,NUV
SNLS-05D1cb,FUV
SNLS-05D1cb,NUV
SNLS-05D1cl,FUV
SNLS-05D1cl,NUV
SNLS-05D1ee,FUV
SNLS-05D1ee,NUV
SNLS-05D1em,FUV
SNLS-05D1em,NUV
SNLS-05D1eo,FUV
SNLS-05D1eo,NUV
SNLS-05D1hk,FUV
SNLS-05D1hk,NUV
SNLS-05D1hm,FUV
SNLS-05D1hm,NUV
SNLS-05D1if,FUV
SNLS-05D1if,NUV
SNLS-05D1ix,FUV
SNLS-05D1ix,NUV
SNLS-05D1iy,FUV
SNLS-05D1iy,NUV
SNLS-05D1iz,FUV
SNLS-05D1iz,NUV
SNLS-05D1ju,FUV
SNLS-05D1ju,NUV
SNLS-05D1ke,FUV
SNLS-05D1ke,NUV
SNLS-05D2ab,FUV
SNLS-05D2ab,NUV
SNLS-05D2ac,FUV
SNLS-05D2ac,NUV
SNLS-05D2ah,FUV
SNLS-05D2ah,NUV
SNLS-05D2ay,FUV
SNLS-05D2ay,NUV
SNLS-05D2bv,FUV
SNLS-05D2bv,NUV
SNLS-05D2by,FUV
SNLS-05D2by,NUV
SNLS-05D2ci,FUV
SNLS-05D2ci,NUV
SNLS-05D2dw,FUV
SNLS-05D2dw,NUV
SNLS-05D2ec,FUV
SNLS-05D2ec,NUV
SNLS-05D2ei,FUV
SNLS-05D2ei,NUV
SNLS-05D2fq,FUV
SNLS-05D2fq,NUV
SNLS-05D2hc,FUV
SNLS-05D2hc,NUV
SNLS-05D2he,FUV
SNLS-05D2he,NUV
SNLS-05D2ja,FUV
SNLS-05D2ja,NUV
SNLS-05D2le,FUV
SNLS-05D2le,NUV
SNLS-05D2mp,FUV
SNLS-05D2mp,NUV
SNLS-05D2my,FUV
SNLS-05D2my,NUV
SNLS-05D2nn,FUV
SNLS-05D2nn,NUV
SNLS-05D3bz,NUV
SNLS-05D3ci,NUV
SNLS-05D3cx,NUV
SNLS-05D3dd,NUV
SNLS-05D3ha,NUV
SNLS-05D3jb,NUV
SNLS-05D3jh,NUV
SNLS-05D3jk,NUV
SNLS-05D3jq,NUV
SNLS-05D3jr,NUV
SNLS-05D3km,NUV
SNLS-05D3kp,NUV
SNLS-05D3kt,NUV
SNLS-05D3lq,NUV
SNLS-05D3lr,NUV
SNLS-05D3lx,NUV
SNLS-05D3mq,NUV
SNLS-05D3ne,NUV
SNLS-05D4af,FUV
SNLS-05D4af,NUV
SNLS-05D4ag,FUV
SNLS-05D4ag,NUV
SNLS-05D4av,FUV
SNLS-05D4av,NUV
SNLS-05D4ay,FUV
SNLS-05D4ay,NUV
SNLS-05D4bj,FUV
SNLS-05D4bj,NUV
SNLS-05D4bm,FUV
SNLS-05D4bm,NUV
SNLS-05D4cs,FUV
SNLS-05D4cs,NUV
SNLS-05D4cw,FUV
SNLS-05D4cw,NUV
SNLS-05D4dt,FUV
SNLS-05D4dt,NUV
SNLS-05D4dw,FUV
SNLS-05D4dw,NUV
SNLS-05D4dy,FUV
SNLS-05D4dy,NUV
SNLS-05D4ef,FUV
SNLS-05D4ef,NUV
SNLS-05D4ej,FUV
SNLS-05D4ej,NUV
SNLS-05D4fe,FUV
SNLS-05D4fe,NUV
SNLS-05D4ff,FUV
SNLS-05D4ff,NUV
SNLS-05D4fg,FUV
SNLS-05D4fg,NUV
SNLS-05D4gw,FUV
SNLS-05D4gw,NUV
SNLS-05D4hn,FUV
SNLS-05D4hn,NUV
SNLS-06D1ab,FUV
SNLS-06D1ab,NUV
SNLS-06D1bt,FUV
SNLS-06D1bt,NUV
SNLS-06D1bz,FUV
SNLS-06D1bz,NUV
SNLS-06D1cx,FUV
SNLS-06D1cx,NUV
SNLS-06D1dl,FUV
SNLS-06D1dl,NUV
SNLS-06D1fd,FUV
SNLS-06D1fd,NUV
SNLS-06D1fx,FUV
SNLS-06D1fx,NUV
SNLS-06D1hi,FUV
SNLS-06D1hi,NUV
SNLS-06D1ix,FUV
SNLS-06D1ix,NUV
SNLS-06D1jf,FUV
SNLS-06D1jf,NUV
SNLS-06D1kf,FUV
SNLS-06D1kf,NUV
SNLS-06D1kg,FUV
SNLS-06D1kg,NUV
SNLS-06D1kh,FUV
SNLS-06D1kh,NUV
SNLS-06D2ag,FUV
SNLS-06D2ag,NUV
SNLS-06D2bk,FUV
SNLS-06D2bk,NUV
SNLS-06D2bo,FUV
SNLS-06D2bo,NUV
SNLS-06D2ca,FUV
SNLS-06D2ca,NUV
SNLS-06D2cc,FUV
SNLS-06D2cc,NUV
SNLS-06D2cd,FUV
SNLS-06D2cd,NUV
SNLS-06D2ce,FUV
SNLS-06D2ce,NUV
SNLS-06D2ck,FUV
SNLS-06D2ck,NUV
SNLS-06D2fb,FUV
SNLS-06D2fb,NUV
SNLS-06D2ff,FUV
SNLS-06D2ff,NUV
SNLS-06D2ga,FUV
SNLS-06D2ga,NUV
SNLS-06D2gb,FUV
SNLS-06D2gb,NUV
SNLS-06D2hm,FUV
SNLS-06D2hm,NUV
SNLS-06D2hu,FUV
SNLS-06D2hu,NUV
SNLS-06D2ji,FUV
SNLS-06D2ji,NUV
SNLS-06D2js,FUV
SNLS-06D2js,NUV
SNLS-06D3cb,NUV
SNLS-06D3cc,NUV
SNLS-06D3cn,NUV
SNLS-06D3df,NUV
SNLS-06D3dl,NUV
SNLS-06D3dt,NUV
SNLS-06D3ed,NUV
SNLS-06D3et,NUV
SNLS-06D3fp,NUV
SNLS-06D3gh,NUV
SNLS-06D3gn,NUV
SNLS-06D3gx,NUV
SNLS-06D4ba,FUV
SNLS-06D4ba,NUV
SNLS-06D4bo,FUV
SNLS-06D4bo,NUV
SNLS-06D4bw,FUV
SNLS-06D4bw,NUV
SNLS-06D4cl,FUV
SNLS-06D4cl,NUV
SNLS-06D4dr,FUV
SNLS-06D4dr,NUV
SNLS-06D4fc,FUV
SNLS-06D4fc,NUV
SNLS-06D4fy,FUV
SNLS-06D4fy,NUV
SNLS-06D4gs,FUV
SNLS-06D4gs,NUV
SNLS-06D4jh,FUV
SNLS-06D4jh,NUV
SNLS-07D1ab,FUV
SNLS-07D1ab,NUV
SNLS-07D1ad,FUV
SNLS-07D1ad,NUV
SNLS-07D1ah,FUV
SNLS-07D1ah,NUV
SNLS-07D1bl,FUV
SNLS-07D1bl,NUV
SNLS-07D1bs,FUV
SNLS-07D1bs,NUV
SNLS-07D1bu,FUV
SNLS-07D1bu,NUV
SNLS-07D1ca,FUV
SNLS-07D1ca,NUV
SNLS-07D1cc,FUV
SNLS-07D1cc,NUV
SNLS-07D1cf,FUV
SNLS-07D1cf,NUV
SNLS-07D2aa,FUV
SNLS-07D2aa,NUV
SNLS-07D2ae,FUV
SNLS-07D2ae,NUV
SNLS-07D2ag,FUV
SNLS-07D2ag,NUV
SNLS-07D2aw,FUV
SNLS-07D2aw,NUV
SNLS-07D2bd,FUV
SNLS-07D2bd,NUV
SNLS-07D2be,FUV
SNLS-07D2be,NUV
SNLS-07D2bi,FUV
SNLS-07D2bi,NUV
SNLS-07D2bq,FUV
SNLS-07D2bq,NUV
SNLS-07D2cb,FUV
SNLS-07D2cb,NUV
SNLS-07D2cq,FUV
SNLS-07D2cq,NUV
SNLS-07D2ct,FUV
SNLS-07D2ct,NUV
SNLS-07D2du,FUV
SNLS-07D2du,NUV
SNLS-07D2fy,FUV
SNLS-07D2fy,NUV
SNLS-07D2fz,FUV
SNLS-07D2fz,NUV
SNLS-07D3ae,NUV
SNLS-07D3af,NUV
SNLS-07D3ap,NUV
SNLS-07D3bt,NUV
SNLS-07D3cn,NUV
SNLS-07D3cu,NUV
SNLS-07D3da,NUV
SNLS-07D3dj,NUV
SNLS-07D3do,NUV
SNLS-07D3ea,NUV
SNLS-07D3ey,NUV
SNLS-07D3gm,NUV
SNLS-07D3hv,NUV
SNLS-07D3hw,NUV
SNLS-07D3hz,NUV
SNLS-07D3it,NUV
SNLS-07D4aa,FUV
SNLS-07D4aa,NUV
SNLS-07D4dp,FUV
SNLS-07D4dp,NUV
SNLS-07D4ed,FUV
SNLS-07D4ed,NUV
SNLS-07D4ei,FUV
SNLS-07D4ei,NUV
SNLS-08D1aa,FUV
SNLS-08D1aa,NUV
SNLS-08D2ad,FUV
SNLS-08D2ad,NUV
SNLS-08D2bj,FUV
SNLS-08D2bj,NUV
SNLS-08D2cl,FUV
SNLS-08D2cl,NUV
SNLS-08D2dr,FUV
SNLS-08D2dr,NUV
SNLS-08D2gw,FUV
SNLS-08D2gw,NUV
SNLS-08D2hw,FUV
SNLS-08D2hw,NUV
SNLS-08D2id,NUV
SNLS-08D2kj,NUV
SNLS-08D3bh,NUV
SNLS-08D3dc,NUV
SNLS-08D3gf,NUV
SNLS-08D3gu,NUV
SNLS-08D3hh,NUV
SN Primo,NUV
Strolger,FUV
Strolger,NUV
Yowie,FUV
Yowie,NUV
Zwicky,FUV
Zwicky,NUV
