ASASSN-13av,NUV
ASASSN-13cj,FUV
ASASSN-13cj,NUV
ASASSN-13cp,FUV
ASASSN-13cp,NUV
ASASSN-13dd,FUV
ASASSN-13dd,NUV
ASASSN-14ad,NUV
ASASSN-14ay,FUV
ASASSN-14ay,NUV
ASASSN-14ba,FUV
ASASSN-14ba,NUV
ASASSN-14bd,FUV
ASASSN-14bd,NUV
ASASSN-14cu,NUV
ASASSN-14ew,FUV
ASASSN-14ew,NUV
ASASSN-14fa,FUV
ASASSN-14fa,NUV
ASASSN-14hr,FUV
ASASSN-14hr,NUV
ASASSN-14ii,FUV
ASASSN-14ii,NUV
ASASSN-14in,FUV
ASASSN-14in,NUV
ASASSN-14iu,NUV
ASASSN-14jc,FUV
ASASSN-14jc,NUV
ASASSN-14jz,FUV
ASASSN-14jz,NUV
ASASSN-14kd,NUV
ASASSN-14lo,NUV
ASASSN-14lp,FUV
ASASSN-14lp,NUV
ASASSN-14lq,FUV
ASASSN-14lq,NUV
ASASSN-14lt,FUV
ASASSN-14lt,NUV
ASASSN-14lu,FUV
ASASSN-14lu,NUV
ASASSN-14lv,FUV
ASASSN-14lv,NUV
ASASSN-14lw,FUV
ASASSN-14lw,NUV
ASASSN-14mw,FUV
ASASSN-14mw,NUV
CSS110701:014408+124812,FUV
CSS110701:014408+124812,NUV
CSS120415:110518-083453,FUV
CSS120415:170824+030104,NUV
CSS120416:091631+075020,FUV
CSS120416:091631+075020,NUV
CSS120917:164704+231612,FUV
CSS120917:164704+231612,NUV
CSS120925:003040+123156,FUV
CSS120925:003040+123156,NUV
CSS120926:171458+344754,FUV
CSS120926:171458+344754,NUV
CSS121005:212556+122328,NUV
CSS121008:014245+213928,FUV
CSS121008:014245+213928,NUV
CSS121009:011101-172841,FUV
CSS121009:011101-172841,NUV
CSS121014:233045-124838,FUV
CSS121014:233045-124838,NUV
CSS121112:002624+163027,FUV
CSS121112:002624+163027,NUV
CSS130218:092354+385837,FUV
CSS130218:092354+385837,NUV
CSS130315:131135-042408,NUV
CSS130317:082848+293031,FUV
CSS130317:082848+293031,NUV
CSS130413:130441+315257,FUV
CSS130413:130441+315257,NUV
CSS130502:102512+302715,FUV
CSS130502:102512+302715,NUV
CSS130509:165032+494344,FUV
CSS130509:165032+494344,NUV
CSS130512:144703+034951,FUV
CSS130512:144703+034951,NUV
CSS130905:015812-041446,FUV
CSS130905:015812-041446,NUV
CSS130924:004234+151746,FUV
CSS130924:004234+151746,NUV
CSS130925:225818-090644,NUV
CSS130930:020518+000556,FUV
CSS130930:020518+000556,NUV
CSS131003:030909-113532,FUV
CSS131003:030909-113532,NUV
CSS131004:231555+224932,FUV
CSS131004:231555+224932,NUV
CSS131023:221244+014803,FUV
CSS131023:221244+014803,NUV
CSS131031:095508+064831,FUV
CSS131031:095508+064831,NUV
CSS131210:043252+304855,FUV
CSS131210:043252+304855,NUV
CSS131224:020446-000718,FUV
CSS131224:020446-000718,NUV
CSS131225:030144-092044,FUV
CSS131225:030144-092044,NUV
CSS140103:082332+283814,FUV
CSS140103:082332+283814,NUV
CSS140103:130555+112833,NUV
CSS140104:002811-041606,FUV
CSS140104:002811-041606,NUV
CSS140109:095728+274221,FUV
CSS140109:095728+274221,NUV
CSS140123:093027+411345,FUV
CSS140123:093027+411345,NUV
CSS140123:104818+204751,FUV
CSS140123:104818+204751,NUV
CSS140204:092250+292926,FUV
CSS140204:092250+292926,NUV
CSS140305:104323+013442,FUV
CSS140305:104323+013442,NUV
CSS140424:123226+154840,FUV
CSS140424:123226+154840,NUV
CSS140426:171938-010130,NUV
CSS140427:222246+192845,FUV
CSS140427:222246+192845,NUV
CSS140628:233025+060302,FUV
CSS140628:233025+060302,NUV
CSS140831:012531+070251,FUV
CSS140831:012531+070251,NUV
CSS140914:010107-101840,FUV
CSS140914:010107-101840,NUV
CSS140925:011731+054106,FUV
CSS140925:011731+054106,NUV
CSS141117:030348+002415,FUV
CSS141117:030348+002415,NUV
DES12C1a,FUV
DES12C1a,NUV
DES12C1b,FUV
DES12C1b,NUV
DES13E1ao,FUV
DES13E1ao,NUV
DES13E1dcb,FUV
DES13E1dcb,NUV
DES14C1bdv,FUV
DES14C1bdv,NUV
DES14C1es,FUV
DES14C1es,NUV
DES14C1qty,FUV
DES14C1qty,NUV
DES14C2fkd,FUV
DES14C2fkd,NUV
DES14C2fkf,FUV
DES14C2fkf,NUV
DES14C2gwx,FUV
DES14C2gwx,NUV
DES14C2ikn,FUV
DES14C2ikn,NUV
DES14C2kct,FUV
DES14C2kct,NUV
DES14C2pw,FUV
DES14C2pw,NUV
DES14C3cxt,FUV
DES14C3cxt,NUV
DES14C3foo,FUV
DES14C3foo,NUV
DES14C3gqv,FUV
DES14C3gqv,NUV
DES14C3hud,FUV
DES14C3hud,NUV
DES14C3nj,FUV
DES14C3nj,NUV
DES14C3rap,FUV
DES14C3rap,NUV
DES14E1anf,FUV
DES14E1anf,NUV
DES14E2u,FUV
DES14E2u,NUV
DES14S1lfk,FUV
DES14S1lfk,NUV
DES14S1rag,FUV
DES14S1rag,NUV
DES14S2bnq,NUV
DES14S2pkz,FUV
DES14S2pkz,NUV
DES14X1oes,FUV
DES14X1oes,NUV
DES14X2ags,NUV
DES14X2bnz,NUV
DES14X2byo,NUV
DES14X2dl,NUV
DES14X2rao,NUV
DES14X2raq,FUV
DES14X2raq,NUV
DES14X3aeb,FUV
DES14X3aeb,NUV
DES14X3ajv,FUV
DES14X3ajv,NUV
DES14X3amb,FUV
DES14X3amb,NUV
DES14X3jmx,FUV
DES14X3jmx,NUV
ESSENCEn263,FUV
ESSENCEs354,FUV
Gaia14acg,NUV
Gaia14acy,NUV
Gaia15aaa,FUV
Gaia15aaa,NUV
Hadrian,FUV
Hadrian,NUV
HFF14Jan,FUV
HFF14Jan,NUV
iPTF13acq,FUV
iPTF13acq,NUV
iPTF13adg,NUV
iPTF13adm,FUV
iPTF13adm,NUV
iPTF13aeo,NUV
iPTF13agl,NUV
iPTF13aia,FUV
iPTF13aia,NUV
iPTF13aie,NUV
iPTF13aif,NUV
iPTF13akb,FUV
iPTF13akb,NUV
iPTF13akl,FUV
iPTF13akl,NUV
iPTF13dkj,FUV
iPTF13dkj,NUV
iPTF13dkl,NUV
iPTF13dud,FUV
iPTF13dud,NUV
iPTF13dvp,FUV
iPTF13dvp,NUV
iPTF13dwl,FUV
iPTF13dwl,NUV
iPTF14avu,FUV
iPTF14avu,NUV
iPTF14awe,FUV
iPTF14awe,NUV
iPTF14axt,FUV
iPTF14axt,NUV
iPTF14axv,FUV
iPTF14axv,NUV
iPTF14azl,NUV
iPTF14bda,FUV
iPTF14bda,NUV
iPTF14efr,FUV
iPTF14efr,NUV
iPTF14eje,FUV
iPTF14eje,NUV
iPTF14emu,FUV
iPTF14emu,NUV
iPTF14flj,FUV
iPTF14flj,NUV
iPTF14fuu,NUV
iPTF14fyt,FUV
iPTF14fyt,NUV
iPTF14ghj,FUV
iPTF14ghj,NUV
iPTF14gjm,NUV
iPTF14gkg,FUV
iPTF14gkg,NUV
iPTF14gnk,FUV
iPTF14gnk,NUV
iPTF14gnw,FUV
iPTF14gnw,NUV
iPTF14gnz,FUV
iPTF14gnz,NUV
iPTF14goa,NUV
iPTF14gtb,FUV
iPTF14gtb,NUV
iPTF14gtp,FUV
iPTF14gtp,NUV
iPTF14gwp,NUV
iPTF14hlm,FUV
iPTF14hlm,NUV
iPTF14ibp,FUV
iPTF14ibp,NUV
iPTF14igh,FUV
iPTF14igh,NUV
iPTF14igi,FUV
iPTF14igi,NUV
iPTF14igj,FUV
iPTF14igj,NUV
iPTF14igk,NUV
iPTF14iit,FUV
iPTF14iit,NUV
iPTF14jem,FUV
iPTF14jem,NUV
iPTF14jfu,FUV
iPTF14jfu,NUV
LSQ12apf,NUV
LSQ12bgl,FUV
LSQ12bgl,NUV
LSQ12bia,FUV
LSQ12bia,NUV
LSQ12bjw,NUV
LSQ12blp,FUV
LSQ12blp,NUV
LSQ12bmn,FUV
LSQ12bmn,NUV
LSQ12bnt,NUV
LSQ12bpc,NUV
LSQ12bpo,NUV
LSQ12brw,FUV
LSQ12brw,NUV
LSQ12bve,FUV
LSQ12bve,NUV
LSQ12bxp,NUV
LSQ12bxu,NUV
LSQ12byu,NUV
LSQ12bzz,FUV
LSQ12bzz,NUV
LSQ12cby,FUV
LSQ12cby,NUV
LSQ12cda,FUV
LSQ12cda,NUV
LSQ12cdl,NUV
LSQ12ckm,NUV
LSQ12cqw,FUV
LSQ12cqw,NUV
LSQ12ctm,FUV
LSQ12ctm,NUV
LSQ12cyt,FUV
LSQ12cyt,NUV
LSQ12cyz,NUV
LSQ12dle,NUV
LSQ12dvj,FUV
LSQ12dvj,NUV
LSQ12ecd,FUV
LSQ12ecd,NUV
LSQ12ecp,FUV
LSQ12ecp,NUV
LSQ12ege,FUV
LSQ12ege,NUV
LSQ12eid,FUV
LSQ12eid,NUV
LSQ12eli,FUV
LSQ12eli,NUV
LSQ12elj,FUV
LSQ12elj,NUV
LSQ12elk,FUV
LSQ12elk,NUV
LSQ12elt,FUV
LSQ12elt,NUV
LSQ12evo,FUV
LSQ12evo,NUV
LSQ12fch,FUV
LSQ12fch,NUV
LSQ12fhs,FUV
LSQ12fhs,NUV
LSQ12fmd,FUV
LSQ12fmd,NUV
LSQ12fmx,FUV
LSQ12fmx,NUV
LSQ12fse,FUV
LSQ12fse,NUV
LSQ12fwt,FUV
LSQ12fwt,NUV
LSQ12fxd,FUV
LSQ12fxd,NUV
LSQ12fzc,FUV
LSQ12fzc,NUV
LSQ12gdd,FUV
LSQ12gdd,NUV
LSQ12gef,FUV
LSQ12gef,NUV
LSQ12gjc,FUV
LSQ12gjc,NUV
LSQ12gka,FUV
LSQ12gka,NUV
LSQ12gkx,FUV
LSQ12gkx,NUV
LSQ12gpw,FUV
LSQ12gpw,NUV
LSQ12gxj,FUV
LSQ12gxj,NUV
LSQ12hje,FUV
LSQ12hje,NUV
LSQ12hjm,FUV
LSQ12hjm,NUV
LSQ12hle,FUV
LSQ12hle,NUV
LSQ12hnr,NUV
LSQ12hnx,NUV
LSQ12hos,FUV
LSQ12hos,NUV
LSQ12hxt,FUV
LSQ12hxt,NUV
LSQ12hxx,FUV
LSQ12hxx,NUV
LSQ13ahe,NUV
LSQ13ba,FUV
LSQ13ba,NUV
LSQ13bbz,FUV
LSQ13bbz,NUV
LSQ13bdk,FUV
LSQ13bdk,NUV
LSQ13beu,FUV
LSQ13beu,NUV
LSQ13bfo,FUV
LSQ13bfo,NUV
LSQ13bjj,FUV
LSQ13bjj,NUV
LSQ13bjs,FUV
LSQ13bjs,NUV
LSQ13bjy,FUV
LSQ13bjy,NUV
LSQ13bka,FUV
LSQ13bka,NUV
LSQ13bll,FUV
LSQ13bll,NUV
LSQ13bor,FUV
LSQ13bor,NUV
LSQ13bpc,FUV
LSQ13bpc,NUV
LSQ13bpe,FUV
LSQ13bpe,NUV
LSQ13btf,FUV
LSQ13btl,FUV
LSQ13btl,NUV
LSQ13bwe,FUV
LSQ13bwe,NUV
LSQ13byn,FUV
LSQ13byn,NUV
LSQ13caz,FUV
LSQ13caz,NUV
LSQ13cex,FUV
LSQ13cex,NUV
LSQ13cnl,FUV
LSQ13cnl,NUV
LSQ13cpk,FUV
LSQ13cpk,NUV
LSQ13crf,FUV
LSQ13crf,NUV
LSQ13cux,FUV
LSQ13cux,NUV
LSQ13cwp,FUV
LSQ13cwp,NUV
LSQ13dbx,FUV
LSQ13dbx,NUV
LSQ13deq,FUV
LSQ13deq,NUV
LSQ13dhs,FUV
LSQ13dhs,NUV
LSQ13div,FUV
LSQ13div,NUV
LSQ13dkp,FUV
LSQ13dkp,NUV
LSQ13dlp,NUV
LSQ13dnw,FUV
LSQ13dnw,NUV
LSQ13doj,NUV
LSQ13dox,FUV
LSQ13dox,NUV
LSQ13dpm,FUV
LSQ13dpm,NUV
LSQ13dsh,FUV
LSQ13dsh,NUV
LSQ13dsn,FUV
LSQ13dsn,NUV
LSQ13l,FUV
LSQ13l,NUV
LSQ13pf,FUV
LSQ13pf,NUV
LSQ13yd,FUV
LSQ13yd,NUV
LSQ14act,FUV
LSQ14act,NUV
LSQ14aga,NUV
LSQ14am,NUV
LSQ14aqn,FUV
LSQ14aqn,NUV
LSQ14asu,FUV
LSQ14asu,NUV
LSQ14av,NUV
LSQ14aym,NUV
LSQ14ayn,NUV
LSQ14azr,FUV
LSQ14azr,NUV
LSQ14ba,FUV
LSQ14ba,NUV
LSQ14baz,NUV
LSQ14bip,NUV
LSQ14bka,FUV
LSQ14bka,NUV
LSQ14bx,FUV
LSQ14bx,NUV
LSQ14dc,FUV
LSQ14dc,NUV
LSQ14dsx,FUV
LSQ14dsx,NUV
LSQ14dtp,FUV
LSQ14dtp,NUV
LSQ14dtr,FUV
LSQ14dtr,NUV
LSQ14dus,FUV
LSQ14dus,NUV
LSQ14dvy,FUV
LSQ14dvy,NUV
LSQ14dxa,NUV
LSQ14dxb,FUV
LSQ14dxb,NUV
LSQ14eds,NUV
LSQ14eek,FUV
LSQ14eek,NUV
LSQ14eet,FUV
LSQ14eet,NUV
LSQ14eey,NUV
LSQ14efn,FUV
LSQ14efn,NUV
LSQ14fep,FUV
LSQ14fep,NUV
LSQ14fhd,FUV
LSQ14fhd,NUV
LSQ14fin,FUV
LSQ14fin,NUV
LSQ14fmc,FUV
LSQ14fmc,NUV
LSQ14fms,FUV
LSQ14fms,NUV
LSQ14fnt,NUV
LSQ14foy,FUV
LSQ14foy,NUV
LSQ14fvy,FUV
LSQ14fvy,NUV
LSQ14gci,NUV
LSQ14gcj,FUV
LSQ14gcj,NUV
LSQ14gfc,FUV
LSQ14gfc,NUV
LSQ14gie,FUV
LSQ14gie,NUV
LSQ14hm,FUV
LSQ14hm,NUV
LSQ14hq,NUV
LSQ14io,FUV
LSQ14io,NUV
LSQ14vu,FUV
LSQ14vu,NUV
LSQ14zz,NUV
LSQ15y,FUV
LSQ15y,NUV
MASTER OT J160432.41+122840.7,FUV
MASTER OT J160432.41+122840.7,NUV
MLS111018:035322+190349,FUV
MLS111018:035322+190349,NUV
MLS121006:234856-023650,FUV
MLS121006:234856-023650,NUV
MLS140102:120307-010132,FUV
MLS140102:120307-010132,NUV
MLS140310:111158+053913,FUV
MLS140310:111158+053913,NUV
OGLE-2012-SN-046,FUV
OGLE-2012-SN-046,NUV
OGLE-2012-SN-049,FUV
OGLE-2012-SN-049,NUV
OGLE-2013-SN-009,NUV
OGLE-2013-SN-015,FUV
OGLE-2013-SN-015,NUV
OGLE-2013-SN-018,FUV
OGLE-2013-SN-018,NUV
OGLE-2013-SN-039,FUV
OGLE-2013-SN-039,NUV
OGLE-2013-SN-041,NUV
OGLE-2013-SN-043,NUV
OGLE-2013-SN-070,NUV
OGLE-2013-SN-080,NUV
OGLE-2013-SN-096,FUV
OGLE-2013-SN-096,NUV
OGLE-2013-SN-097,FUV
OGLE-2013-SN-097,NUV
OGLE-2013-SN-098,FUV
OGLE-2013-SN-098,NUV
OGLE-2013-SN-120,FUV
OGLE-2013-SN-120,NUV
OGLE-2013-SN-123,FUV
OGLE-2013-SN-123,NUV
OGLE-2013-SN-124,FUV
OGLE-2013-SN-124,NUV
OGLE-2013-SN-130,FUV
OGLE-2013-SN-130,NUV
OGLE-2013-SN-147,NUV
OGLE-2013-SN-148,FUV
OGLE-2013-SN-148,NUV
OGLE-2013-SN-156,FUV
OGLE-2013-SN-156,NUV
OGLE-2014-SN-002,FUV
OGLE-2014-SN-002,NUV
OGLE-2014-SN-010,FUV
OGLE-2014-SN-010,NUV
OGLE-2014-SN-019,FUV
OGLE-2014-SN-019,NUV
OGLE-2014-SN-046,FUV
OGLE-2014-SN-046,NUV
OGLE-2014-SN-049,NUV
OGLE-2014-SN-053,FUV
OGLE-2014-SN-053,NUV
OGLE-2014-SN-139,NUV
OGLE-2014-SN-153,FUV
OGLE-2014-SN-153,NUV
OGLE-2014-SN-179,NUV
OGLE-2014-SN-188,FUV
OGLE-2014-SN-188,NUV
OGLE-2014-SN-204,FUV
OGLE-2014-SN-204,NUV
PS0909010,FUV
PS1-1000004,FUV
PS1-1000005,FUV
PS1-1000007,FUV
PS1-1000008,FUV
PS1-1000009,FUV
PS1-1000302,FUV
PS1-1000302,NUV
PS1-1000303,FUV
PS1-1000303,NUV
PS1-1000790,FUV
PS1-1000791,FUV
PS1-1000791,NUV
PS1-10acx,FUV
PS1-10aex,FUV
PS1-10afu,FUV
PS1-10aj,FUV
PS1-10aj,NUV
PS1-10ayu,NUV
PS1-10bcd,FUV
PS1-10bik,FUV
PS1-10bik,NUV
PS1-10bka,FUV
PS1-10bka,NUV
PS1-10bls,FUV
PS1-10byj,FUV
PS1-10byj,NUV
PS1-10byn,FUV
PS1-10byn,NUV
PS1-10byo,FUV
PS1-10byo,NUV
PS1-10byr,FUV
PS1-10bys,FUV
PS1-10byu,FUV
PS1-10byw,FUV
PS1-10cae,FUV
PS1-10cae,NUV
PS1-10caz,FUV
PS1-10caz,NUV
PS1-10ht,FUV
PS1-10ht,NUV
PS1-10hu,FUV
PS1-10hu,NUV
PS1-10ia,FUV
PS1-10if,FUV
PS1-10ik,FUV
PS1-10ik,NUV
PS1-10im,FUV
PS1-10io,FUV
PS1-10ix,FUV
PS1-10ix,NUV
PS1-10iy,FUV
PS1-10j,FUV
PS1-10ka,FUV
PS1-10m,FUV
PS1-10o,FUV
PS1-10s,FUV
PS1-11aac,FUV
PS1-11aaw,NUV
PS1-11ao,FUV
PS1-11ao,NUV
PS1-11at,FUV
PS1-11br,FUV
PS1-11br,NUV
PS1-11co,FUV
PS1-11co,NUV
PS1-11f,FUV
PS1-11f,NUV
PS1-11gh,FUV
PS1-11gh,NUV
PS1-11gr,FUV
PS1-11gr,NUV
PS1-11iv,FUV
PS1-11iv,NUV
PS1-11jo,FUV
PS1-11jo,NUV
PS1-11kk,FUV
PS1-11kl,FUV
PS1-11mq,FUV
PS1-11mq,NUV
PS1-11p,FUV
PS1-11sk,FUV
PS1-11sk,NUV
PS1-11t,FUV
PS1-11um,FUV
PS1-11um,NUV
PS1-11vb,FUV
PS1-11vb,NUV
PS1-11w,FUV
PS1-11yj,FUV
PS1-11yu,FUV
PS1-11zu,FUV
PS1-11zw,FUV
PS1-12axo,FUV
PS1-12axo,NUV
PS1-12cbd,FUV
PS1-12cbd,NUV
PS1-12cgy,FUV
PS1-12cgy,NUV
PS1-12dl,FUV
PS1-12dl,NUV
PS1-12ql,FUV
PS1-12ql,NUV
PS1-12rc,FUV
PS1-12rc,NUV
PS1-12rh,FUV
PS1-12rh,NUV
PS1-12sf,FUV
PS1-12sh,FUV
PS1-12sh,NUV
PS1-12sx,FUV
PS1-12sx,NUV
PS1-12ts,FUV
PS1-12ts,NUV
PS1-12u,FUV
PS1-12u,NUV
PS1-12uq,FUV
PS1-12uq,NUV
PS1-12uz,FUV
PS1-12uz,NUV
PS1-13ckt,FUV
PS1-13ckt,NUV
PS1-13cpv,FUV
PS1-13cpv,NUV
PS1-13dcd,NUV
PS1-13dgl,FUV
PS1-13dgl,NUV
PS1-13dkh,FUV
PS1-13dkh,NUV
PS1-13dkr,FUV
PS1-13dkr,NUV
PS1-13dom,FUV
PS1-13dom,NUV
PS1-13dqw,FUV
PS1-13dqw,NUV
PS1-13lo,FUV
PS1-13zp,FUV
PS1-13zp,NUV
PS1-14acp,FUV
PS1-14acp,NUV
PS1-14aly,FUV
PS1-14aly,NUV
PS1-14gj,NUV
PS1-14mv,NUV
PS1-14on,NUV
PS1-14qj,NUV
PS1-14ra,NUV
PS1-14vw,FUV
PS1-14vw,NUV
PS1-14wl,FUV
PS1-14wl,NUV
PS1-14xv,FUV
PS1-14xv,NUV
PS1-14xw,FUV
PS1-14xw,NUV
PS1-14xx,FUV
PS1-14xx,NUV
PSc000080,FUV
PSc000080,NUV
PSc000200,FUV
PSc000210,FUV
PSc000227,FUV
PSc000227,NUV
PSc000268,FUV
PSc000268,NUV
PSc000345,FUV
PSc000345,NUV
PSc000349,FUV
PSc000349,NUV
PSc000418,FUV
PSc000552,FUV
PSc010014,FUV
PSc010053,FUV
PSc010053,NUV
PSc010055,FUV
PSc010074,FUV
PSc010074,NUV
PSc010167,FUV
PSc010167,NUV
PSc010178,FUV
PSc010178,NUV
PSc010191,FUV
PSc010191,NUV
PSc010196,FUV
PSc010196,NUV
PSc010230,FUV
PSc010230,NUV
PSc010430,FUV
PSc010430,NUV
PSc020033,FUV
PSc020033,NUV
PSc020034,FUV
PSc020034,NUV
PSc020104,FUV
PSc020123,FUV
PSc020123,NUV
PSc020148,FUV
PSc020148,NUV
PSc020194,FUV
PSc030005,FUV
PSc030005,NUV
PSc030007,FUV
PSc030068,FUV
PSc030068,NUV
PSc030252,FUV
PSc030252,NUV
PSc030263,FUV
PSc030263,NUV
PSc040121,FUV
PSc040147,FUV
PSc040163,FUV
PSc040163,NUV
PSc040170,FUV
PSc040170,NUV
PSc040176,FUV
PSc040176,NUV
PSc040313,FUV
PSc040313,NUV
PSc040377,FUV
PSc040377,NUV
PSc040434,FUV
PSc040434,NUV
PSc040473,FUV
PSc040473,NUV
PSc040477,FUV
PSc040511,FUV
PSc040512,FUV
PSc040593,FUV
PSc040593,NUV
PSc040783,FUV
PSc050004,FUV
PSc050017,FUV
PSc050017,NUV
PSc050172,FUV
PSc050172,NUV
PSc050298,FUV
PSc050665,FUV
PSc051109,FUV
PSc060015,FUV
PSc060199,FUV
PSc060238,FUV
PSc060242,FUV
PSc061190,FUV
PSc061191,FUV
PSc061192,FUV
PSc061197,FUV
PSc070003,FUV
PSc070020,FUV
PSc070020,NUV
PSc070048,FUV
PSc070054,FUV
PSc070071,FUV
PSc070096,FUV
PSc070175,FUV
PSc070470,FUV
PSc070530,FUV
PSc070567,FUV
PSc070611,FUV
PSc070719,FUV
PSc070719,NUV
PSc070985,FUV
PSc070985,NUV
PSc070986,FUV
PSc070986,NUV
PSc071007,FUV
PSc071011,FUV
PSc071032,FUV
PSc071113,FUV
PSc071245,FUV
PSc080012,FUV
PSc080023,FUV
PSc080023,NUV
PSc080028,FUV
PSc080028,NUV
PSc080034,FUV
PSc080064,FUV
PSc080146,FUV
PSc080252,FUV
PSc080261,FUV
PSc080295,FUV
PSc080296,FUV
PSc080343,FUV
PSc080363,FUV
PSc080438,FUV
PSc080554,FUV
PSc080693,FUV
PSc080693,NUV
PSc080735,FUV
PSc080771,FUV
PSc080772,FUV
PSc090072,FUV
PSc090072,NUV
PSc090107,FUV
PSc090128,FUV
PSc090191,FUV
PSc090191,NUV
PSc090196,FUV
PSc090201,FUV
PSc090201,NUV
PSc090227,FUV
PSc090227,NUV
PSc090256,FUV
PSc090256,NUV
PSc090275,FUV
PSc090746,FUV
PSc090746,NUV
PSc090966,FUV
PSc091739,FUV
PSc091755,FUV
PSc091755,NUV
PSc091869,FUV
PSc091869,NUV
PSc100014,FUV
PSc100014,NUV
PSc100083,FUV
PSc100083,NUV
PSc100101,FUV
PSc100101,NUV
PSc100102,FUV
PSc100102,NUV
PSc100142,FUV
PSc100142,NUV
PSc100163,FUV
PSc100164,FUV
PSc100206,FUV
PSc100358,FUV
PSc100358,NUV
PSc100382,FUV
PSc100382,NUV
PSc100405,FUV
PSc100417,FUV
PSc100417,NUV
PSc110014,FUV
PSc110022,FUV
PSc110022,NUV
PSc110033,FUV
PSc110033,NUV
PSc110425,FUV
PSc110425,NUV
PSc110426,FUV
PSc110426,NUV
PSc110429,FUV
PSc110429,NUV
PSc110430,FUV
PSc110430,NUV
PSc110464,FUV
PSc110464,NUV
PSc110476,FUV
PSc110647,FUV
PSc110647,NUV
PSc110725,FUV
PSc110726,FUV
PSc110726,NUV
PSc110734,FUV
PSc110734,NUV
PSc120039,FUV
PSc120111,FUV
PSc120223,FUV
PSc120553,FUV
PSc120553,NUV
PSc120554,FUV
PSc120554,NUV
PSc120655,FUV
PSc120655,NUV
PSc120706,FUV
PSc130037,FUV
PSc130037,NUV
PSc130145,FUV
PSc130373,FUV
PSc130391,FUV
PSc130527,FUV
PSc130527,NUV
PSc130610,FUV
PSc130610,NUV
PSc130621,FUV
PSc130621,NUV
PSc130650,FUV
PSc130650,NUV
PSc130651,FUV
PSc130651,NUV
PSc130684,FUV
PSc130684,NUV
PSc130733,FUV
PSc130733,NUV
PSc130798,FUV
PSc130798,NUV
PSc130880,NUV
PSc130997,FUV
PSc130997,NUV
PSc131031,FUV
PSc131033,FUV
PSc131033,NUV
PSc131086,FUV
PSc131086,NUV
PSc131091,FUV
PSc131091,NUV
PSc140092,FUV
PSc140092,NUV
PSc140122,FUV
PSc140122,NUV
PSc140124,FUV
PSc140124,NUV
PSc140177,FUV
PSc140177,NUV
PSc140210,FUV
PSc140214,FUV
PSc140221,FUV
PSc140221,NUV
PSc140229,FUV
PSc140234,FUV
PSc140240,FUV
PSc140240,NUV
PSc140286,FUV
PSc140286,NUV
PSc140361,FUV
PSc140361,NUV
PSc140384,FUV
PSc140384,NUV
PSc140396,FUV
PSc140396,NUV
PSc150019,FUV
PSc150019,NUV
PSc150053,FUV
PSc150053,NUV
PSc150059,FUV
PSc150059,NUV
PSc150145,FUV
PSc150170,FUV
PSc150170,NUV
PSc150181,FUV
PSc150181,NUV
PSc150186,FUV
PSc150186,NUV
PSc150196,FUV
PSc150196,NUV
PSc150210,FUV
PSc150212,FUV
PSc150212,NUV
PSc150217,FUV
PSc150217,NUV
PSc150221,NUV
PSc150226,FUV
PSc150226,NUV
PSc150285,FUV
PSc150285,NUV
PSc150314,FUV
PSc150314,NUV
PSc150365,FUV
PSc150379,FUV
PSc150500,FUV
PSc150500,NUV
PSc150515,FUV
PSc150570,FUV
PSc150570,NUV
PSc150573,FUV
PSc150573,NUV
PSc150604,FUV
PSc150604,NUV
PSc150652,FUV
PSc150652,NUV
PSc150709,FUV
PSc150709,NUV
PSc150740,FUV
PSc150740,NUV
PSc151033,FUV
PSc151033,NUV
PSc151121,FUV
PSc151121,NUV
PSc151794,FUV
PSc151794,NUV
PSc160020,FUV
PSc160020,NUV
PSc160021,FUV
PSc160021,NUV
PSc160023,FUV
PSc160023,NUV
PSc160028,FUV
PSc160051,FUV
PSc160051,NUV
PSc160054,FUV
PSc160054,NUV
PSc160068,FUV
PSc160068,NUV
PSc160082,FUV
PSc160082,NUV
PSc160106,FUV
PSc160106,NUV
PSc160156,NUV
PSc160183,FUV
PSc160183,NUV
PSc160195,FUV
PSc160222,FUV
PSc160222,NUV
PSc160223,FUV
PSc160223,NUV
PSc160285,FUV
PSc160285,NUV
PSc160300,FUV
PSc160300,NUV
PSc170078,FUV
PSc170078,NUV
PSc170118,FUV
PSc170118,NUV
PSc170254,FUV
PSc170275,NUV
PSc170276,NUV
PSc170285,FUV
PSc170428,FUV
PSc170428,NUV
PSc170520,FUV
PSc170520,NUV
PSc180025,FUV
PSc180025,NUV
PSc180127,FUV
PSc180127,NUV
PSc180214,FUV
PSc180214,NUV
PSc180255,FUV
PSc180313,FUV
PSc180313,NUV
PSc180329,FUV
PSc180344,FUV
PSc180344,NUV
PSc180426,FUV
PSc180426,NUV
PSc180475,FUV
PSc180475,NUV
PSc190001,FUV
PSc190001,NUV
PSc190062,FUV
PSc190074,FUV
PSc190074,NUV
PSc190142,FUV
PSc190142,NUV
PSc190151,FUV
PSc190151,NUV
PSc190230,FUV
PSc190233,FUV
PSc190233,NUV
PSc190260,FUV
PSc190260,NUV
PSc190269,FUV
PSc190297,FUV
PSc190297,NUV
PSc200026,FUV
PSc200026,NUV
PSc200050,FUV
PSc200050,NUV
PSc200058,FUV
PSc200105,FUV
PSc200105,NUV
PSc200106,FUV
PSc200106,NUV
PSc200108,FUV
PSc200108,NUV
PSc200118,FUV
PSc200118,NUV
PSc210027,FUV
PSc210061,FUV
PSc210061,NUV
PSc210091,FUV
PSc210091,NUV
PSc210141,FUV
PSc210141,NUV
PSc300007,FUV
PSc300007,NUV
PSc300067,FUV
PSc300067,NUV
PSc300105,FUV
PSc300105,NUV
PSc300139,FUV
PSc300139,NUV
PSc300225,FUV
PSc300225,NUV
PSc300226,FUV
PSc310009,FUV
PSc310009,NUV
PSc310042,FUV
PSc310042,NUV
PSc310046,FUV
PSc310046,NUV
PSc310050,FUV
PSc310050,NUV
PSc310058,FUV
PSc310058,NUV
PSc310063,FUV
PSc310063,NUV
PSc310090,FUV
PSc310090,NUV
PSc310091,FUV
PSc310091,NUV
PSc310095,FUV
PSc310095,NUV
PSc310130,FUV
PSc310130,NUV
PSc310145,FUV
PSc310145,NUV
PSc310146,FUV
PSc310146,NUV
PSc310147,FUV
PSc310147,NUV
PSc310161,FUV
PSc310161,NUV
PSc310184,FUV
PSc310184,NUV
PSc310185,FUV
PSc310185,NUV
PSc310188,FUV
PSc310188,NUV
PSc310203,FUV
PSc310203,NUV
PSc310205,FUV
PSc310205,NUV
PSc310219,FUV
PSc310219,NUV
PSc310220,FUV
PSc310220,NUV
PSc310226,FUV
PSc310226,NUV
PSc310238,FUV
PSc310238,NUV
PSc310240,FUV
PSc310240,NUV
PSc310260,FUV
PSc310260,NUV
PSc310271,FUV
PSc310271,NUV
PSc310552,FUV
PSc310552,NUV
PSc310555,FUV
PSc310555,NUV
PSc310564,FUV
PSc310564,NUV
PSc310574,FUV
PSc310574,NUV
PSc320077,FUV
PSc320077,NUV
PSc320123,FUV
PSc320123,NUV
PSc320180,FUV
PSc320180,NUV
PSc320258,FUV
PSc320258,NUV
PSc320336,FUV
PSc320336,NUV
PSc320345,FUV
PSc320345,NUV
PSc320388,FUV
PSc320388,NUV
PSc320441,FUV
PSc320441,NUV
PSc320492,FUV
PSc320492,NUV
PSc330016,FUV
PSc330016,NUV
PSc330022,FUV
PSc330022,NUV
PSc330049,FUV
PSc330049,NUV
PSc330060,FUV
PSc330060,NUV
PSc330061,FUV
PSc330061,NUV
PSc330089,FUV
PSc330089,NUV
PSc330101,FUV
PSc330101,NUV
PSc330103,FUV
PSc330103,NUV
PSc330128,FUV
PSc330128,NUV
PSc330132,FUV
PSc330132,NUV
PSc330146,FUV
PSc330146,NUV
PSc340014,FUV
PSc340014,NUV
PSc340069,FUV
PSc340069,NUV
PSc340105,FUV
PSc340115,FUV
PSc340115,NUV
PSc340121,FUV
PSc340121,NUV
PSc340125,FUV
PSc340125,NUV
PSc340163,FUV
PSc340163,NUV
PSc340334,FUV
PSc340334,NUV
PSc350027,FUV
PSc350027,NUV
PSc350049,FUV
PSc350049,NUV
PSc350050,FUV
PSc350050,NUV
PSc350073,FUV
PSc350073,NUV
PSc350083,FUV
PSc350083,NUV
PSc350152,FUV
PSc350152,NUV
PSc350181,FUV
PSc350181,NUV
PSc350192,FUV
PSc350192,NUV
PSc350213,FUV
PSc350219,FUV
PSc350219,NUV
PSc350233,FUV
PSc350233,NUV
PSc350319,FUV
PSc350319,NUV
PSc350335,FUV
PSc350335,NUV
PSc350356,FUV
PSc350356,NUV
PSc350390,FUV
PSc350390,NUV
PSc350393,FUV
PSc350393,NUV
PSc350436,FUV
PSc350436,NUV
PSc350480,FUV
PSc350480,NUV
PSc350548,FUV
PSc350548,NUV
PSc350583,FUV
PSc350583,NUV
PSc350613,FUV
PSc350613,NUV
PSc350637,FUV
PSc350637,NUV
PSc350668,FUV
PSc350668,NUV
PSc350714,FUV
PSc350714,NUV
PSc350771,FUV
PSc350771,NUV
PSc350869,FUV
PSc350869,NUV
PSc360014,FUV
PSc360014,NUV
PSc360027,FUV
PSc360027,NUV
PSc360052,FUV
PSc360052,NUV
PSc360123,FUV
PSc360123,NUV
PSc360125,FUV
PSc360125,NUV
PSc360136,FUV
PSc360136,NUV
PSc360140,FUV
PSc360140,NUV
PSc360145,FUV
PSc360145,NUV
PSc360147,FUV
PSc360147,NUV
PSc360148,FUV
PSc360148,NUV
PSc360154,FUV
PSc360154,NUV
PSc360162,FUV
PSc360162,NUV
PSc360193,FUV
PSc360193,NUV
PSc360276,FUV
PSc360276,NUV
PSc360283,FUV
PSc360283,NUV
PSc360285,FUV
PSc360285,NUV
PSc360346,NUV
PSc360414,FUV
PSc360414,NUV
PSc360440,FUV
PSc360440,NUV
PSc360465,FUV
PSc360465,NUV
PSc360526,FUV
PSc360526,NUV
PSc360627,FUV
PSc360627,NUV
PSc360647,NUV
PSc360701,FUV
PSc360701,NUV
PSc370034,FUV
PSc370034,NUV
PSc370075,FUV
PSc370075,NUV
PSc370081,FUV
PSc370081,NUV
PSc370096,FUV
PSc370096,NUV
PSc370119,FUV
PSc370119,NUV
PSc370143,FUV
PSc370143,NUV
PSc370161,FUV
PSc370161,NUV
PSc370285,FUV
PSc370285,NUV
PSc370335,FUV
PSc370335,NUV
PSc370376,FUV
PSc370376,NUV
PSc370473,FUV
PSc370473,NUV
PSc370504,FUV
PSc370504,NUV
PSc370528,FUV
PSc370528,NUV
PSc370542,FUV
PSc370542,NUV
PSc370563,FUV
PSc370563,NUV
PSc370566,FUV
PSc370566,NUV
PSc370575,FUV
PSc370575,NUV
PSc370589,FUV
PSc370593,FUV
PSc370593,NUV
PSc370595,FUV
PSc370595,NUV
PSc370610,FUV
PSc370610,NUV
PSc380006,FUV
PSc380006,NUV
PSc380024,NUV
PSc380073,FUV
PSc380073,NUV
PSc380075,FUV
PSc380075,NUV
PSc380077,FUV
PSc380077,NUV
PSc380079,FUV
PSc380079,NUV
PSc380092,FUV
PSc380092,NUV
PSc380095,FUV
PSc380147,FUV
PSc380147,NUV
PSc380218,FUV
PSc380218,NUV
PSc380282,FUV
PSc380282,NUV
PSc380287,FUV
PSc380287,NUV
PSc380318,FUV
PSc380318,NUV
PSc380358,FUV
PSc380358,NUV
PSc380378,FUV
PSc380378,NUV
PSc380381,FUV
PSc380381,NUV
PSc380392,FUV
PSc380392,NUV
PSc380421,FUV
PSc380424,FUV
PSc380424,NUV
PSc380433,FUV
PSc380433,NUV
PSc380438,FUV
PSc380438,NUV
PSc380479,FUV
PSc380479,NUV
PSc390040,FUV
PSc390040,NUV
PSc390124,FUV
PSc390124,NUV
PSc390185,FUV
PSc390185,NUV
PSc390229,FUV
PSc390229,NUV
PSc390259,FUV
PSc390259,NUV
PSc390271,FUV
PSc390271,NUV
PSc390442,NUV
PSc390471,NUV
PSc390476,NUV
PSc390479,NUV
PSc390505,FUV
PSc390505,NUV
PSc390574,FUV
PSc390574,NUV
PSc390578,FUV
PSc390578,NUV
PSc390610,FUV
PSc390610,NUV
PSc390629,FUV
PSc390629,NUV
PSc400042,NUV
PSc400061,FUV
PSc400061,NUV
PSc400103,FUV
PSc400103,NUV
PSc400106,FUV
PSc400106,NUV
PSc400202,NUV
PSc420100,FUV
PSc420100,NUV
PSc420138,FUV
PSc420138,NUV
PSc420159,FUV
PSc420159,NUV
PSc420171,FUV
PSc420171,NUV
PSc420196,FUV
PSc420196,NUV
PSc420206,FUV
PSc420206,NUV
PSc420239,FUV
PSc420239,NUV
PSc420246,FUV
PSc420246,NUV
PSc420258,FUV
PSc420258,NUV
PSc420259,FUV
PSc420259,NUV
PSc420350,FUV
PSc420350,NUV
PSc420355,FUV
PSc420355,NUV
PSc420417,FUV
PSc420417,NUV
PSc420435,FUV
PSc420435,NUV
PSc440003,FUV
PSc440003,NUV
PSc440012,FUV
PSc440012,NUV
PSc440040,FUV
PSc440040,NUV
PSc440162,FUV
PSc440162,NUV
PSc440201,FUV
PSc440201,NUV
PSc440216,FUV
PSc440216,NUV
PSc440229,FUV
PSc440229,NUV
PSc440236,FUV
PSc440236,NUV
PSc440242,FUV
PSc440242,NUV
PSc440296,FUV
PSc440296,NUV
PSc440398,FUV
PSc440398,NUV
PSc440474,FUV
PSc440474,NUV
PSc440488,FUV
PSc440488,NUV
PSc440504,FUV
PSc440504,NUV
PSc440509,FUV
PSc440509,NUV
PSc440531,FUV
PSc440531,NUV
PSc440616,FUV
PSc440616,NUV
PSc440639,FUV
PSc440639,NUV
PSc450054,FUV
PSc450054,NUV
PSc450080,FUV
PSc450080,NUV
PSc450087,FUV
PSc450087,NUV
PSc450107,FUV
PSc450107,NUV
PSc450200,FUV
PSc450200,NUV
PSc450247,FUV
PSc450247,NUV
PSc450256,FUV
PSc450256,NUV
PSc450274,FUV
PSc450274,NUV
PSc450311,FUV
PSc450311,NUV
PSc450335,FUV
PSc450335,NUV
PSc450344,NUV
PSc460002,FUV
PSc460002,NUV
PSc460003,FUV
PSc460003,NUV
PSc460004,FUV
PSc460004,NUV
PSc460005,FUV
PSc460005,NUV
PSc460019,FUV
PSc460019,NUV
PSc460026,FUV
PSc460026,NUV
PSc460038,FUV
PSc460038,NUV
PSc460054,FUV
PSc460054,NUV
PSc460063,FUV
PSc460063,NUV
PSc460065,FUV
PSc460065,NUV
PSc460067,FUV
PSc460067,NUV
PSc460082,FUV
PSc460082,NUV
PSc460105,FUV
PSc460105,NUV
PSc470041,FUV
PSc470041,NUV
PSc470110,FUV
PSc470110,NUV
PSc470114,FUV
PSc470114,NUV
PSc470244,FUV
PSc470244,NUV
PSc480003,FUV
PSc480003,NUV
PSc480035,FUV
PSc480035,NUV
PSc480042,FUV
PSc480042,NUV
PSc480126,FUV
PSc480126,NUV
PSc480162,FUV
PSc480162,NUV
PSc480173,FUV
PSc480173,NUV
PSc480179,FUV
PSc480179,NUV
PSc480180,FUV
PSc480180,NUV
PSc480189,FUV
PSc480189,NUV
PSc480193,FUV
PSc480193,NUV
PSc480195,FUV
PSc480195,NUV
PSc480214,FUV
PSc480214,NUV
PSc480315,FUV
PSc480315,NUV
PSc480348,FUV
PSc480348,NUV
PSc480371,FUV
PSc480371,NUV
PSc480427,FUV
PSc480427,NUV
PSc480500,FUV
PSc480500,NUV
PSc480560,FUV
PSc480560,NUV
PSc480630,FUV
PSc480630,NUV
PSc480635,FUV
PSc480644,FUV
PSc480644,NUV
PSc480732,FUV
PSc480732,NUV
PSc480791,FUV
PSc480791,NUV
PSc480813,FUV
PSc480813,NUV
PSc480844,FUV
PSc480844,NUV
PSc480925,FUV
PSc480925,NUV
PSc480930,FUV
PSc480930,NUV
PSc480943,FUV
PSc480943,NUV
PSc480945,FUV
PSc480945,NUV
PSc490001,FUV
PSc490001,NUV
PSc490007,FUV
PSc490007,NUV
PSc490008,FUV
PSc490008,NUV
PSc490015,FUV
PSc490015,NUV
PSc490037,FUV
PSc490037,NUV
PSc490156,FUV
PSc490156,NUV
PSc490191,FUV
PSc490191,NUV
PSc490199,FUV
PSc490199,NUV
PSc490203,FUV
PSc490203,NUV
PSc490402,FUV
PSc490402,NUV
PSc490403,FUV
PSc490403,NUV
PSc490434,FUV
PSc490434,NUV
PSc490442,FUV
PSc490442,NUV
PSc490488,FUV
PSc490488,NUV
PSc490579,FUV
PSc490579,NUV
PSc500001,FUV
PSc500001,NUV
PSc500009,FUV
PSc500009,NUV
PSc500016,NUV
PSc500018,FUV
PSc500018,NUV
PSc500025,NUV
PSc500032,NUV
PSc500035,FUV
PSc500035,NUV
PSc500043,FUV
PSc500049,FUV
PSc500049,NUV
PSc500057,FUV
PSc500057,NUV
PSc500065,FUV
PSc500067,FUV
PSc500067,NUV
PSc500074,FUV
PSc500074,NUV
PSc500078,NUV
PSc500091,FUV
PSc500091,NUV
PSc500093,FUV
PSc500093,NUV
PSc500099,FUV
PSc500099,NUV
PSc500100,FUV
PSc500100,NUV
PSc500163,FUV
PSc500163,NUV
PSc500256,FUV
PSc500256,NUV
PSc500274,FUV
PSc500274,NUV
PSc500362,FUV
PSc500362,NUV
PSc500369,FUV
PSc500369,NUV
PSc500389,FUV
PSc500389,NUV
PSc500457,FUV
PSc500457,NUV
PSc500484,FUV
PSc500484,NUV
PSc500511,FUV
PSc500511,NUV
PSc510122,FUV
PSc510122,NUV
PSc510147,FUV
PSc510147,NUV
PSc510203,FUV
PSc510203,NUV
PSc510234,FUV
PSc510234,NUV
PSc510251,FUV
PSc510251,NUV
PSc510305,NUV
PSc510457,FUV
PSc510457,NUV
PSc510578,FUV
PSc510578,NUV
PSc510597,FUV
PSc510597,NUV
PSc510638,FUV
PSc510638,NUV
PSc510650,FUV
PSc510650,NUV
PSc510653,FUV
PSc510653,NUV
PSc520016,FUV
PSc520016,NUV
PSc520017,NUV
PSc520041,FUV
PSc520041,NUV
PSc520054,FUV
PSc520054,NUV
PSc520059,NUV
PSc520061,NUV
PSc520062,NUV
PSc520083,FUV
PSc520083,NUV
PSc520086,FUV
PSc520086,NUV
PSc520120,FUV
PSc520120,NUV
PSc520138,FUV
PSc520138,NUV
PSc520171,FUV
PSc520171,NUV
PSc520188,NUV
PSc520232,FUV
PSc520232,NUV
PSc520252,FUV
PSc520252,NUV
PSc530009,FUV
PSc530009,NUV
PSc530031,FUV
PSc530031,NUV
PSc530032,FUV
PSc530032,NUV
PSc530037,FUV
PSc530037,NUV
PSc530081,FUV
PSc530081,NUV
PSc530086,FUV
PSc530086,NUV
PSc530089,FUV
PSc530089,NUV
PSc530100,FUV
PSc530100,NUV
PSc530112,FUV
PSc530112,NUV
PSc530115,FUV
PSc530115,NUV
PSc530198,FUV
PSc530198,NUV
PSc530201,FUV
PSc530201,NUV
PSc530219,FUV
PSc530219,NUV
PSc530251,FUV
PSc530251,NUV
PSc530258,FUV
PSc530258,NUV
PSc530286,NUV
PSc530302,FUV
PSc530302,NUV
PSc530306,FUV
PSc530306,NUV
PSc530460,FUV
PSc530460,NUV
PSc530500,FUV
PSc530500,NUV
PSc530502,FUV
PSc530502,NUV
PSc530547,FUV
PSc530547,NUV
PSc530548,FUV
PSc530548,NUV
PSc530585,FUV
PSc530585,NUV
PSc530618,FUV
PSc530618,NUV
PSc530621,FUV
PSc530621,NUV
PSc530630,FUV
PSc530630,NUV
PSc530698,FUV
PSc530698,NUV
PSc540029,FUV
PSc540029,NUV
PSc540040,FUV
PSc540040,NUV
PSc540045,FUV
PSc540045,NUV
PSc540046,FUV
PSc540046,NUV
PSc540077,FUV
PSc540077,NUV
PSc540091,FUV
PSc540091,NUV
PSc540110,FUV
PSc540110,NUV
PSc540116,FUV
PSc540116,NUV
PSc540138,FUV
PSc540138,NUV
PSc540147,FUV
PSc540147,NUV
PSc540152,FUV
PSc540152,NUV
PSc540157,FUV
PSc540157,NUV
PSc540221,FUV
PSc540221,NUV
PSc540227,FUV
PSc540227,NUV
PSc540251,FUV
PSc540251,NUV
PSc540272,FUV
PSc540272,NUV
PSc540284,FUV
PSc540284,NUV
PSc540291,FUV
PSc540291,NUV
PSc550009,FUV
PSc550009,NUV
PSc550031,FUV
PSc550041,FUV
PSc550041,NUV
PSc550047,FUV
PSc550047,NUV
PSc550059,FUV
PSc550059,NUV
PSc550060,FUV
PSc550060,NUV
PSc550067,FUV
PSc550067,NUV
PSc550096,FUV
PSc550096,NUV
PSc550137,FUV
PSc550137,NUV
PSc550146,FUV
PSc550146,NUV
PSc550176,FUV
PSc550176,NUV
PSc550197,FUV
PSc550197,NUV
PSc550200,FUV
PSc550200,NUV
PSc550202,FUV
PSc550202,NUV
PSc550218,FUV
PSc550218,NUV
PSc550225,NUV
PSc550226,FUV
PSc550226,NUV
PSc560054,FUV
PSc560054,NUV
PSc560075,FUV
PSc560075,NUV
PSc560087,FUV
PSc560087,NUV
PSc560106,FUV
PSc560106,NUV
PSc560120,FUV
PSc560120,NUV
PSc560121,FUV
PSc560121,NUV
PSc560150,FUV
PSc560150,NUV
PSc570022,FUV
PSc570022,NUV
PSc570025,NUV
PSc570056,FUV
PSc570056,NUV
PSc570062,FUV
PSc570062,NUV
PSc570070,FUV
PSc570070,NUV
PSc580005,FUV
PSc580005,NUV
PSc580010,FUV
PSc580021,FUV
PSc580021,NUV
PSc580024,FUV
PSc580045,FUV
PSc580045,NUV
PSc580072,FUV
PSc580122,FUV
PSc580122,NUV
PSc580235,FUV
PSc580235,NUV
PSc580263,FUV
PSc580263,NUV
PSc580268,FUV
PSc580268,NUV
PSc580275,FUV
PSc580275,NUV
PSc580276,FUV
PSc580276,NUV
PSc580285,FUV
PSc580285,NUV
PSc580300,FUV
PSc580300,NUV
PSc580311,FUV
PSc580311,NUV
PSc580319,FUV
PSc580319,NUV
PSc590002,FUV
PSc590002,NUV
PSc590005,FUV
PSc590005,NUV
PSc590031,FUV
PSc590031,NUV
PSc590062,FUV
PSc590062,NUV
PSc590170,FUV
PSc590170,NUV
PSc590177,FUV
PSc590177,NUV
PSc590191,FUV
PSc590194,FUV
PSc590194,NUV
PSc590248,FUV
PSc590248,NUV
PSN J01340299-0104458,FUV
PSN J01340299-0104458,NUV
PSN J02263653+1208555,FUV
PSN J02263653+1208555,NUV
PSN J07250042+2347030,FUV
PSN J07250042+2347030,NUV
PSN J07325276+2929530,FUV
PSN J07325276+2929530,NUV
PSN J09475974+5031082,NUV
PSN J20540830-7820035,FUV
PSN J20540830-7820035,NUV
PSN J22154081-4551086,NUV
PTF09dlc,FUV
PTF09dlc,NUV
PTF09dxo,FUV
PTF09dxo,NUV
PTF09eoi,FUV
PTF09eoi,NUV
PTF09foz,FUV
PTF09gul,NUV
PTF09hpl,FUV
PTF09hpl,NUV
PTF09hql,FUV
PTF09hql,NUV
PTF10aaea,FUV
PTF10aaea,NUV
PTF10abws,FUV
PTF10abws,NUV
PTF10abwy,FUV
PTF10abwy,NUV
PTF10acdd,NUV
PTF10acdh,FUV
PTF10acdh,NUV
PTF10acnz,NUV
PTF10acqp,NUV
PTF10bjs,NUV
PTF10bvr,FUV
PTF10bvr,NUV
PTF10bxs,FUV
PTF10bxs,NUV
PTF10elk,FUV
PTF10elk,NUV
PTF10feg,FUV
PTF10fhb,FUV
PTF10fhb,NUV
PTF10gmg,FUV
PTF10gmg,NUV
PTF10gmj,FUV
PTF10gmj,NUV
PTF10gnj,FUV
PTF10gnj,NUV
PTF10gsp,FUV
PTF10gvl,FUV
PTF10gvl,NUV
PTF10hcu,FUV
PTF10hcu,NUV
PTF10hdn,FUV
PTF10hdn,NUV
PTF10hld,FUV
PTF10hld,NUV
PTF10hne,FUV
PTF10hne,NUV
PTF10htz,FUV
PTF10htz,NUV
PTF10icb,FUV
PTF10icb,NUV
PTF10ifj,NUV
PTF10iyc,FUV
PTF10iyc,NUV
PTF10jop,FUV
PTF10jop,NUV
PTF10jqz,NUV
PTF10jtp,FUV
PTF10jtp,NUV
PTF10kzf,FUV
PTF10kzf,NUV
PTF10mtd,FUV
PTF10ndc,FUV
PTF10ndc,NUV
PTF10nlg,FUV
PTF10nlg,NUV
PTF10nyt,FUV
PTF10nyt,NUV
PTF10ops,FUV
PTF10ops,NUV
PTF10pdf,FUV
PTF10pdf,NUV
PTF10pvi,FUV
PTF10pvi,NUV
PTF10qfo,FUV
PTF10qfo,NUV
PTF10qhp,NUV
PTF10qjq,FUV
PTF10qjq,NUV
PTF10qky,FUV
PTF10qky,NUV
PTF10qna,FUV
PTF10qsc,FUV
PTF10qsc,NUV
PTF10rab,FUV
PTF10rab,NUV
PTF10rhi,NUV
PTF10rks,NUV
PTF10rlq,FUV
PTF10rlq,NUV
PTF10tqy,FUV
PTF10trp,FUV
PTF10trr,FUV
PTF10trr,NUV
PTF10twd,NUV
PTF10ubm,FUV
PTF10ubm,NUV
PTF10vfo,FUV
PTF10vfo,NUV
PTF10vnu,FUV
PTF10vqv,FUV
PTF10vqv,NUV
PTF10vyl,FUV
PTF10vyl,NUV
PTF10wnq,NUV
PTF10wnt,FUV
PTF10wor,FUV
PTF10wor,NUV
PTF10xgc,FUV
PTF10xgc,NUV
PTF10xij,FUV
PTF10xij,NUV
PTF10xjm,FUV
PTF10xjm,NUV
PTF10xjy,FUV
PTF10xjy,NUV
PTF10xk,FUV
PTF10xsk,FUV
PTF10xsk,NUV
PTF10xvh,FUV
PTF10xvh,NUV
PTF10yhj,NUV
PTF10yyt,FUV
PTF10yyt,NUV
PTF10zhi,NUV
PTF11abm,FUV
PTF11abm,NUV
PTF11aii,FUV
PTF11aii,NUV
PTF11ao,NUV
PTF11atu,NUV
PTF11biv,FUV
PTF11biv,NUV
PTF11bkf,NUV
PTF11bnf,FUV
PTF11bnf,NUV
PTF11bnx,FUV
PTF11bnx,NUV
PTF11bof,NUV
PTF11byi,FUV
PTF11byi,NUV
PTF11cao,FUV
PTF11cao,NUV
PTF11cbq,FUV
PTF11cbq,NUV
PTF11cml,FUV
PTF11cml,NUV
PTF11crr,NUV
PTF11ctn,FUV
PTF11ctn,NUV
PTF11cus,FUV
PTF11cus,NUV
PTF11daj,FUV
PTF11daj,NUV
PTF11dfv,FUV
PTF11dfv,NUV
PTF11dhq,FUV
PTF11dhq,NUV
PTF11dif,NUV
PTF11dlp,FUV
PTF11dlp,NUV
PTF11dsn,FUV
PTF11dsn,NUV
PTF11dva,NUV
PTF11dwn,FUV
PTF11dwn,NUV
PTF11dws,FUV
PTF11dws,NUV
PTF11dzm,FUV
PTF11dzm,NUV
PTF11ecn,FUV
PTF11ecn,NUV
PTF11egs,FUV
PTF11egs,NUV
PTF11eie,FUV
PTF11eie,NUV
PTF11eot,NUV
PTF11erh,FUV
PTF11erh,NUV
PTF11foq,FUV
PTF11foq,NUV
PTF11for,FUV
PTF11for,NUV
PTF11fqf,FUV
PTF11fqf,NUV
PTF11fsv,NUV
PTF11fwe,FUV
PTF11fwe,NUV
PTF11gal,NUV
PTF11gbd,NUV
PTF11gcb,FUV
PTF11gcb,NUV
PTF11gcc,FUV
PTF11gcc,NUV
PTF11gdh,FUV
PTF11gdh,NUV
PTF11gdm,FUV
PTF11gin,FUV
PTF11gin,NUV
PTF11gjb,FUV
PTF11gjb,NUV
PTF11gjh,FUV
PTF11gjh,NUV
PTF11glq,FUV
PTF11glq,NUV
PTF11htb,FUV
PTF11htb,NUV
PTF11icm,NUV
PTF11iho,NUV
PTF11iid,FUV
PTF11iid,NUV
PTF11ikv,FUV
PTF11ikv,NUV
PTF11ipz,FUV
PTF11ipz,NUV
PTF11ivb,FUV
PTF11ivb,NUV
PTF11izs,FUV
PTF11izs,NUV
PTF11jar,FUV
PTF11jar,NUV
PTF11jaw,NUV
PTF11jba,NUV
PTF11jgq,FUV
PTF11jgq,NUV
PTF11jpv,NUV
PTF11kdc,NUV
PTF11kdw,FUV
PTF11kdw,NUV
PTF11khk,FUV
PTF11khk,NUV
PTF11kju,FUV
PTF11kju,NUV
PTF11klp,FUV
PTF11klp,NUV
PTF11klt,FUV
PTF11klt,NUV
PTF11kod,FUV
PTF11kod,NUV
PTF11lbc,FUV
PTF11lbc,NUV
PTF11lcf,FUV
PTF11lcf,NUV
PTF11liu,FUV
PTF11liu,NUV
PTF11lmz,FUV
PTF11lmz,NUV
PTF11lpv,FUV
PTF11lpv,NUV
PTF11mfy,FUV
PTF11mfy,NUV
PTF11moy,FUV
PTF11moy,NUV
PTF11mto,FUV
PTF11mto,NUV
PTF11mty,FUV
PTF11mty,NUV
PTF11muf,FUV
PTF11muf,NUV
PTF11mvg,NUV
PTF11mxk,FUV
PTF11mxk,NUV
PTF11nvm,NUV
PTF11owc,FUV
PTF11owc,NUV
PTF11oyn,FUV
PTF11oyn,NUV
PTF11ozd,FUV
PTF11ozd,NUV
PTF11pfp,FUV
PTF11pfp,NUV
PTF11phk,NUV
PTF11phm,FUV
PTF11ppn,FUV
PTF11ppn,NUV
PTF11qbk,FUV
PTF11qbk,NUV
PTF11qgy,FUV
PTF11qgy,NUV
PTF11qko,FUV
PTF11qko,NUV
PTF11qmn,NUV
PTF11qpc,NUV
PTF11quu,NUV
PTF11rem,FUV
PTF11rem,NUV
PTF11rkd,FUV
PTF11rkd,NUV
PTF11rke,FUV
PTF11rke,NUV
PTF11rnq,FUV
PTF11rnq,NUV
PTF11rnu,FUV
PTF11rnu,NUV
PTF11rpc,FUV
PTF11rpc,NUV
PTF11rpz,FUV
PTF11rpz,NUV
PTF11vl,FUV
PTF11vl,NUV
PTF11wv,FUV
PTF11yp,FUV
PTF11yp,NUV
PTF12aob,FUV
PTF12aob,NUV
PTF12art,FUV
PTF12art,NUV
PTF12asw,FUV
PTF12asw,NUV
PTF12bnb,NUV
PTF12bsa,NUV
PTF12bwc,FUV
PTF12bwc,NUV
PTF12ccz,FUV
PTF12ccz,NUV
PTF12cdb,NUV
PTF12cgc,NUV
PTF12cia,FUV
PTF12cia,NUV
PTF12dco,FUV
PTF12dco,NUV
PTF12dgy,FUV
PTF12dgy,NUV
PTF12dhb,FUV
PTF12dhb,NUV
PTF12dhk,NUV
PTF12dhl,FUV
PTF12dhl,NUV
PTF12dst,FUV
PTF12dst,NUV
PTF12dsu,FUV
PTF12dsu,NUV
PTF12dxf,FUV
PTF12dxf,NUV
PTF12dxm,FUV
PTF12dxm,NUV
PTF12dyr,FUV
PTF12dyr,NUV
PTF12eab,FUV
PTF12eab,NUV
PTF12eaj,FUV
PTF12eaj,NUV
PTF12ebv,FUV
PTF12ebv,NUV
PTF12eck,FUV
PTF12eck,NUV
PTF12ecr,FUV
PTF12ecr,NUV
PTF12edl,FUV
PTF12edl,NUV
PTF12eer,NUV
PTF12egr,FUV
PTF12egr,NUV
PTF12ekl,FUV
PTF12ekl,NUV
PTF12elj,FUV
PTF12elj,NUV
PTF12emh,FUV
PTF12emh,NUV
PTF12emp,FUV
PTF12emp,NUV
PTF12esv,FUV
PTF12esv,NUV
PTF12fhn,FUV
PTF12fhn,NUV
PTF12fir,FUV
PTF12fir,NUV
PTF12fjx,FUV
PTF12fjx,NUV
PTF12fkk,FUV
PTF12fkk,NUV
PTF12fls,FUV
PTF12fls,NUV
PTF12fsd,NUV
PTF12fuu,FUV
PTF12fuu,NUV
PTF12fxd,NUV
PTF12gax,FUV
PTF12gax,NUV
PTF12gbr,FUV
PTF12gbr,NUV
PTF12gdq,FUV
PTF12gdq,NUV
PTF12gix,FUV
PTF12gix,NUV
PTF12giy,FUV
PTF12giy,NUV
PTF12gkn,FUV
PTF12gkn,NUV
PTF12gmq,NUV
PTF12gmu,FUV
PTF12gmu,NUV
PTF12gmv,FUV
PTF12gmv,NUV
PTF12gmy,FUV
PTF12gmy,NUV
PTF12gnw,FUV
PTF12gnw,NUV
PTF12gpd,FUV
PTF12gpd,NUV
PTF12gqy,FUV
PTF12gqy,NUV
PTF12grk,FUV
PTF12grk,NUV
PTF12gui,FUV
PTF12gui,NUV
PTF12gvq,FUV
PTF12gvq,NUV
PTF12hdb,FUV
PTF12hdb,NUV
PTF12hmx,FUV
PTF12hmx,NUV
PTF12hnr,FUV
PTF12hnr,NUV
PTF12hwb,FUV
PTF12hwb,NUV
PTF12hws,FUV
PTF12hws,NUV
PTF12ibd,FUV
PTF12ibd,NUV
PTF12ie,FUV
PTF12ie,NUV
PTF12igw,NUV
PTF12ikt,FUV
PTF12ikt,NUV
PTF12ilb,FUV
PTF12ilb,NUV
PTF12irx,NUV
PTF12itq,FUV
PTF12itq,NUV
PTF12jb,NUV
PTF12lc,FUV
PTF12lc,NUV
PTF12mj,FUV
PTF12mj,NUV
PTF12ml,FUV
PTF12ml,NUV
PTF12rz,FUV
PTF12rz,NUV
PTF12sz,NUV
PTF12yc,FUV
PTF12yc,NUV
PTF12zp,FUV
PTF12zp,NUV
PTF13ai,FUV
PTF13ai,NUV
PTF13aol,FUV
PTF13aol,NUV
PTF13aro,FUV
PTF13aro,NUV
PTF13ats,FUV
PTF13ats,NUV
PTF13byn,FUV
PTF13byn,NUV
PTF13cat,FUV
PTF13cat,NUV
PTF13ccc,FUV
PTF13ccc,NUV
PTF13ccq,FUV
PTF13ccq,NUV
PTF13cjh,FUV
PTF13cjh,NUV
PTF13cuv,FUV
PTF13cuv,NUV
PTF13cyy,FUV
PTF13cyy,NUV
PTF13daa,FUV
PTF13daa,NUV
PTF13dat,FUV
PTF13dat,NUV
PTF13ddg,FUV
PTF13ddg,NUV
PTF13ddi,NUV
PTF13dfa,FUV
PTF13dfa,NUV
PTF13dhp,FUV
PTF13dhp,NUV
PTF13dnj,FUV
PTF13dnj,NUV
PTF13dnw,FUV
PTF13dnw,NUV
PTF13dpz,FUV
PTF13dpz,NUV
PTF13dqa,FUV
PTF13dqa,NUV
PTF13dqc,NUV
PTF13dqj,NUV
PTF13dzm,FUV
PTF13dzm,NUV
PTF13e,FUV
PTF13e,NUV
PTF13f,FUV
PTF13f,NUV
PTF13i,FUV
PTF13i,NUV
ROTSE3 J114340.5+485056,FUV
ROTSE3 J114340.5+485056,NUV
ROTSE3 J125708.9-172527,NUV
ROTSE3 J133033.0-313427,FUV
ROTSE3 J133033.0-313427,NUV
SDSS-II SN 10480,FUV
SDSS-II SN 10480,NUV
SDSS-II SN 10690,FUV
SDSS-II SN 10690,NUV
SDSS-II SN 12133,FUV
SDSS-II SN 12133,NUV
SDSS-II SN 15251,NUV
SDSS-II SN 15350,NUV
SDSS-II SN 15685,FUV
SDSS-II SN 15685,NUV
SDSS-II SN 15697,FUV
SDSS-II SN 16417,FUV
SDSS-II SN 16417,NUV
SDSS-II SN 16889,FUV
SDSS-II SN 16889,NUV
SDSS-II SN 18100,FUV
SDSS-II SN 18588,FUV
SDSS-II SN 18588,NUV
SDSS-II SN 18761,FUV
SDSS-II SN 18761,NUV
SDSS-II SN 18969,FUV
SDSS-II SN 18969,NUV
SDSS-II SN 19334,FUV
SDSS-II SN 19334,NUV
SDSS-II SN 19346,FUV
SDSS-II SN 19467,FUV
SDSS-II SN 19589,FUV
SDSS-II SN 19589,NUV
SDSS-II SN 19793,FUV
SDSS-II SN 19793,NUV
SDSS-II SN 19804,FUV
SDSS-II SN 19804,NUV
SDSS-II SN 1998,NUV
SDSS-II SN 19986,FUV
SDSS-II SN 20183,FUV
SDSS-II SN 20183,NUV
SDSS-II SN 20265,FUV
SDSS-II SN 20265,NUV
SDSS-II SN 20268,FUV
SDSS-II SN 20268,NUV
SDSS-II SN 20273,FUV
SDSS-II SN 20273,NUV
SDSS-II SN 20497,FUV
SDSS-II SN 20497,NUV
SDSS-II SN 20536,NUV
SDSS-II SN 20867,FUV
SDSS-II SN 20867,NUV
SDSS-II SN 20895,FUV
SDSS-II SN 20895,NUV
SDSS-II SN 20953,FUV
SDSS-II SN 20964,FUV
SDSS-II SN 20964,NUV
SDSS-II SN 20965,FUV
SDSS-II SN 20965,NUV
SDSS-II SN 20998,FUV
SDSS-II SN 21027,FUV
SDSS-II SN 21129,FUV
SDSS-II SN 21129,NUV
SDSS-II SN 21391,FUV
SDSS-II SN 21391,NUV
SDSS-II SN 21413,FUV
SDSS-II SN 21413,NUV
SDSS-II SN 3780,FUV
SDSS-II SN 4229,FUV
SDSS-II SN 5802,FUV
SDSS-II SN 5802,NUV
SDSS-II SN 5909,FUV
SDSS-II SN 5909,NUV
SDSS-II SN 6687,FUV
SDSS-II SN 6687,NUV
SDSS-II SN 7794,FUV
SDSS1400-53470-351,FUV
SDSS1400-53470-351,NUV
SDSS1791-54266-583,FUV
SDSS1791-54266-583,NUV
SDSS2159-54328-161,FUV
SDSS2159-54328-161,NUV
SDSS2603-54479-486,NUV
SDSS2744-54272-561,NUV
SDSS2768-54265-233,FUV
SDSS2768-54265-233,NUV
SDSS2886-54498-598,NUV
SMT J00570506-362623,FUV
SMT J00570506-362623,NUV
SMT J03253351-5344190,FUV
SMT J03253351-5344190,NUV
SN2004db,FUV
SN2004db,NUV
SN2004fz,FUV
SN2004fz,NUV
SN2004ha,FUV
SN2005ak,FUV
SN2005ak,NUV
SN2005iz,FUV
SN2005iz,NUV
SN2005mv,NUV
SN2006ak,NUV
SN2006ar,FUV
SN2006ar,NUV
SN2006bw,FUV
SN2006bw,NUV
SN2006dh,FUV
SN2006dh,NUV
SN2006ev,FUV
SN2006ev,NUV
SN2006hn,FUV
SN2006ie,NUV
SN2006io,FUV
SN2006io,NUV
SN2006ji,FUV
SN2006ji,NUV
SN2006jk,FUV
SN2006jk,NUV
SN2006jp,NUV
SN2006ls,FUV
SN2006ls,NUV
SN2006ly,FUV
SN2006mo,FUV
SN2006mo,NUV
SN2006nd,FUV
SN2006nm,FUV
SN2006nm,NUV
SN2006oh,FUV
SN2006oh,NUV
SN2006ot,FUV
SN2006ot,NUV
SN2006qe,FUV
SN2006qe,NUV
SN2006qy,FUV
SN2006qy,NUV
SN2006rg,FUV
SN2006rg,NUV
SN2006sm,FUV
SN2006tn,FUV
SN2006tv,FUV
SN2007A,FUV
SN2007A,NUV
SN2007ae,FUV
SN2007B,NUV
SN2007cf,NUV
SN2007cn,FUV
SN2007cn,NUV
SN2007cp,NUV
SN2007cx,FUV
SN2007cx,NUV
SN2007cy,FUV
SN2007cy,NUV
SN2007ek,NUV
SN2007eo,NUV
SN2007ey,FUV
SN2007ey,NUV
SN2007ez,FUV
SN2007ez,NUV
SN2007F,NUV
SN2007fc,FUV
SN2007fc,NUV
SN2007fh,FUV
SN2007fh,NUV
SN2007gc,FUV
SN2007gc,NUV
SN2007gd,FUV
SN2007gd,NUV
SN2007gf,FUV
SN2007gf,NUV
SN2007gu,FUV
SN2007gu,NUV
SN2007ha,FUV
SN2007ha,NUV
SN2007hf,FUV
SN2007hf,NUV
SN2007hh,FUV
SN2007hh,NUV
SN2007ho,FUV
SN2007ho,NUV
SN2007hu,FUV
SN2007hu,NUV
SN2007im,FUV
SN2007ip,FUV
SN2007lr,FUV
SN2007lr,NUV
SN2007ly,FUV
SN2007mb,FUV
SN2007mb,NUV
SN2007ml,FUV
SN2007ml,NUV
SN2007ox,FUV
SN2007pd,FUV
SN2007pd,NUV
SN2007pu,FUV
SN2007pw,FUV
SN2007pw,NUV
SN2007qn,FUV
SN2007qn,NUV
SN2007qp,FUV
SN2007qp,NUV
SN2007rq,FUV
SN2007rq,NUV
SN2007rr,FUV
SN2007rr,NUV
SN2007rs,FUV
SN2007rs,NUV
SN2007rx,FUV
SN2007rx,NUV
SN2007S,FUV
SN2007sh,FUV
SN2007sh,NUV
SN2007ss,FUV
SN2007ss,NUV
SN2007st,FUV
SN2007st,NUV
SN2007tv,FUV
SN2007tw,FUV
SN2007ub,FUV
SN2007ud,FUV
SN2007uh,FUV
SN2007ui,FUV
SN2007um,FUV
SN2007ur,FUV
SN2008A,FUV
SN2008A,NUV
SN2008ac,FUV
SN2008ba,NUV
SN2008bf,FUV
SN2008bf,NUV
SN2008cd,FUV
SN2008cd,NUV
SN2008ck,FUV
SN2008ck,NUV
SN2008cl,FUV
SN2008cm,FUV
SN2008cm,NUV
SN2008cp,FUV
SN2008cp,NUV
SN2008ct,FUV
SN2008ct,NUV
SN2008cv,FUV
SN2008cv,NUV
SN2008dh,FUV
SN2008dk,FUV
SN2008dk,NUV
SN2008dr,FUV
SN2008E,NUV
SN2008ec,FUV
SN2008ec,NUV
SN2008fr,FUV
SN2008fr,NUV
SN2008gl,FUV
SN2008gl,NUV
SN2008go,FUV
SN2008go,NUV
SN2008gy,FUV
SN2008gy,NUV
SN2008hc,FUV
SN2008hc,NUV
SN2008hd,FUV
SN2008he,NUV
SN2008hf,FUV
SN2008hf,NUV
SN2008hr,FUV
SN2008io,NUV
SN2008is,FUV
SN2008is,NUV
SN2008it,NUV
SN2008ix,FUV
SN2008ix,NUV
SN2008Q,FUV
SN2008Q,NUV
SN2008R,FUV
SN2008R,NUV
SN2008r3,FUV
SN2008r3,NUV
SN2008s8,NUV
SN2009ad,FUV
SN2009ad,NUV
SN2009ae,FUV
SN2009ae,NUV
SN2009ai,FUV
SN2009ai,NUV
SN2009av,FUV
SN2009av,NUV
SN2009bc,FUV
SN2009bc,NUV
SN2009bd,NUV
SN2009bf,FUV
SN2009bf,NUV
SN2009bp,NUV
SN2009bx,FUV
SN2009bx,NUV
SN2009cg,FUV
SN2009cg,NUV
SN2009cj,FUV
SN2009co,FUV
SN2009co,NUV
SN2009cu,FUV
SN2009D,FUV
SN2009D,NUV
SN2009da,FUV
SN2009da,NUV
SN2009dg,FUV
SN2009dj,NUV
SN2009dk,FUV
SN2009dr,FUV
SN2009dr,NUV
SN2009du,FUV
SN2009eh,FUV
SN2009ej,FUV
SN2009ej,NUV
SN2009ep,FUV
SN2009ep,NUV
SN2009ev,FUV
SN2009ev,NUV
SN2009ew,FUV
SN2009ew,NUV
SN2009fa,NUV
SN2009fb,FUV
SN2009fb,NUV
SN2009fe,FUV
SN2009fe,NUV
SN2009fi,NUV
SN2009fj,FUV
SN2009fk,FUV
SN2009fl,FUV
SN2009fv,FUV
SN2009fv,NUV
SN2009fw,NUV
SN2009fx,FUV
SN2009fx,NUV
SN2009gq,FUV
SN2009gq,NUV
SN2009gs,FUV
SN2009gs,NUV
SN2009gw,FUV
SN2009gw,NUV
SN2009hb,FUV
SN2009hb,NUV
SN2009he,FUV
SN2009he,NUV
SN2009hn,FUV
SN2009hp,FUV
SN2009hp,NUV
SN2009ht,FUV
SN2009ht,NUV
SN2009hv,FUV
SN2009hv,NUV
SN2009ia,FUV
SN2009ia,NUV
SN2009ic,FUV
SN2009ic,NUV
SN2009ik,FUV
SN2009ik,NUV
SN2009in,FUV
SN2009in,NUV
SN2009is,FUV
SN2009is,NUV
SN2009iv,FUV
SN2009iy,FUV
SN2009ji,FUV
SN2009ji,NUV
SN2009jj,NUV
SN2009jr,FUV
SN2009jr,NUV
SN2009jz,FUV
SN2009jz,NUV
SN2009ko,FUV
SN2009kp,FUV
SN2009kp,NUV
SN2009kq,FUV
SN2009kq,NUV
SN2009ku,FUV
SN2009kx,FUV
SN2009kz,FUV
SN2009lf,FUV
SN2009lf,NUV
SN2009lh,FUV
SN2009lh,NUV
SN2009lp,FUV
SN2009lp,NUV
SN2009lr,FUV
SN2009lr,NUV
SN2009lu,NUV
SN2009mc,FUV
SN2009mc,NUV
SN2009me,FUV
SN2009ml,FUV
SN2009mt,FUV
SN2009mv,FUV
SN2009mv,NUV
SN2009mx,FUV
SN2009mx,NUV
SN2009mz,FUV
SN2009mz,NUV
SN2009nc,FUV
SN2009nc,NUV
SN2009nd,FUV
SN2009nd,NUV
SN2009ni,FUV
SN2009nk,FUV
SN2009nk,NUV
SN2009no,FUV
SN2009no,NUV
SN2009nv,NUV
SN2009T,NUV
SN2009Y,FUV
SN2009Y,NUV
SN2010ao,FUV
SN2010ao,NUV
SN2010ap,FUV
SN2010ap,NUV
SN2010ar,FUV
SN2010ax,NUV
SN2010az,NUV
SN2010be,FUV
SN2010be,NUV
SN2010bg,FUV
SN2010bg,NUV
SN2010bl,NUV
SN2010bp,FUV
SN2010bp,NUV
SN2010cq,FUV
SN2010cq,NUV
SN2010cs,FUV
SN2010cs,NUV
SN2010cy,FUV
SN2010cy,NUV
SN2010dd,FUV
SN2010dd,NUV
SN2010dp,FUV
SN2010dp,NUV
SN2010dq,FUV
SN2010dq,NUV
SN2010dt,FUV
SN2010dt,NUV
SN2010eb,FUV
SN2010eb,NUV
SN2010el,FUV
SN2010el,NUV
SN2010ex,FUV
SN2010ez,FUV
SN2010ez,NUV
SN2010fa,FUV
SN2010fb,FUV
SN2010fc,FUV
SN2010fe,FUV
SN2010fg,FUV
SN2010fg,NUV
SN2010fh,FUV
SN2010fj,FUV
SN2010fm,FUV
SN2010fn,FUV
SN2010fs,FUV
SN2010ft,FUV
SN2010ft,NUV
SN2010fu,FUV
SN2010fu,NUV
SN2010fy,FUV
SN2010fy,NUV
SN2010G,FUV
SN2010G,NUV
SN2010ga,FUV
SN2010ga,NUV
SN2010gb,NUV
SN2010gl,FUV
SN2010gl,NUV
SN2010gm,FUV
SN2010gm,NUV
SN2010gn,FUV
SN2010gn,NUV
SN2010gv,FUV
SN2010gv,NUV
SN2010gz,FUV
SN2010gz,NUV
SN2010hs,FUV
SN2010hs,NUV
SN2010hu,FUV
SN2010hu,NUV
SN2010ia,FUV
SN2010ia,NUV
SN2010iv,FUV
SN2010iv,NUV
SN2010iw,FUV
SN2010iw,NUV
SN2010ix,FUV
SN2010ix,NUV
SN2010J,FUV
SN2010J,NUV
SN2010ja,FUV
SN2010ja,NUV
SN2010jb,FUV
SN2010jb,NUV
SN2010jf,FUV
SN2010jf,NUV
SN2010jv,FUV
SN2010jv,NUV
SN2010kf,FUV
SN2010kf,NUV
SN2010ki,FUV
SN2010ki,NUV
SN2010kk,FUV
SN2010kk,NUV
SN2010kl,FUV
SN2010kl,NUV
SN2010kz,FUV
SN2010kz,NUV
SN2010lc,FUV
SN2010lc,NUV
SN2010le,FUV
SN2010le,NUV
SN2010lh,FUV
SN2010lh,NUV
SN2010li,FUV
SN2010li,NUV
SN2010lw,FUV
SN2010lw,NUV
SN2010Y,FUV
SN2010Y,NUV
SN2011aa,FUV
SN2011aa,NUV
SN2011al,NUV
SN2011at,FUV
SN2011at,NUV
SN2011au,FUV
SN2011au,NUV
SN2011av,NUV
SN2011bd,FUV
SN2011bd,NUV
SN2011bf,FUV
SN2011bf,NUV
SN2011bu,FUV
SN2011bu,NUV
SN2011bw,FUV
SN2011bw,NUV
SN2011bx,FUV
SN2011bx,NUV
SN2011C,NUV
SN2011cg,FUV
SN2011cg,NUV
SN2011cr,FUV
SN2011cr,NUV
SN2011ct,FUV
SN2011ct,NUV
SN2011cu,FUV
SN2011cu,NUV
SN2011cy,FUV
SN2011cy,NUV
SN2011de,FUV
SN2011de,NUV
SN2011dj,FUV
SN2011dj,NUV
SN2011do,FUV
SN2011do,NUV
SN2011dz,FUV
SN2011dz,NUV
SN2011eb,FUV
SN2011eb,NUV
SN2011eh,FUV
SN2011eh,NUV
SN2011el,FUV
SN2011el,NUV
SN2011eq,FUV
SN2011eq,NUV
SN2011et,FUV
SN2011et,NUV
SN2011ez,NUV
SN2011fe,FUV
SN2011fe,NUV
SN2011fg,FUV
SN2011fg,NUV
SN2011fk,FUV
SN2011fk,NUV
SN2011fn,FUV
SN2011fn,NUV
SN2011fs,NUV
SN2011ga,FUV
SN2011ga,NUV
SN2011gg,FUV
SN2011gg,NUV
SN2011gi,FUV
SN2011gi,NUV
SN2011gj,FUV
SN2011gj,NUV
SN2011gk,NUV
SN2011gm,FUV
SN2011gm,NUV
SN2011gn,FUV
SN2011gn,NUV
SN2011gu,FUV
SN2011gu,NUV
SN2011ha,FUV
SN2011ha,NUV
SN2011hd,FUV
SN2011hd,NUV
SN2011he,FUV
SN2011he,NUV
SN2011hq,FUV
SN2011hv,FUV
SN2011hv,NUV
SN2011I,FUV
SN2011I,NUV
SN2011ic,NUV
SN2011ig,FUV
SN2011ig,NUV
SN2011il,FUV
SN2011il,NUV
SN2011im,FUV
SN2011im,NUV
SN2011iq,FUV
SN2011iq,NUV
SN2011iv,FUV
SN2011iv,NUV
SN2011iz,FUV
SN2011iz,NUV
SN2011J,NUV
SN2011jh,NUV
SN2011jn,NUV
SN2011jq,FUV
SN2011jq,NUV
SN2011jr,FUV
SN2011jr,NUV
SN2011jt,FUV
SN2011jt,NUV
SN2011ju,NUV
SN2011K,FUV
SN2011K,NUV
SN2011kc,NUV
SN2011kj,FUV
SN2011kj,NUV
SN2011kk,FUV
SN2011kk,NUV
SN2011L,FUV
SN2011L,NUV
SN2011T,FUV
SN2011T,NUV
SN2011U,FUV
SN2011U,NUV
SN2012ag,FUV
SN2012ag,NUV
SN2012ar,NUV
SN2012ax,FUV
SN2012ax,NUV
SN2012ay,FUV
SN2012ay,NUV
SN2012bf,FUV
SN2012bf,NUV
SN2012bh,FUV
SN2012bh,NUV
SN2012bj,FUV
SN2012bj,NUV
SN2012bl,FUV
SN2012bl,NUV
SN2012bp,FUV
SN2012bp,NUV
SN2012bx,NUV
SN2012cf,FUV
SN2012cf,NUV
SN2012cg,FUV
SN2012cg,NUV
SN2012ci,NUV
SN2012cu,FUV
SN2012cu,NUV
SN2012cv,FUV
SN2012cv,NUV
SN2012cx,FUV
SN2012cx,NUV
SN2012cy,NUV
SN2012da,FUV
SN2012da,NUV
SN2012dd,NUV
SN2012df,FUV
SN2012df,NUV
SN2012dg,FUV
SN2012dg,NUV
SN2012dn,FUV
SN2012dn,NUV
SN2012dq,FUV
SN2012dq,NUV
SN2012dw,FUV
SN2012dw,NUV
SN2012ei,NUV
SN2012eo,FUV
SN2012eo,NUV
SN2012eq,NUV
SN2012ev,FUV
SN2012ev,NUV
SN2012fm,FUV
SN2012fm,NUV
SN2012fw,FUV
SN2012fw,NUV
SN2012fx,FUV
SN2012fx,NUV
SN2012fz,FUV
SN2012fz,NUV
SN2012G,NUV
SN2012gb,FUV
SN2012gb,NUV
SN2012gd,NUV
SN2012go,NUV
SN2012gs,FUV
SN2012gs,NUV
SN2012gt,FUV
SN2012gt,NUV
SN2012gv,FUV
SN2012gv,NUV
SN2012gy,FUV
SN2012gy,NUV
SN2012H,FUV
SN2012H,NUV
SN2012hh,FUV
SN2012hh,NUV
SN2012hj,NUV
SN2012I,FUV
SN2012I,NUV
SN2012ia,NUV
SN2012id,NUV
SN2012ig,FUV
SN2012ig,NUV
SN2012ii,FUV
SN2012ii,NUV
SN2012ij,FUV
SN2012ij,NUV
SN2012M,FUV
SN2012M,NUV
SN2012O,FUV
SN2012O,NUV
SN2012X,FUV
SN2012X,NUV
SN2012Z,FUV
SN2012Z,NUV
SN2013ad,FUV
SN2013ad,NUV
SN2013ag,FUV
SN2013ag,NUV
SN2013ah,FUV
SN2013ah,NUV
SN2013al,NUV
SN2013ba,NUV
SN2013bc,NUV
SN2013bf,FUV
SN2013bf,NUV
SN2013bh,NUV
SN2013bo,FUV
SN2013bo,NUV
SN2013bt,FUV
SN2013bt,NUV
SN2013cp,FUV
SN2013cp,NUV
SN2013ct,FUV
SN2013ct,NUV
SN2013cx,FUV
SN2013cx,NUV
SN2013cy,FUV
SN2013cy,NUV
SN2013D,NUV
SN2013dh,FUV
SN2013dh,NUV
SN2013di,NUV
SN2013dj,FUV
SN2013dj,NUV
SN2013dy,FUV
SN2013dy,NUV
SN2013E,FUV
SN2013E,NUV
SN2013ea,NUV
SN2013ec,FUV
SN2013ec,NUV
SN2013ed,FUV
SN2013ed,NUV
SN2013eh,FUV
SN2013eh,NUV
SN2013em,FUV
SN2013em,NUV
SN2013en,FUV
SN2013en,NUV
SN2013eo,FUV
SN2013eo,NUV
SN2013er,FUV
SN2013er,NUV
SN2013et,FUV
SN2013et,NUV
SN2013fa,NUV
SN2013fn,FUV
SN2013fn,NUV
SN2013fo,FUV
SN2013fo,NUV
SN2013fw,FUV
SN2013fw,NUV
SN2013fy,FUV
SN2013fy,NUV
SN2013ga,FUV
SN2013ga,NUV
SN2013gf,FUV
SN2013gf,NUV
SN2013gh,FUV
SN2013gh,NUV
SN2013gi,FUV
SN2013gi,NUV
SN2013gn,FUV
SN2013gn,NUV
SN2013gw,FUV
SN2013gw,NUV
SN2013hg,FUV
SN2013hg,NUV
SN2013hl,FUV
SN2013hl,NUV
SN2013hm,FUV
SN2013hm,NUV
SN2013hy,NUV
SN2013N,FUV
SN2013N,NUV
SN2013P,FUV
SN2013P,NUV
SN2013Q,NUV
SN2013R,FUV
SN2013R,NUV
SN2013U,FUV
SN2013U,NUV
SN2013V,NUV
SN2013X,FUV
SN2013X,NUV
SN2013Y,NUV
SN2014ac,FUV
SN2014ac,NUV
SN2014ag,FUV
SN2014ag,NUV
SN2014am,NUV
SN2014at,FUV
SN2014at,NUV
SN2014bb,FUV
SN2014bb,NUV
SN2014bn,NUV
SN2014bo,FUV
SN2014bo,NUV
SN2014by,NUV
SN2014cb,NUV
SN2014ci,NUV
SN2014cj,FUV
SN2014cj,NUV
SN2014ck,NUV
SN2014cs,FUV
SN2014cs,NUV
SN2014cz,FUV
SN2014cz,NUV
SN2014D,FUV
SN2014D,NUV
SN2014da,FUV
SN2014da,NUV
SN2014dd,NUV
SN2014dl,FUV
SN2014dl,NUV
SN2014dn,NUV
SN2014dt,NUV
SN2014du,FUV
SN2014du,NUV
SN2014ea,FUV
SN2014ea,NUV
SN2014ey,FUV
SN2014ey,NUV
SN2014fm,FUV
SN2014fm,NUV
SN2014J,FUV
SN2014J,NUV
SN2014W,NUV
SN2014X,NUV
SNF20070427-001,NUV
SNF20070930-008,FUV
SNF20070930-008,NUV
SNF20071015-000,FUV
SNF20071015-000,NUV
SNF20080320-007,NUV
SNF20080322-000,FUV
SNF20080322-000,NUV
SNF20080322-001,FUV
SNF20080322-004,FUV
SNF20080322-004,NUV
SNF20080322-005,NUV
SNF20080329-003,NUV
SNF20080507-000,FUV
SNF20080507-000,NUV
SNF20080510-005,FUV
SNF20080510-005,NUV
SNF20080514-000,FUV
SNF20080514-000,NUV
SNF20080515-003,FUV
SNF20080515-003,NUV
SNF20080516-022,FUV
SNF20080516-022,NUV
SNF20080517-000,FUV
SNF20080517-000,NUV
SNF20080517-013,NUV
SNF20080522-011,FUV
SNF20080522-011,NUV
SNF20080610-003,FUV
SNF20080610-003,NUV
SNF20080612-003,NUV
SNF20080623-000,FUV
SNF20080623-000,NUV
SNF20080623-001,FUV
SNF20080623-001,NUV
SNF20080623-007,FUV
SNF20080626-002,FUV
SNF20080702-000,FUV
SNF20080702-000,NUV
SNF20080714-008,FUV
SNF20080714-008,NUV
SNF20080717-000,FUV
SNF20080725-000,FUV
SNF20080725-000,NUV
SNF20080802-006,FUV
SNF20080802-006,NUV
SNF20080805-007,NUV
SNF20080806-002,FUV
SNF20080806-002,NUV
SNF20080809-005,FUV
SNF20080809-005,NUV
SNF20080809-006,FUV
SNF20080809-006,NUV
SNF20080812-003,FUV
SNF20080812-003,NUV
SNF20080813-000,FUV
SNF20080813-000,NUV
SNF20080813-002,NUV
SNF20080815-017,FUV
SNF20080815-017,NUV
SNF20080816-009,FUV
SNF20080816-009,NUV
SNF20080817-005,FUV
SNF20080817-005,NUV
SNF20080822-003,FUV
SNF20080822-003,NUV
SNF20080822-005,NUV
SNF20080903-002,FUV
SNF20080903-002,NUV
SNF20080908-000,FUV
SNF20080908-000,NUV
SNF20080909-024,FUV
SNF20080909-024,NUV
SNF20080911-012,FUV
SNF20080911-012,NUV
SNF20080919-000,FUV
SNF20080919-001,FUV
SNF20080919-001,NUV
SNF20080919-002,FUV
SNhunt144,FUV
SNhunt144,NUV
SNhunt146,FUV
SNhunt146,NUV
SNhunt154,FUV
SNhunt154,NUV
SNhunt190,FUV
SNhunt190,NUV
SNhunt239,NUV
SNLS-05D4fo,NUV
SNLS-07D4dr,FUV
SNLS-07D4dr,NUV
SNLS-08D2id,FUV
SNLS-08D2kj,FUV
SNnearNGC1082,FUV
SNnearNGC1082,NUV
SN in MACSJ1423,NUV
SN Primo,FUV
SSS120810:231802560926,NUV
SSS120816:012937-175040,FUV
SSS120816:012937-175040,NUV
UDS10Wil,FUV
UDS10Wil,NUV
