Name,NED Object,Redshift
Adrian,SCP 06Z05,--
Aki,SCP 06A04,--
Caleb,SCP 06F12,--
Cayanne,SN HST04Cay,--
CSS091127:094447+083137,SDSS J094448.19+083154.3,--
CSS100912:223118+010516,SDSS J223118.20+010519.2,--
Eagle,Eagle Galaxy,0.768512
Emma,SDWFS J143430.13+342657.0:SN,--
ESSENCEf123,ESSENCE f123,0.5261
ESSENCEg097,ESSENCE g097,--
ESSENCEg142,ESSENCE g142,--
ESSENCEg225,ESSENCE g225,--
ESSENCEg230,ESSENCE g230,--
ESSENCEg240,ESSENCE g240,--
ESSENCEh300,ESSENCE h300,--
ESSENCEk411,ESSENCE k411,--
ESSENCEk467,ESSENCE k467,--
ESSENCEk490,ESSENCE k490,--
ESSENCEm022,ESSENCE m022,--
ESSENCEm026,ESSENCE m026,--
ESSENCEm027,ESSENCE m027,--
ESSENCEm032,ESSENCE m032,--
ESSENCEm034,ESSENCE m034,--
ESSENCEm039,ESSENCE m039,--
ESSENCEm057,ESSENCE m057,--
ESSENCEm070,WISEA J023346.84-080827.7,--
ESSENCEm075,ESSENCE m075,--
ESSENCEm138,ESSENCE m138,--
ESSENCEm193,ESSENCE m193,--
ESSENCEm226,ESSENCE m226,--
ESSENCEn246,ESSENCE n246,--
ESSENCEn256,ESSENCE n256,--
ESSENCEn258,ESSENCE n258,--
ESSENCEn263,ESSENCE n263,--
ESSENCEn278,ESSENCE n278,--
ESSENCEn285,ESSENCE n285,--
ESSENCEn322,ESSENCE n322,--
ESSENCEn404,ESSENCE n404,--
ESSENCEn406,ESSENCE n406,--
ESSENCEp434,ESSENCE p434,--
ESSENCEp445,ESSENCE p445,0.8069
ESSENCEp454,ESSENCE p454,--
ESSENCEp455,ESSENCE p455,--
ESSENCEp459,ESSENCE p459,0.702
ESSENCEp520,ESSENCE p520,--
ESSENCEp524,ESSENCE p524,--
ESSENCEp527,ESSENCE p527,--
ESSENCEp528,ESSENCE p528,--
ESSENCEp534,ESSENCE p534,--
ESSENCEq002,ESSENCE q002,0.3469
ESSENCEq006,ESSENCE q006,0.29
ESSENCEq018,WISEA J023139.05-081804.5,--
ESSENCEq021,ESSENCE q021,0.36
ESSENCEs354,ESSENCE s354,0.5588
ESSENCEs380,ESSENCE s380,0.6355
ESSENCEx039,ESSENCE x039,0.771
ESSENCEx093,WISEA J022943.15-090656.7,--
Frida,SCP 05D00,--
Gabi,S-CANDELS J123613.82+621207.1,1.12
Hawk,SN HST04Haw,--
HST04Man,ACS-GC 50013390,0.85454
HST04Sas,S-CANDELS J123654.11+620821.7,0.44643
HST05Dic,SN HST05Dic,--
HST05Fer,[RSC2007] J123625.10+621523.84,1.02
HST05Koe,SN HST05Koe,--
HST05Lan,SN HST05Lan,--
K0509-001,WISEA J212616.26-003314.1,0.2136
Lauren,SCP 05P09,--
McGuire,SN HST04Mcg,--
Noa,SCP 06C00,--
Patuxent,WISEA J123808.92+621847.5,0.9367
PS0909010,SN 2009kt,--
PS1-1000004,PS1-10d,0.231
PS1-1000005,PS1-10e,0.245
PS1-1000007,PS1-10g,0.137
PS1-1000008,PS1-10h,0.25
PS1-1000009,PS1-10i,0.15
PS1-1000790,SDSS J213328.65+102038.1,--
PS1-10acx,PS1-10acx,0.35
PS1-10bls,PS1-10bls,0.276
PS1-10byr,PS1-10byr,0.24
PS1-10byw,WISEA J221528.12+013257.6,--
PS1-10ia,PS1-10ia,0.409
PS1-10if,PS1-10if,0.15
PS1-10im,PS1-10im,0.51
PS1-10io,PS1-10io,0.22
PS1-10j,PS1-10j,0.436
PS1-10ka,ELAIS02(R) J161110.1+550718,--
PS1-10m,PS1-10m,0.618
PS1-10o,PS1-10o,0.22
PS1-10s,PS1-10s,0.101
PS1-11aac,SDSS J141517.45+541755.5,--
PS1-11at,PS1-11at,0.32
PS1-11bg,PS1-11bg,0.329
PS1-11bk,PS1-11bk,0.16
PS1-11fi,PS1-11fi,0.082
PS1-11kk,PS1-11kk,0.3
PS1-11kl,SDSS J162120.06+550023.9,--
PS1-11uw,PS1-11uw,0.3
PS1-11w,PS1-11w,0.174
PS1-11yj,PS1-11yj,0.107
PS1-11yu,PS1-11yu,0.36
PS1-11zu,PS1-11zu,0.36
PS1-11zv,PS1-11zv,0.35
PS1-11zw,PS1-11zw,0.423
PS1-12sf,WISEA J100615.71+022424.5,--
PS1-13lo,WISEA J095911.91+031315.5,--
PSc000022,WISEA J022434.58-042342.4,0.276439
PSc000200,WISEA J100231.49+024203.8,0.4439
PSc000210,WISEA J095752.65+030032.2,--
PSc000418,WISEA J095825.73+014139.5,0.82
PSc000552,SDSS J100026.66+022859.2,0.272
PSc010014,WISEA J100154.27+010904.0,--
PSc010055,WISEA J100502.95+015753.7,--
PSc010218,WISEA J095432.78+015638.4,0.335
PSc020104,WISEA J095836.76+021737.3,0.27
PSc020194,SDSS J095834.81+004951.6,--
PSc030007,WISEA J140923.61+533706.5,--
PSc030216,WISEA J141456.63+541243.0,--
PSc040121,SDSS J103903.89+583526.8,--
PSc040139,SDSS J141709.87+530511.3,0.2666
PSc040147,WISEA J141540.49+541343.7,--
PSc040316,WISEA J141123.45+522604.0,--
PSc040318,WISEA J141719.78+530645.1,0.309
PSc040477,WISEA J162033.94+544823.8,--
PSc040511,WISEA J160739.87+550727.9,--
PSc040512,WISEA J160801.00+541325.1,--
PSc040540,WISEA J140837.47+523936.5,--
PSc040693,WISEA J141527.83+522349.9,--
PSc040783,SDSS J161106.81+544948.8,0.328783
PSc050004,RCS 06200601789,0.179
PSc050298,WISEA J161237.82+554313.4,--
PSc050617,RCS 06101104560,0.247
PSc050625,WISEA J160718.09+534947.5,--
PSc050656,WISEA J161650.39+543846.0,--
PSc050665,WISEA J161034.63+545725.5,--
PSc051109,WISEA J161211.21+540033.1,--
PSc052136,WISEA J141254.60+524733.9,--
PSc060015,WISEA J160349.96+541237.3,--
PSc060199,GALEXMSC J140939.36+533835.1,--
PSc060238,WISEA J221442.41+004754.4,--
PSc060242,WISEA J141236.30+540300.4,0.087
PSc060249,WISEA J221951.37+005350.3,--
PSc061190,GALEXMSC J022243.48-045711.8,0.819701
PSc061191,WISEA J022506.54-050003.6,0.399587
PSc061192,SSTSL2 J022030.90-045948.9,--
PSc061197,WISEA J022154.59-041118.7,0.270574
PSc070003,WISEA J221209.95+004309.3,0.137638
PSc070048,SSTSL2 J160404.03+541156.0,--
PSc070054,WISEA J161145.16+551757.6,0.447541
PSc070071,WISEA J221956.45-002631.9,--
PSc070096,WISEA J161230.93+534832.8,--
PSc070175,WISEA J160736.72+544834.9,--
PSc070470,SSTSL2 J021948.04-034211.0,0.230269
PSc070530,WISEA J022509.74-050235.7,0.30017
PSc070567,WISEA J221318.41+004845.9,0.170399
PSc070611,WISEA J161809.06+535817.2,--
PSc071007,WISEA J221537.47+011539.1,--
PSc071011,WISEA J221249.27-004224.4,--
PSc071032,WISEA J221913.24+005225.2,0.2849
PSc071113,WISEA J161144.14+550851.5,--
PSc071245,GALEXMSC J221502.92-005157.0,--
PSc080012,WISEA J221408.36-001006.7,0.5261
PSc080034,WISEA J221524.68+003210.6,0.536909
PSc080064,PS1-10aeq,0.066
PSc080146,WISEA J033119.16-265154.5,--
PSc080241,SSTSL2 J032832.45-280417.6,--
PSc080252,SSTSL2 J022441.60-034700.0,0.527566
PSc080261,GALEXASC J033511.78-271147.7,--
PSc080295,VVDS 020383031,0.62181
PSc080296,WISEA J022149.67-035517.0,0.412538
PSc080343,SSTSL2 J033728.62-274323.7,--
PSc080363,WISEA J032638.76-275514.3,--
PSc080438,WISEA J033144.93-274056.2,0.421
PSc080554,SSTSL2 J022100.04-034018.7,--
PSc080723,PS1-10ahk,0.431
PSc080735,PS1-10ahl,0.635
PSc080771,WISEA J032816.47-280849.2,--
PSc080772,WISEA J033135.89-281427.0,--
PSc090107,WISEA J022257.97-041840.7,0.237
PSc090128,WISEA J022404.55-031334.6,--
PSc090196,SSTSL2 J021924.05-043504.4,0.406048
PSc090275,PS1-10ayb,0.14
PSc090966,SDSS J221256.82+010148.9,--
PSc091739,[NLS2017] J036.99331-04.02456,--
PSc100163,PS1-10blh,0.319
PSc100164,WISEA J022128.92-050134.9,0.399587
PSc100206,PS1-10blp,0.217
PSc100405,PS1-10bmk,0.103
PSc110014,WISEA J221827.63-000948.6,0.328
PSc110476,WISEA J100518.59+020501.5,--
PSc110725,WISEA J084103.82+442914.1,0.497721
PSc120039,SDSS J095626.08+013206.5,--
PSc120111,zCOSMOS 838255,0.4284
PSc120223,SDSS J095902.93+030736.5,--
PSc120706,GALEXASC J095843.11+022600.2,--
PSc130145,SDSS J095949.54+032845.0,--
PSc130373,WISEA J141820.22+533839.6,0.366
PSc130391,SDSS J141141.43+541316.9,--
PSc131031,SDSS J140941.44+532058.4,--
PSc140210,WISEA J141504.13+532716.6,0.224
PSc140214,SDSS J141413.84+534207.3,--
PSc140229,SDSS J122644.38+472328.4,--
PSc140234,SDSS J140846.62+534924.4,--
PSc150145,WISEA J122821.07+471719.6,--
PSc150210,WISEA J095816.06+023058.1,0.405
PSc150234,WISEA J141104.94+523619.5,--
PSc150365,WISEA J161003.51+534902.0,--
PSc150379,WISEA J160410.01+535823.8,--
PSc150515,WISEA J160437.82+551607.2,--
PSc151005,WISEA J140915.50+522300.4,--
PSc160028,WISEA J161323.19+535816.3,--
PSc160195,WISEA J161040.21+533926.2,--
PSc170254,SDSS J160854.10+535122.6,--
PSc170285,WISEA J161609.02+540829.4,--
PSc170539,WISEA J221753.76+012231.5,--
PSc170558,WISEA J221845.79+012155.6,--
PSc180255,[LYY2017] 062474,0.41
PSc180329,SDSS J221719.85+011531.0,--
PSc190062,SDSS J221525.46+004047.3,--
PSc190230,WISEA J221545.09+002522.2,--
PSc190269,SDSS J222004.33-001414.7,--
PSc200058,SDSS J221758.95-002628.4,--
PSc200132,WISEA J221759.36-004143.4,--
PSc210027,WISEA J221711.91+010434.4,--
PSc340105,WISEA J022352.64-033804.3,--
PSc350213,WISEA J100406.93+024354.5,--
PSc370589,WISEA J095626.03+032717.8,--
PSc380095,WISEA J140851.18+533538.4,--
PSc380204,WISEA J141514.31+530515.8,0.221
PSc380421,WISEA J140727.61+540039.8,--
PSc500020,WISEA J141342.25+522809.8,0.240665
PSc500043,GALEXASC J095944.75+021805.6,0.2519
PSc500065,WISEA J141621.03+540805.9,0.366
PSc520011,NMBS AEGIS 31205,--
PSc550031,WISEA J022520.86-051918.7,0.213389
PSc580006,WISEA J022038.08-043831.9,--
PSc580010,WISEA J022655.84-034434.2,--
PSc580024,WISEA J022234.56-052804.4,0.330454
PSc580072,WISEA J100007.81+020124.8,0.21
PSc590191,WISEA J100033.09+015414.1,0.2204
PTF09djc,SDSS J174657.24+591205.2,--
PTF09foz,PTF09foz,--
PTF10cko,WISEA J121115.57+134405.9,0.064733
PTF10feg,SDSS J123035.59+154740.7,--
PTF10fxe,WISEA J094509.65+223744.4,--
PTF10goq,WISEA J124559.68+044929.7,--
PTF10gsp,WISEA J135336.00+395822.3,0.106577
PTF10hdm,WISEA J124241.02+051108.1,--
PTF10mtd,WISEA J140159.63+045905.0,--
PTF10qna,WISEA J004750.91-255751.8,0.0945
PTF10rbp,WISEA J011637.67-014929.2,0.0823
PTF10rgn,WISEA J014140.29+304928.1,--
PTF10tqy,WISEA J004241.38+244518.6,--
PTF10trp,WISEA J212808.03+095114.0,0.048885
PTF10vnu,WISEA J011103.70+002622.4,0.046112
PTF10vyv,GALEXASC J014001.12-080244.2,--
PTF10wnt,WISEA J014210.10-084740.6,--
PTF11dej,WISEA J141554.24+302211.6,0.08223
PTF11gdm,WISEA J165623.79+413013.7,--
PTF11hfu,WISEA J212113.89+021919.5,--
PTF11ilj,WISEA J003544.10+384006.7,--
PTF11kjl,WISEA J172441.55+732054.4,--
PTF11lnb,WISEA J015041.28+210300.6,--
PTF11pdi,WISEA J015336.48+205114.4,--
PTF11phm,GALEXASC J020142.44+274522.4,--
PTF11wv,WISEA J095456.12+040742.5,--
Rakke,SN HST04Rak,--
SCP-06H3,SCP 06H03,--
SDSS-II SN 10036,SDSS-II SN 10036,0.55
SDSS-II SN 10066,SDSS-II SN 10066,0.447
SDSS-II SN 10113,SDSS-II SN 10113,0.32
SDSS-II SN 10146,SDSS-II SN 10146,--
SDSS-II SN 10154,SDSS-II SN 10154,--
SDSS-II SN 10324,SDSS-II SN 10324,0.187
SDSS-II SN 10450,SDSS-II SN 10450,--
SDSS-II SN 10460,SDSS-II SN 10460,0.197
SDSS-II SN 10506,SDSS-II SN 10506,0.023
SDSS-II SN 10524,SDSS-II SN 10524,0.082
SDSS-II SN 10559,SDSS-II SN 10559,0.277
SDSS-II SN 10620,SDSS-II SN 10620,--
SDSS-II SN 11026,SDSS-II SN 11026,--
SDSS-II SN 11092,SDSS-II SN 11092,0.074
SDSS-II SN 11098,SDSS-II SN 11098,0.343
SDSS-II SN 11120,SDSS-II SN 11120,--
SDSS-II SN 11156,SDSS-II SN 11156,--
SDSS-II SN 11181,SDSS-II SN 11181,0.136
SDSS-II SN 11263,SDSS-II SN 11263,--
SDSS-II SN 11305,SDSS-II SN 11305,0.184
SDSS-II SN 11306,SDSS-II SN 11306,--
SDSS-II SN 11311,SDSS-II SN 11311,--
SDSS-II SN 11314,SDSS-II SN 11314,0.184
SDSS-II SN 11317,SDSS-II SN 11317,0.292
SDSS-II SN 11370,SDSS-II SN 11370,0.4559
SDSS-II SN 11478,SDSS-II SN 11478,0.328
SDSS-II SN 11518,SDSS-II SN 11518,0.316
SDSS-II SN 11523,SDSS-II SN 11523,--
SDSS-II SN 11564,SDSS-II SN 11564,0.231
SDSS-II SN 1158,SDSS-II SN 01158,0.694
SDSS-II SN 1166,SDSS-II SN 01166,--
SDSS-II SN 11723,SDSS-II SN 11723,--
SDSS-II SN 11771,SDSS-II SN 11771,--
SDSS-II SN 11858,SDSS-II SN 11858,0.252
SDSS-II SN 12076,SDSS-II SN 12076,--
SDSS-II SN 12213,SDSS-II SN 12213,0.438
SDSS-II SN 12308,SDSS-II SN 12308,0.255
SDSS-II SN 12547,SDSS-II SN 12547,--
SDSS-II SN 12804,SDSS-II SN 12804,--
SDSS-II SN 1282,SDSS-II SN 01282,--
SDSS-II SN 1285,SDSS-II SN 01285,0.345
SDSS-II SN 12852,SDSS-II SN 12852,--
SDSS-II SN 12875,SDSS-II SN 12875,--
SDSS-II SN 12940,SDSS-II SN 12940,--
SDSS-II SN 12941,SDSS-II SN 12941,0.286
SDSS-II SN 12947,SDSS-II SN 12947,--
SDSS-II SN 12974,SDSS-II SN 12974,--
SDSS-II SN 12978,SDSS-II SN 12978,0.17
SDSS-II SN 13009,SDSS-II SN 13009,--
SDSS-II SN 1302,SDSS-II SN 01302,0.282
SDSS-II SN 13066,SDSS-II SN 13066,--
SDSS-II SN 13079,SDSS-II SN 13079,--
SDSS-II SN 13101,SDSS-II SN 13101,--
SDSS-II SN 13108,SDSS-II SN 13108,0.24
SDSS-II SN 13144,SDSS-II SN 13144,0.026
SDSS-II SN 13149,SDSS-II SN 13149,--
SDSS-II SN 13168,SDSS-II SN 13168,0.271
SDSS-II SN 13302,SDSS-II SN 13302,--
SDSS-II SN 13303,SDSS-II SN 13303,--
SDSS-II SN 13329,SDSS-II SN 13329,0.347
SDSS-II SN 13333,SDSS-II SN 13333,0.214
SDSS-II SN 13339,SDSS-II SN 13339,--
SDSS-II SN 13378,SDSS-II SN 13378,0.198
SDSS-II SN 13393,SDSS-II SN 13393,0.27
SDSS-II SN 13411,SDSS-II SN 13411,--
SDSS-II SN 1342,SDSS-II SN 01342,0.299
SDSS-II SN 13452,SDSS-II SN 13452,0.494
SDSS-II SN 13465,SDSS-II SN 13465,0.19
SDSS-II SN 13476,SDSS-II SN 13476,0.257
SDSS-II SN 13477,SDSS-II SN 13477,--
SDSS-II SN 13479,SDSS-II SN 13479,0.465
SDSS-II SN 13495,SDSS-II SN 13495,--
SDSS-II SN 13497,SDSS-II SN 13497,0.387
SDSS-II SN 13507,SDSS-II SN 13507,0.318
SDSS-II SN 13520,SDSS-II SN 13520,0.293
SDSS-II SN 13529,SDSS-II SN 13529,0.315
SDSS-II SN 13532,SDSS-II SN 13532,--
SDSS-II SN 13558,SDSS-II SN 13558,--
SDSS-II SN 13590,SDSS-II SN 13590,0.496861
SDSS-II SN 13615,SDSS-II SN 13615,0.224
SDSS-II SN 13629,SDSS-II SN 13629,0.259
SDSS-II SN 13633,SDSS-II SN 13633,--
SDSS-II SN 13646,SDSS-II SN 13646,0.212
SDSS-II SN 13649,SDSS-II SN 13649,--
SDSS-II SN 13689,SDSS-II SN 13689,--
SDSS-II SN 13716,SDSS-II SN 13716,0.322
SDSS-II SN 13729,SDSS-II SN 13729,0.123
SDSS-II SN 13731,SDSS-II SN 13731,--
SDSS-II SN 13732,SDSS-II SN 13732,--
SDSS-II SN 13734,SDSS-II SN 13734,0.263
SDSS-II SN 13737,SDSS-II SN 13737,0.251
SDSS-II SN 13766,SDSS-II SN 13766,--
SDSS-II SN 1378,SDSS-II SN 01378,0.12587
SDSS-II SN 13780,SDSS-II SN 13780,--
SDSS-II SN 13784,SDSS-II SN 13784,0.259
SDSS-II SN 13785,SDSS-II SN 13785,--
SDSS-II SN 13786,SDSS-II SN 13786,--
SDSS-II SN 13787,SDSS-II SN 13787,0.565006
SDSS-II SN 13807,SDSS-II SN 13807,0.513937
SDSS-II SN 13813,SDSS-II SN 13813,0.223
SDSS-II SN 13833,SDSS-II SN 13833,0.454
SDSS-II SN 13834,SDSS-II SN 13834,--
SDSS-II SN 13839,SDSS-II SN 13839,0.33
SDSS-II SN 13843,SDSS-II SN 13843,--
SDSS-II SN 1385,SDSS-II SN 01385,0.287
SDSS-II SN 13859,SDSS-II SN 13859,0.32
SDSS-II SN 13864,SDSS-II SN 13864,--
SDSS-II SN 13896,SDSS-II SN 13896,0.157
SDSS-II SN 13901,SDSS-II SN 13901,0.422
SDSS-II SN 13902,SDSS-II SN 13902,0.299
SDSS-II SN 13903,SDSS-II SN 13903,--
SDSS-II SN 13907,SDSS-II SN 13907,--
SDSS-II SN 13908,SDSS-II SN 13908,--
SDSS-II SN 13909,SDSS-II SN 13909,--
SDSS-II SN 13933,SDSS-II SN 13933,--
SDSS-II SN 13942,SDSS-II SN 13942,0.46
SDSS-II SN 1395,SDSS-II SN 01395,--
SDSS-II SN 1403,SDSS-II SN 01403,0.452
SDSS-II SN 14034,SDSS-II SN 14034,0.437
SDSS-II SN 14035,SDSS-II SN 14035,0.218
SDSS-II SN 14046,SDSS-II SN 14046,--
SDSS-II SN 14074,SDSS-II SN 14074,0.288
SDSS-II SN 14087,SDSS-II SN 14087,--
SDSS-II SN 14090,SDSS-II SN 14090,0.498
SDSS-II SN 14126,SDSS-II SN 14126,--
SDSS-II SN 14131,SDSS-II SN 14131,--
SDSS-II SN 14137,SDSS-II SN 14137,--
SDSS-II SN 14141,SDSS-II SN 14141,0.699
SDSS-II SN 1415,SDSS-II SN 01415,--
SDSS-II SN 14169,SDSS-II SN 14169,0.346
SDSS-II SN 14205,SDSS-II SN 14205,--
SDSS-II SN 14223,SDSS-II SN 14223,--
SDSS-II SN 14227,SDSS-II SN 14227,0.582
SDSS-II SN 14231,SDSS-II SN 14231,0.129
SDSS-II SN 14250,SDSS-II SN 14250,0.395
SDSS-II SN 14258,SDSS-II SN 14258,--
SDSS-II SN 14260,SDSS-II SN 14260,--
SDSS-II SN 14268,SDSS-II SN 14268,0.24
SDSS-II SN 14295,SDSS-II SN 14295,--
SDSS-II SN 14303,SDSS-II SN 14303,0.291
SDSS-II SN 14304,SDSS-II SN 14304,0.315
SDSS-II SN 14305,SDSS-II SN 14305,0.307
SDSS-II SN 14308,SDSS-II SN 14308,--
SDSS-II SN 14311,SDSS-II SN 14311,--
SDSS-II SN 14317,SDSS-II SN 14317,--
SDSS-II SN 14322,SDSS-II SN 14322,0.339
SDSS-II SN 14330,SDSS-II SN 14330,--
SDSS-II SN 14333,SDSS-II SN 14333,--
SDSS-II SN 14343,SDSS-II SN 14343,0.307
SDSS-II SN 14346,SDSS-II SN 14346,0.132
SDSS-II SN 14347,SDSS-II SN 14347,0.298
SDSS-II SN 14357,SDSS-II SN 14357,0.471
SDSS-II SN 14361,SDSS-II SN 14361,0.38
SDSS-II SN 14372,SDSS-II SN 14372,--
SDSS-II SN 14375,SDSS-II SN 14375,--
SDSS-II SN 14389,SDSS-II SN 14389,--
SDSS-II SN 14403,SDSS-II SN 14403,--
SDSS-II SN 14419,SDSS-II SN 14419,0.116
SDSS-II SN 14425,SDSS-II SN 14425,--
SDSS-II SN 14438,SDSS-II SN 14438,0.243
SDSS-II SN 14445,SDSS-II SN 14445,--
SDSS-II SN 14453,SDSS-II SN 14453,0.23
SDSS-II SN 14455,SDSS-II SN 14455,0.125
SDSS-II SN 14467,SDSS-II SN 14467,0.126
SDSS-II SN 14470,SDSS-II SN 14470,0.205
SDSS-II SN 14478,SDSS-II SN 14478,--
SDSS-II SN 14480,SDSS-II SN 14480,0.298
SDSS-II SN 14496,SDSS-II SN 14496,--
SDSS-II SN 14498,SDSS-II SN 14498,0.314
SDSS-II SN 14500,SDSS-II SN 14500,--
SDSS-II SN 14505,SDSS-II SN 14505,0.345
SDSS-II SN 14523,SDSS-II SN 14523,0.175
SDSS-II SN 14524,SDSS-II SN 14524,--
SDSS-II SN 14528,SDSS-II SN 14528,0.088
SDSS-II SN 14539,SDSS-II SN 14539,--
SDSS-II SN 14561,SDSS-II SN 14561,0.424
SDSS-II SN 14567,SDSS-II SN 14567,0.235
SDSS-II SN 14579,SDSS-II SN 14579,0.562
SDSS-II SN 14593,SDSS-II SN 14593,--
SDSS-II SN 1461,SDSS-II SN 01461,--
SDSS-II SN 14619,SDSS-II SN 14619,0.542
SDSS-II SN 14624,SDSS-II SN 14624,0.361
SDSS-II SN 14638,SDSS-II SN 14638,0.312
SDSS-II SN 14649,SDSS-II SN 14649,--
SDSS-II SN 14654,SDSS-II SN 14654,--
SDSS-II SN 14675,SDSS-II SN 14675,--
SDSS-II SN 14727,SDSS-II SN 14727,0.283
SDSS-II SN 14742,SDSS-II SN 14742,--
SDSS-II SN 14763,SDSS-II SN 14763,0.35
SDSS-II SN 14771,SDSS-II SN 14771,--
SDSS-II SN 1478,SDSS-II SN 01478,--
SDSS-II SN 14784,SDSS-II SN 14784,--
SDSS-II SN 14786,SDSS-II SN 14786,0.273
SDSS-II SN 14790,SDSS-II SN 14790,--
SDSS-II SN 14809,SDSS-II SN 14809,--
SDSS-II SN 14821,SDSS-II SN 14821,0.13
SDSS-II SN 14823,SDSS-II SN 14823,0.291
SDSS-II SN 14831,SDSS-II SN 14831,--
SDSS-II SN 14833,SDSS-II SN 14833,--
SDSS-II SN 14845,SDSS-II SN 14845,0.318
SDSS-II SN 14858,SDSS-II SN 14858,0.399
SDSS-II SN 14867,SDSS-II SN 14867,0.257
SDSS-II SN 14872,SDSS-II SN 14872,--
SDSS-II SN 14883,SDSS-II SN 14883,0.212
SDSS-II SN 14900,SDSS-II SN 14900,0.513
SDSS-II SN 14914,SDSS-II SN 14914,--
SDSS-II SN 14925,SDSS-II SN 14925,0.154
SDSS-II SN 14937,SDSS-II SN 14937,--
SDSS-II SN 14951,SDSS-II SN 14951,0.525
SDSS-II SN 14961,SDSS-II SN 14961,--
SDSS-II SN 14963,SDSS-II SN 14963,0.026
SDSS-II SN 14972,SDSS-II SN 14972,--
SDSS-II SN 15003,SDSS-II SN 15003,0.587
SDSS-II SN 15006,SDSS-II SN 15006,--
SDSS-II SN 15008,SDSS-II SN 15008,0.493
SDSS-II SN 15041,SDSS-II SN 15041,0.71489
SDSS-II SN 15053,SDSS-II SN 15053,--
SDSS-II SN 15055,SDSS-II SN 15055,0.23
SDSS-II SN 15074,SDSS-II SN 15074,0.203
SDSS-II SN 15075,SDSS-II SN 15075,0.353
SDSS-II SN 15080,SDSS-II SN 15080,0.259
SDSS-II SN 15085,SDSS-II SN 15085,--
SDSS-II SN 15108,SDSS-II SN 15108,0.442
SDSS-II SN 15116,SDSS-II SN 15116,--
SDSS-II SN 15119,SDSS-II SN 15119,0.247
SDSS-II SN 15120,SDSS-II SN 15120,0.38
SDSS-II SN 15160,SDSS-II SN 15160,0.215
SDSS-II SN 15198,SDSS-II SN 15198,0.288
SDSS-II SN 15226,SDSS-II SN 15226,0.2881
SDSS-II SN 15239,SDSS-II SN 15239,0.331
SDSS-II SN 15255,SDSS-II SN 15255,0.302
SDSS-II SN 15263,SDSS-II SN 15263,--
SDSS-II SN 15272,SDSS-II SN 15272,--
SDSS-II SN 15291,SDSS-II SN 15291,0.276
SDSS-II SN 15294,SDSS-II SN 15294,--
SDSS-II SN 15303,SDSS-II SN 15303,--
SDSS-II SN 15309,SDSS-II SN 15309,--
SDSS-II SN 15314,SDSS-II SN 15314,--
SDSS-II SN 15324,SDSS-II SN 15324,0.613
SDSS-II SN 15353,SDSS-II SN 15353,--
SDSS-II SN 15359,SDSS-II SN 15359,0.28
SDSS-II SN 15370,SDSS-II SN 15370,0.111
SDSS-II SN 15401,SDSS-II SN 15401,0.337
SDSS-II SN 15417,SDSS-II SN 15417,0.277
SDSS-II SN 15418,SDSS-II SN 15418,0.365
SDSS-II SN 15419,SDSS-II SN 15419,0.287
SDSS-II SN 15422,SDSS-II SN 15422,0.296
SDSS-II SN 15448,SDSS-II SN 15448,0.215
SDSS-II SN 15455,SDSS-II SN 15455,0.575
SDSS-II SN 15467,SDSS-II SN 15467,--
SDSS-II SN 15470,SDSS-II SN 15470,--
SDSS-II SN 15496,SDSS-II SN 15496,0.245
SDSS-II SN 15498,SDSS-II SN 15498,--
SDSS-II SN 15525,SDSS-II SN 15525,0.219
SDSS-II SN 15526,SDSS-II SN 15526,0.2
SDSS-II SN 15535,SDSS-II SN 15535,0.295
SDSS-II SN 15549,SDSS-II SN 15549,0.429
SDSS-II SN 15569,SDSS-II SN 15569,0.521
SDSS-II SN 15587,SDSS-II SN 15587,--
SDSS-II SN 15603,SDSS-II SN 15603,0.054
SDSS-II SN 15618,SDSS-II SN 15618,--
SDSS-II SN 15624,SDSS-II SN 15624,--
SDSS-II SN 15633,SDSS-II SN 15633,--
SDSS-II SN 15647,SDSS-II SN 15647,0.389
SDSS-II SN 15650,SDSS-II SN 15650,--
SDSS-II SN 15655,SDSS-II SN 15655,0.148
SDSS-II SN 15693,SDSS-II SN 15693,--
SDSS-II SN 15697,SDSS-II SN 15697,0.127
SDSS-II SN 15719,SDSS-II SN 15719,0.168
SDSS-II SN 15725,SDSS-II SN 15725,0.44
SDSS-II SN 15726,SDSS-II SN 15726,0.403
SDSS-II SN 15727,SDSS-II SN 15727,--
SDSS-II SN 15730,SDSS-II SN 15730,0.291
SDSS-II SN 15737,SDSS-II SN 15737,0.323
SDSS-II SN 15741,SDSS-II SN 15741,0.515
SDSS-II SN 15748,SDSS-II SN 15748,--
SDSS-II SN 15751,SDSS-II SN 15751,0.321
SDSS-II SN 15755,SDSS-II SN 15755,--
SDSS-II SN 15759,SDSS-II SN 15759,--
SDSS-II SN 15761,SDSS-II SN 15761,--
SDSS-II SN 15765,SDSS-II SN 15765,--
SDSS-II SN 15773,SDSS-II SN 15773,0.645
SDSS-II SN 15779,SDSS-II SN 15779,0.189
SDSS-II SN 15785,SDSS-II SN 15785,--
SDSS-II SN 15803,SDSS-II SN 15803,0.178
SDSS-II SN 15805,SDSS-II SN 15805,--
SDSS-II SN 15806,SDSS-II SN 15806,--
SDSS-II SN 15812,SDSS-II SN 15812,0.385
SDSS-II SN 15814,SDSS-II SN 15814,0.359
SDSS-II SN 15816,SDSS-II SN 15816,--
SDSS-II SN 15817,SDSS-II SN 15817,0.472
SDSS-II SN 15822,SDSS-II SN 15822,--
SDSS-II SN 15823,SDSS-II SN 15823,--
SDSS-II SN 15850,SDSS-II SN 15850,--
SDSS-II SN 15860,SDSS-II SN 15860,0.241
SDSS-II SN 15865,SDSS-II SN 15865,--
SDSS-II SN 15866,SDSS-II SN 15866,--
SDSS-II SN 15903,SDSS-II SN 15903,0.338
SDSS-II SN 15916,SDSS-II SN 15916,0.466256
SDSS-II SN 15929,SDSS-II SN 15929,--
SDSS-II SN 15935,SDSS-II SN 15935,0.193
SDSS-II SN 15944,SDSS-II SN 15944,0.296
SDSS-II SN 15945,SDSS-II SN 15945,0.205
SDSS-II SN 15946,SDSS-II SN 15946,0.139
SDSS-II SN 15953,SDSS-II SN 15953,0.663
SDSS-II SN 15955,SDSS-II SN 15955,--
SDSS-II SN 15961,SDSS-II SN 15961,--
SDSS-II SN 15967,SDSS-II SN 15967,0.374
SDSS-II SN 15973,SDSS-II SN 15973,--
SDSS-II SN 15992,SDSS-II SN 15992,--
SDSS-II SN 15994,SDSS-II SN 15994,0.269
SDSS-II SN 16001,SDSS-II SN 16001,--
SDSS-II SN 16015,SDSS-II SN 16015,--
SDSS-II SN 16024,SDSS-II SN 16024,0.514
SDSS-II SN 16039,SDSS-II SN 16039,0.477
SDSS-II SN 16044,SDSS-II SN 16044,0.593
SDSS-II SN 16048,SDSS-II SN 16048,--
SDSS-II SN 16054,SDSS-II SN 16054,--
SDSS-II SN 16091,SDSS-II SN 16091,--
SDSS-II SN 16094,SDSS-II SN 16094,--
SDSS-II SN 16098,SDSS-II SN 16098,0.512
SDSS-II SN 16104,SDSS-II SN 16104,0.691
SDSS-II SN 16111,SDSS-II SN 16111,0.215
SDSS-II SN 16121,SDSS-II SN 16121,0.012
SDSS-II SN 16125,SDSS-II SN 16125,0.671
SDSS-II SN 16129,SDSS-II SN 16129,0.358
SDSS-II SN 16130,SDSS-II SN 16130,0.315
SDSS-II SN 16136,SDSS-II SN 16136,--
SDSS-II SN 16142,SDSS-II SN 16142,--
SDSS-II SN 16148,SDSS-II SN 16148,0.249
SDSS-II SN 16153,SDSS-II SN 16153,0.196
SDSS-II SN 16163,SDSS-II SN 16163,--
SDSS-II SN 16172,SDSS-II SN 16172,--
SDSS-II SN 16199,SDSS-II SN 16199,0.291
SDSS-II SN 16202,SDSS-II SN 16202,--
SDSS-II SN 16236,SDSS-II SN 16236,0.291
SDSS-II SN 16237,SDSS-II SN 16237,--
SDSS-II SN 16238,SDSS-II SN 16238,0.26
SDSS-II SN 16247,SDSS-II SN 16247,0.344
SDSS-II SN 16298,SDSS-II SN 16298,--
SDSS-II SN 16301,SDSS-II SN 16301,0.194
SDSS-II SN 16302,SDSS-II SN 16302,--
SDSS-II SN 16356,SDSS-II SN 16356,0.062
SDSS-II SN 16360,SDSS-II SN 16360,--
SDSS-II SN 16393,SDSS-II SN 16393,0.236
SDSS-II SN 16398,SDSS-II SN 16398,--
SDSS-II SN 16405,SDSS-II SN 16405,--
SDSS-II SN 16433,SDSS-II SN 16433,0.322
SDSS-II SN 16434,SDSS-II SN 16434,0.403
SDSS-II SN 16441,SDSS-II SN 16441,--
SDSS-II SN 16451,SDSS-II SN 16451,--
SDSS-II SN 16455,SDSS-II SN 16455,0.12
SDSS-II SN 16460,SDSS-II SN 16460,0.203
SDSS-II SN 16462,SDSS-II SN 16462,--
SDSS-II SN 16467,SDSS-II SN 16467,--
SDSS-II SN 16468,SDSS-II SN 16468,--
SDSS-II SN 16472,SDSS-II SN 16472,--
SDSS-II SN 16477,SDSS-II SN 16477,--
SDSS-II SN 16478,SDSS-II SN 16478,0.346
SDSS-II SN 1650,SDSS-II SN 01650,0.277
SDSS-II SN 16547,SDSS-II SN 16547,0.361119
SDSS-II SN 16551,SDSS-II SN 16551,--
SDSS-II SN 16554,SDSS-II SN 16554,0.553
SDSS-II SN 16572,SDSS-II SN 16572,1.624433
SDSS-II SN 1658,SDSS-II SN 01658,0.235
SDSS-II SN 16582,SDSS-II SN 16582,0.279
SDSS-II SN 16586,SDSS-II SN 16586,--
SDSS-II SN 16606,SDSS-II SN 16606,0.258
SDSS-II SN 16637,SDSS-II SN 16637,--
SDSS-II SN 16652,SDSS-II SN 16652,--
SDSS-II SN 16655,SDSS-II SN 16655,--
SDSS-II SN 16715,SDSS-II SN 16715,--
SDSS-II SN 16721,SDSS-II SN 16721,0.37
SDSS-II SN 16724,SDSS-II SN 16724,--
SDSS-II SN 16759,SDSS-II SN 16759,--
SDSS-II SN 16831,SDSS-II SN 16831,--
SDSS-II SN 16841,SDSS-II SN 16841,--
SDSS-II SN 1686,SDSS-II SN 01686,--
SDSS-II SN 16878,SDSS-II SN 16878,0.329
SDSS-II SN 16879,SDSS-II SN 16879,--
SDSS-II SN 16937,SDSS-II SN 16937,0.251
SDSS-II SN 16945,SDSS-II SN 16945,--
SDSS-II SN 16950,SDSS-II SN 16950,--
SDSS-II SN 16973,SDSS-II SN 16973,0.106
SDSS-II SN 16975,SDSS-II SN 16975,--
SDSS-II SN 16976,SDSS-II SN 16976,0.064
SDSS-II SN 16977,SDSS-II SN 16977,--
SDSS-II SN 17068,SDSS-II SN 17068,--
SDSS-II SN 17169,SDSS-II SN 17169,--
SDSS-II SN 17191,SDSS-II SN 17191,0.383
SDSS-II SN 17205,SDSS-II SN 17205,--
SDSS-II SN 17206,SDSS-II SN 17206,--
SDSS-II SN 17219,SDSS-II SN 17219,--
SDSS-II SN 17272,SDSS-II SN 17272,--
SDSS-II SN 17324,SDSS-II SN 17324,0.493
SDSS-II SN 17337,SDSS-II SN 17337,0.265
SDSS-II SN 17370,SDSS-II SN 17370,0.281
SDSS-II SN 17372,SDSS-II SN 17372,--
SDSS-II SN 17395,SDSS-II SN 17395,0.31
SDSS-II SN 1740,SDSS-II SN 01740,--
SDSS-II SN 17408,SDSS-II SN 17408,--
SDSS-II SN 17421,SDSS-II SN 17421,0.265
SDSS-II SN 17423,SDSS-II SN 17423,0.303
SDSS-II SN 17433,SDSS-II SN 17433,0.27
SDSS-II SN 17455,SDSS-II SN 17455,--
SDSS-II SN 1748,SDSS-II SN 01748,--
SDSS-II SN 1750,SDSS-II SN 01750,0.248
SDSS-II SN 17508,SDSS-II SN 17508,0.304
SDSS-II SN 17527,SDSS-II SN 17527,0.23
SDSS-II SN 17542,SDSS-II SN 17542,--
SDSS-II SN 17577,SDSS-II SN 17577,--
SDSS-II SN 17641,SDSS-II SN 17641,--
SDSS-II SN 17647,SDSS-II SN 17647,0.264
SDSS-II SN 1765,SDSS-II SN 01765,--
SDSS-II SN 17667,SDSS-II SN 17667,--
SDSS-II SN 17692,SDSS-II SN 17692,--
SDSS-II SN 17716,SDSS-II SN 17716,--
SDSS-II SN 17737,SDSS-II SN 17737,0.343
SDSS-II SN 17743,SDSS-II SN 17743,--
SDSS-II SN 17748,SDSS-II SN 17748,--
SDSS-II SN 17773,SDSS-II SN 17773,0.289
SDSS-II SN 17803,SDSS-II SN 17803,--
SDSS-II SN 17816,SDSS-II SN 17816,--
SDSS-II SN 17820,SDSS-II SN 17820,0.296
SDSS-II SN 17829,SDSS-II SN 17829,--
SDSS-II SN 1783,SDSS-II SN 01783,0.266
SDSS-II SN 17835,SDSS-II SN 17835,0.359896
SDSS-II SN 17849,SDSS-II SN 17849,--
SDSS-II SN 17851,SDSS-II SN 17851,0.304
SDSS-II SN 17902,SDSS-II SN 17902,--
SDSS-II SN 17906,SDSS-II SN 17906,--
SDSS-II SN 17915,SDSS-II SN 17915,0.214
SDSS-II SN 17925,SDSS-II SN 17925,0.313
SDSS-II SN 17927,SDSS-II SN 17927,--
SDSS-II SN 17928,SDSS-II SN 17928,--
SDSS-II SN 17934,SDSS-II SN 17934,--
SDSS-II SN 17945,SDSS-II SN 17945,0.281
SDSS-II SN 17949,SDSS-II SN 17949,0.331
SDSS-II SN 17952,SDSS-II SN 17952,--
SDSS-II SN 17957,SDSS-II SN 17957,--
SDSS-II SN 17965,SDSS-II SN 17965,0.258
SDSS-II SN 17967,SDSS-II SN 17967,0.326
SDSS-II SN 17976,SDSS-II SN 17976,--
SDSS-II SN 17999,SDSS-II SN 17999,--
SDSS-II SN 18010,SDSS-II SN 18010,0.279
SDSS-II SN 18034,SDSS-II SN 18034,0.185
SDSS-II SN 18038,SDSS-II SN 18038,0.523
SDSS-II SN 18047,SDSS-II SN 18047,--
SDSS-II SN 18049,SDSS-II SN 18049,--
SDSS-II SN 18083,SDSS-II SN 18083,0.176
SDSS-II SN 18100,SDSS-II SN 18100,--
SDSS-II SN 18116,SDSS-II SN 18116,--
SDSS-II SN 18129,SDSS-II SN 18129,--
SDSS-II SN 18139,SDSS-II SN 18139,0.486537
SDSS-II SN 18146,SDSS-II SN 18146,0.622
SDSS-II SN 18175,SDSS-II SN 18175,0.113
SDSS-II SN 18182,SDSS-II SN 18182,0.55
SDSS-II SN 18188,SDSS-II SN 18188,0.452
SDSS-II SN 18189,SDSS-II SN 18189,0.237
SDSS-II SN 18201,SDSS-II SN 18201,--
SDSS-II SN 18218,SDSS-II SN 18218,--
SDSS-II SN 18221,SDSS-II SN 18221,--
SDSS-II SN 18224,SDSS-II SN 18224,--
SDSS-II SN 1823,SDSS-II SN 01823,0.212
SDSS-II SN 18242,SDSS-II SN 18242,--
SDSS-II SN 1825,SDSS-II SN 01825,0.155993
SDSS-II SN 18253,SDSS-II SN 18253,0.244
SDSS-II SN 18254,SDSS-II SN 18254,0.19
SDSS-II SN 18256,SDSS-II SN 18256,--
SDSS-II SN 18273,SDSS-II SN 18273,--
SDSS-II SN 18275,SDSS-II SN 18275,0.111
SDSS-II SN 18276,SDSS-II SN 18276,0.256
SDSS-II SN 18288,SDSS-II SN 18288,--
SDSS-II SN 18301,SDSS-II SN 18301,0.278
SDSS-II SN 18304,SDSS-II SN 18304,0.102
SDSS-II SN 18307,SDSS-II SN 18307,0.626
SDSS-II SN 18312,SDSS-II SN 18312,0.445
SDSS-II SN 18333,SDSS-II SN 18333,0.187
SDSS-II SN 18339,SDSS-II SN 18339,0.303
SDSS-II SN 18344,SDSS-II SN 18344,--
SDSS-II SN 1835,SDSS-II SN 01835,--
SDSS-II SN 18351,SDSS-II SN 18351,--
SDSS-II SN 18362,SDSS-II SN 18362,0.216
SDSS-II SN 18374,SDSS-II SN 18374,0.286
SDSS-II SN 18380,SDSS-II SN 18380,--
SDSS-II SN 18389,SDSS-II SN 18389,0.341
SDSS-II SN 18430,SDSS-II SN 18430,0.279
SDSS-II SN 18450,SDSS-II SN 18450,0.242
SDSS-II SN 18454,SDSS-II SN 18454,--
SDSS-II SN 18459,SDSS-II SN 18459,0.068
SDSS-II SN 18468,SDSS-II SN 18468,0.171
SDSS-II SN 18473,SDSS-II SN 18473,--
SDSS-II SN 1858,SDSS-II SN 01858,0.699
SDSS-II SN 18630,SDSS-II SN 18630,--
SDSS-II SN 18666,SDSS-II SN 18666,0.326
SDSS-II SN 18704,SDSS-II SN 18704,0.399
SDSS-II SN 18722,SDSS-II SN 18722,0.429
SDSS-II SN 18747,SDSS-II SN 18747,0.649
SDSS-II SN 18767,SDSS-II SN 18767,--
SDSS-II SN 18789,SDSS-II SN 18789,--
SDSS-II SN 18797,SDSS-II SN 18797,--
SDSS-II SN 18800,SDSS-II SN 18800,0.317
SDSS-II SN 18802,SDSS-II SN 18802,0.416
SDSS-II SN 18803,SDSS-II SN 18803,--
SDSS-II SN 18824,SDSS-II SN 18824,0.407
SDSS-II SN 18827,SDSS-II SN 18827,--
SDSS-II SN 18836,SDSS-II SN 18836,--
SDSS-II SN 18839,SDSS-II SN 18839,--
SDSS-II SN 18917,SDSS-II SN 18917,0.163
SDSS-II SN 18920,SDSS-II SN 18920,0.337
SDSS-II SN 18941,SDSS-II SN 18941,--
SDSS-II SN 18943,SDSS-II SN 18943,0.277
SDSS-II SN 18947,SDSS-II SN 18947,--
SDSS-II SN 18948,SDSS-II SN 18948,0.257
SDSS-II SN 18952,SDSS-II SN 18952,0.317
SDSS-II SN 18953,SDSS-II SN 18953,--
SDSS-II SN 18973,SDSS-II SN 18973,0.555
SDSS-II SN 18993,SDSS-II SN 18993,0.269
SDSS-II SN 19000,SDSS-II SN 19000,0.264
SDSS-II SN 19014,SDSS-II SN 19014,--
SDSS-II SN 19032,SDSS-II SN 19032,--
SDSS-II SN 19052,SDSS-II SN 19052,0.295
SDSS-II SN 19059,SDSS-II SN 19059,0.378
SDSS-II SN 19065,SDSS-II SN 19065,0.374
SDSS-II SN 19068,SDSS-II SN 19068,--
SDSS-II SN 19078,SDSS-II SN 19078,0.553
SDSS-II SN 19099,SDSS-II SN 19099,--
SDSS-II SN 19104,SDSS-II SN 19104,--
SDSS-II SN 19132,SDSS-II SN 19132,0.45
SDSS-II SN 19140,SDSS-II SN 19140,0.268
SDSS-II SN 19144,SDSS-II SN 19144,--
SDSS-II SN 19165,SDSS-II SN 19165,0.239
SDSS-II SN 19188,SDSS-II SN 19188,0.389
SDSS-II SN 19200,SDSS-II SN 19200,--
SDSS-II SN 19209,SDSS-II SN 19209,0.072
SDSS-II SN 19212,SDSS-II SN 19212,--
SDSS-II SN 19246,SDSS-II SN 19246,--
SDSS-II SN 19308,SDSS-II SN 19308,--
SDSS-II SN 19322,SDSS-II SN 19322,--
SDSS-II SN 19332,SDSS-II SN 19332,--
SDSS-II SN 19335,SDSS-II SN 19335,0.368
SDSS-II SN 19336,SDSS-II SN 19336,0.427
SDSS-II SN 19338,SDSS-II SN 19338,0.258
SDSS-II SN 19344,SDSS-II SN 19344,--
SDSS-II SN 19346,SDSS-II SN 19346,0.149
SDSS-II SN 19359,SDSS-II SN 19359,0.335
SDSS-II SN 19377,SDSS-II SN 19377,--
SDSS-II SN 19399,SDSS-II SN 19399,0.273
SDSS-II SN 19408,SDSS-II SN 19408,--
SDSS-II SN 19417,SDSS-II SN 19417,--
SDSS-II SN 19461,SDSS-II SN 19461,0.244
SDSS-II SN 19467,SDSS-II SN 19467,0.135
SDSS-II SN 19468,SDSS-II SN 19468,0.669
SDSS-II SN 19492,SDSS-II SN 19492,--
SDSS-II SN 19494,SDSS-II SN 19494,0.442
SDSS-II SN 19517,SDSS-II SN 19517,--
SDSS-II SN 19525,SDSS-II SN 19525,--
SDSS-II SN 19549,SDSS-II SN 19549,0.67
SDSS-II SN 19552,SDSS-II SN 19552,--
SDSS-II SN 19555,SDSS-II SN 19555,--
SDSS-II SN 19573,SDSS-II SN 19573,--
SDSS-II SN 1958,SDSS-II SN 01958,0.39
SDSS-II SN 19582,SDSS-II SN 19582,0.361
SDSS-II SN 19593,SDSS-II SN 19593,0.305
SDSS-II SN 19599,SDSS-II SN 19599,0.315
SDSS-II SN 19608,SDSS-II SN 19608,--
SDSS-II SN 19668,SDSS-II SN 19668,--
SDSS-II SN 19689,SDSS-II SN 19689,0.245
SDSS-II SN 19739,SDSS-II SN 19739,0.162
SDSS-II SN 19758,SDSS-II SN 19758,--
SDSS-II SN 19762,SDSS-II SN 19762,--
SDSS-II SN 19764,SDSS-II SN 19764,0.461
SDSS-II SN 19769,SDSS-II SN 19769,0.243
SDSS-II SN 19776,SDSS-II SN 19776,0.391
SDSS-II SN 19778,SDSS-II SN 19778,--
SDSS-II SN 1978,SDSS-II SN 01978,0.298054
SDSS-II SN 1979,SDSS-II SN 01979,0.2834
SDSS-II SN 19791,SDSS-II SN 19791,--
SDSS-II SN 19821,SDSS-II SN 19821,0.214
SDSS-II SN 19825,SDSS-II SN 19825,0.154
SDSS-II SN 1991,SDSS-II SN 01991,0.266
SDSS-II SN 19986,SDSS-II SN 19986,0.355
SDSS-II SN 19987,SDSS-II SN 19987,0.396
SDSS-II SN 20033,SDSS-II SN 20033,0.248
SDSS-II SN 20043,SDSS-II SN 20043,0.346
SDSS-II SN 20046,SDSS-II SN 20046,0.238
SDSS-II SN 20047,SDSS-II SN 20047,--
SDSS-II SN 20141,SDSS-II SN 20141,--
SDSS-II SN 20152,SDSS-II SN 20152,0.203
SDSS-II SN 20217,SDSS-II SN 20217,0.34
SDSS-II SN 20232,SDSS-II SN 20232,--
SDSS-II SN 20257,SDSS-II SN 20257,--
SDSS-II SN 20262,SDSS-II SN 20262,0.125
SDSS-II SN 20267,SDSS-II SN 20267,0.428
SDSS-II SN 20278,SDSS-II SN 20278,--
SDSS-II SN 20300,SDSS-II SN 20300,--
SDSS-II SN 20336,SDSS-II SN 20336,0.78
SDSS-II SN 20386,SDSS-II SN 20386,--
SDSS-II SN 20399,SDSS-II SN 20399,--
SDSS-II SN 20400,SDSS-II SN 20400,0.286
SDSS-II SN 20405,SDSS-II SN 20405,0.254
SDSS-II SN 20431,SDSS-II SN 20431,0.399
SDSS-II SN 20435,SDSS-II SN 20435,0.115
SDSS-II SN 20467,SDSS-II SN 20467,--
SDSS-II SN 20491,SDSS-II SN 20491,0.212
SDSS-II SN 20501,SDSS-II SN 20501,--
SDSS-II SN 20514,SDSS-II SN 20514,0.389
SDSS-II SN 20517,SDSS-II SN 20517,--
SDSS-II SN 20541,SDSS-II SN 20541,--
SDSS-II SN 20545,SDSS-II SN 20545,--
SDSS-II SN 20553,SDSS-II SN 20553,0.137
SDSS-II SN 20572,SDSS-II SN 20572,--
SDSS-II SN 20578,SDSS-II SN 20578,--
SDSS-II SN 20588,SDSS-II SN 20588,--
SDSS-II SN 20590,SDSS-II SN 20590,0.102
SDSS-II SN 20591,SDSS-II SN 20591,0.144
SDSS-II SN 20592,SDSS-II SN 20592,0.527
SDSS-II SN 20596,SDSS-II SN 20596,0.242
SDSS-II SN 20601,SDSS-II SN 20601,--
SDSS-II SN 20619,SDSS-II SN 20619,--
SDSS-II SN 20624,SDSS-II SN 20624,--
SDSS-II SN 20678,SDSS-II SN 20678,0.205614
SDSS-II SN 20690,SDSS-II SN 20690,--
SDSS-II SN 20719,SDSS-II SN 20719,0.41
SDSS-II SN 20721,SDSS-II SN 20721,--
SDSS-II SN 20722,SDSS-II SN 20722,--
SDSS-II SN 20727,SDSS-II SN 20727,--
SDSS-II SN 20745,SDSS-II SN 20745,0.629459
SDSS-II SN 20750,SDSS-II SN 20750,0.14
SDSS-II SN 20759,SDSS-II SN 20759,0.053
SDSS-II SN 2078,SDSS-II SN 02078,0.208
SDSS-II SN 20787,SDSS-II SN 20787,--
SDSS-II SN 2079,SDSS-II SN 02079,--
SDSS-II SN 20805,SDSS-II SN 20805,--
SDSS-II SN 20825,SDSS-II SN 20825,0.135
SDSS-II SN 20828,SDSS-II SN 20828,0.206
SDSS-II SN 20830,SDSS-II SN 20830,--
SDSS-II SN 20870,SDSS-II SN 20870,0.23
SDSS-II SN 20877,SDSS-II SN 20877,0.288
SDSS-II SN 20891,SDSS-II SN 20891,--
SDSS-II SN 20896,SDSS-II SN 20896,--
SDSS-II SN 20916,SDSS-II SN 20916,0.088
SDSS-II SN 20917,SDSS-II SN 20917,--
SDSS-II SN 20920,SDSS-II SN 20920,0.6
SDSS-II SN 20923,SDSS-II SN 20923,0.595
SDSS-II SN 20932,SDSS-II SN 20932,--
SDSS-II SN 20936,SDSS-II SN 20936,0.378359
SDSS-II SN 20953,SDSS-II SN 20953,0.289
SDSS-II SN 20961,SDSS-II SN 20961,0.279
SDSS-II SN 20969,SDSS-II SN 20969,0.361
SDSS-II SN 20971,SDSS-II SN 20971,--
SDSS-II SN 20998,SDSS-II SN 20998,0.251
SDSS-II SN 21001,SDSS-II SN 21001,0.226
SDSS-II SN 21013,SDSS-II SN 21013,--
SDSS-II SN 21015,SDSS-II SN 21015,0.392
SDSS-II SN 21019,SDSS-II SN 21019,--
SDSS-II SN 21023,SDSS-II SN 21023,--
SDSS-II SN 21027,SDSS-II SN 21027,--
SDSS-II SN 21060,SDSS-II SN 21060,0.462
SDSS-II SN 21069,SDSS-II SN 21069,--
SDSS-II SN 21161,SDSS-II SN 21161,--
SDSS-II SN 21185,SDSS-II SN 21185,0.218
SDSS-II SN 21306,SDSS-II SN 21306,0.152
SDSS-II SN 21307,SDSS-II SN 21307,--
SDSS-II SN 21347,SDSS-II SN 21347,0.486686
SDSS-II SN 21360,SDSS-II SN 21360,--
SDSS-II SN 21381,SDSS-II SN 21381,0.158
SDSS-II SN 21388,SDSS-II SN 21388,0.56665
SDSS-II SN 21389,SDSS-II SN 21389,0.528
SDSS-II SN 21401,SDSS-II SN 21401,0.056
SDSS-II SN 21402,SDSS-II SN 21402,--
SDSS-II SN 21405,SDSS-II SN 21405,0.612
SDSS-II SN 21406,SDSS-II SN 21406,--
SDSS-II SN 21487,SDSS-II SN 21487,--
SDSS-II SN 2149,SDSS-II SN 02149,0.284
SDSS-II SN 21494,SDSS-II SN 21494,0.655
SDSS-II SN 21577,SDSS-II SN 21577,0.466
SDSS-II SN 21589,SDSS-II SN 21589,0.308
SDSS-II SN 2162,SDSS-II SN 02162,--
SDSS-II SN 21764,SDSS-II SN 21764,0.554
SDSS-II SN 2181,SDSS-II SN 02181,0.528
SDSS-II SN 21858,SDSS-II SN 21858,--
SDSS-II SN 21874,SDSS-II SN 21874,0.368
SDSS-II SN 21875,SDSS-II SN 21875,0.066
SDSS-II SN 21884,SDSS-II SN 21884,0.366
SDSS-II SN 21885,SDSS-II SN 21885,0.364
SDSS-II SN 21888,SDSS-II SN 21888,--
SDSS-II SN 21889,SDSS-II SN 21889,--
SDSS-II SN 2235,SDSS-II SN 02235,--
SDSS-II SN 2280,SDSS-II SN 02280,0.350232
SDSS-II SN 2355,SDSS-II SN 02355,--
SDSS-II SN 2427,SDSS-II SN 02427,--
SDSS-II SN 2532,SDSS-II SN 02532,--
SDSS-II SN 2537,SDSS-II SN 02537,--
SDSS-II SN 2551,SDSS-II SN 02551,--
SDSS-II SN 2621,SDSS-II SN 02621,0.324
SDSS-II SN 2630,SDSS-II SN 02630,0.295
SDSS-II SN 2632,SDSS-II SN 02632,--
SDSS-II SN 2639,SDSS-II SN 02639,--
SDSS-II SN 2734,SDSS-II SN 02734,--
SDSS-II SN 2746,SDSS-II SN 02746,--
SDSS-II SN 2766,SDSS-II SN 02766,--
SDSS-II SN 2784,SDSS-II SN 02784,0.383
SDSS-II SN 2806,SDSS-II SN 02806,--
SDSS-II SN 2808,SDSS-II SN 02808,--
SDSS-II SN 2855,SDSS-II SN 02855,0.271
SDSS-II SN 2864,SDSS-II SN 02864,--
SDSS-II SN 2912,SDSS-II SN 02912,--
SDSS-II SN 2926,SDSS-II SN 02926,--
SDSS-II SN 3065,SDSS-II SN 03065,0.256
SDSS-II SN 3068,SDSS-II SN 03068,--
SDSS-II SN 3102,SDSS-II SN 03102,0.379
SDSS-II SN 3150,SDSS-II SN 03150,0.3
SDSS-II SN 3172,SDSS-II SN 03172,--
SDSS-II SN 3175,SDSS-II SN 03175,0.216
SDSS-II SN 3195,SDSS-II SN 03195,--
SDSS-II SN 3205,SDSS-II SN 03205,0.091
SDSS-II SN 3206,SDSS-II SN 03206,0.341
SDSS-II SN 3225,SDSS-II SN 03225,--
SDSS-II SN 3368,SDSS-II SN 03368,0.322
SDSS-II SN 3402,SDSS-II SN 03402,0.448
SDSS-II SN 3421,SDSS-II SN 03421,0.263
SDSS-II SN 3426,SDSS-II SN 03426,--
SDSS-II SN 3475,SDSS-II SN 03475,--
SDSS-II SN 3535,SDSS-II SN 03535,--
SDSS-II SN 3543,SDSS-II SN 03543,0.191
SDSS-II SN 3565,SDSS-II SN 03565,--
SDSS-II SN 3593,SDSS-II SN 03593,0.407
SDSS-II SN 3674,SDSS-II SN 03674,0.035
SDSS-II SN 3780,SDSS-II SN 03780,--
SDSS-II SN 3811,SDSS-II SN 03811,0.358
SDSS-II SN 3881,SDSS-II SN 03881,--
SDSS-II SN 3889,SDSS-II SN 03889,0.219
SDSS-II SN 3945,SDSS-II SN 03945,--
SDSS-II SN 3983,SDSS-II SN 03983,0.279
SDSS-II SN 4028,SDSS-II SN 04028,0.317
SDSS-II SN 4048,SDSS-II SN 04048,--
SDSS-II SN 4054,SDSS-II SN 04054,0.363
SDSS-II SN 4078,SDSS-II SN 04078,0.5
SDSS-II SN 4079,SDSS-II SN 04079,0.486
SDSS-II SN 4104,SDSS-II SN 04104,--
SDSS-II SN 4110,SDSS-II SN 04110,0.28
SDSS-II SN 4129,SDSS-II SN 04129,0.441
SDSS-II SN 4175,SDSS-II SN 04175,0.279188
SDSS-II SN 4181,SDSS-II SN 04181,--
SDSS-II SN 4206,SDSS-II SN 04206,0.262
SDSS-II SN 4211,SDSS-II SN 04211,--
SDSS-II SN 4229,SDSS-II SN 04229,0.309
SDSS-II SN 4236,SDSS-II SN 04236,--
SDSS-II SN 4307,SDSS-II SN 04307,--
SDSS-II SN 4313,SDSS-II SN 04313,0.191
SDSS-II SN 4360,SDSS-II SN 04360,--
SDSS-II SN 4361,SDSS-II SN 04361,--
SDSS-II SN 4417,SDSS-II SN 04417,0.028
SDSS-II SN 4455,SDSS-II SN 04455,0.243
SDSS-II SN 4557,SDSS-II SN 04557,0.294
SDSS-II SN 4558,SDSS-II SN 04558,--
SDSS-II SN 4612,SDSS-II SN 04612,--
SDSS-II SN 4639,SDSS-II SN 04639,0.106
SDSS-II SN 4669,SDSS-II SN 04669,0.248
SDSS-II SN 4676,SDSS-II SN 04676,--
SDSS-II SN 4682,SDSS-II SN 04682,0.417
SDSS-II SN 4757,SDSS-II SN 04757,0.47
SDSS-II SN 4779,SDSS-II SN 04779,0.53541
SDSS-II SN 4808,SDSS-II SN 04808,0.47
SDSS-II SN 4857,SDSS-II SN 04857,0.328
SDSS-II SN 4906,SDSS-II SN 04906,0.283
SDSS-II SN 4914,SDSS-II SN 04914,--
SDSS-II SN 4978,SDSS-II SN 04978,0.279
SDSS-II SN 5021,SDSS-II SN 05021,0.381
SDSS-II SN 5178,SDSS-II SN 05178,0.455
SDSS-II SN 5197,SDSS-II SN 05197,--
SDSS-II SN 5199,SDSS-II SN 05199,0.219
SDSS-II SN 5209,SDSS-II SN 05209,--
SDSS-II SN 5230,SDSS-II SN 05230,--
SDSS-II SN 5247,SDSS-II SN 05247,0.165
SDSS-II SN 5292,SDSS-II SN 05292,--
SDSS-II SN 5363,SDSS-II SN 05363,0.234
SDSS-II SN 5378,SDSS-II SN 05378,--
SDSS-II SN 5468,SDSS-II SN 05468,0.267
SDSS-II SN 5473,SDSS-II SN 05473,--
SDSS-II SN 5486,SDSS-II SN 05486,--
SDSS-II SN 5487,SDSS-II SN 05487,0.32
SDSS-II SN 5524,SDSS-II SN 05524,--
SDSS-II SN 5590,SDSS-II SN 05590,--
SDSS-II SN 5595,SDSS-II SN 05595,0.185
SDSS-II SN 5659,SDSS-II SN 05659,--
SDSS-II SN 5690,SDSS-II SN 05690,--
SDSS-II SN 5702,SDSS-II SN 05702,0.242
SDSS-II SN 5735,SDSS-II SN 05735,0.191
SDSS-II SN 5776,SDSS-II SN 05776,--
SDSS-II SN 5804,SDSS-II SN 05804,--
SDSS-II SN 5869,SDSS-II SN 05869,--
SDSS-II SN 5877,SDSS-II SN 05877,0.317
SDSS-II SN 5897,SDSS-II SN 05897,0.333
SDSS-II SN 5917,SDSS-II SN 05917,0.309
SDSS-II SN 5925,SDSS-II SN 05925,0.184
SDSS-II SN 5959,SDSS-II SN 05959,--
SDSS-II SN 5963,SDSS-II SN 05963,--
SDSS-II SN 5978,SDSS-II SN 05978,--
SDSS-II SN 5993,SDSS-II SN 05993,--
SDSS-II SN 6055,SDSS-II SN 06055,0.606
SDSS-II SN 6216,SDSS-II SN 06216,--
SDSS-II SN 6225,SDSS-II SN 06225,--
SDSS-II SN 6274,SDSS-II SN 06274,0.207366
SDSS-II SN 6275,SDSS-II SN 06275,--
SDSS-II SN 6282,SDSS-II SN 06282,--
SDSS-II SN 6300,SDSS-II SN 06300,0.583
SDSS-II SN 6491,SDSS-II SN 06491,0.1104
SDSS-II SN 6496,SDSS-II SN 06496,--
SDSS-II SN 6535,SDSS-II SN 06535,--
SDSS-II SN 6556,SDSS-II SN 06556,--
SDSS-II SN 6560,SDSS-II SN 06560,0.269
SDSS-II SN 6618,SDSS-II SN 06618,0.289
SDSS-II SN 6638,SDSS-II SN 06638,--
SDSS-II SN 6654,SDSS-II SN 06654,--
SDSS-II SN 6683,SDSS-II SN 06683,--
SDSS-II SN 6696,SDSS-II SN 06696,--
SDSS-II SN 6709,SDSS-II SN 06709,0.299
SDSS-II SN 6743,SDSS-II SN 06743,--
SDSS-II SN 6813,SDSS-II SN 06813,--
SDSS-II SN 6816,SDSS-II SN 06816,0.266
SDSS-II SN 6831,SDSS-II SN 06831,--
SDSS-II SN 6833,SDSS-II SN 06833,0.43
SDSS-II SN 6861,SDSS-II SN 06861,--
SDSS-II SN 6873,SDSS-II SN 06873,--
SDSS-II SN 6877,SDSS-II SN 06877,--
SDSS-II SN 6883,SDSS-II SN 06883,--
SDSS-II SN 6889,SDSS-II SN 06889,0.166
SDSS-II SN 6895,SDSS-II SN 06895,--
SDSS-II SN 696,SDSS-II SN 00696,--
SDSS-II SN 6987,SDSS-II SN 06987,--
SDSS-II SN 7017,SDSS-II SN 07017,--
SDSS-II SN 703,SDSS-II SN 00703,--
SDSS-II SN 7056,SDSS-II SN 07056,0.246
SDSS-II SN 7092,SDSS-II SN 07092,--
SDSS-II SN 7099,SDSS-II SN 07099,--
SDSS-II SN 7121,SDSS-II SN 07121,--
SDSS-II SN 7127,SDSS-II SN 07127,--
SDSS-II SN 7194,SDSS-II SN 07194,--
SDSS-II SN 7195,SDSS-II SN 07195,--
SDSS-II SN 735,SDSS-II SN 00735,--
SDSS-II SN 7357,SDSS-II SN 07357,0.392
SDSS-II SN 7365,SDSS-II SN 07365,--
SDSS-II SN 7373,SDSS-II SN 07373,--
SDSS-II SN 7374,SDSS-II SN 07374,0.345
SDSS-II SN 7413,SDSS-II SN 07413,0.372
SDSS-II SN 7479,SDSS-II SN 07479,--
SDSS-II SN 7499,SDSS-II SN 07499,0.313
SDSS-II SN 7502,SDSS-II SN 07502,--
SDSS-II SN 7550,SDSS-II SN 07550,--
SDSS-II SN 7594,SDSS-II SN 07594,--
SDSS-II SN 7600,SDSS-II SN 07600,--
SDSS-II SN 7644,SDSS-II SN 07644,--
SDSS-II SN 7647,SDSS-II SN 07647,--
SDSS-II SN 7656,SDSS-II SN 07656,0.697
SDSS-II SN 7663,SDSS-II SN 07663,0.52
SDSS-II SN 7699,SDSS-II SN 07699,0.175
SDSS-II SN 7701,SDSS-II SN 07701,--
SDSS-II SN 7713,SDSS-II SN 07713,0.325
SDSS-II SN 7717,SDSS-II SN 07717,--
SDSS-II SN 7725,SDSS-II SN 07725,--
SDSS-II SN 773,SDSS-II SN 00773,--
SDSS-II SN 7736,SDSS-II SN 07736,0.153
SDSS-II SN 7780,SDSS-II SN 07780,--
SDSS-II SN 779,SDSS-II SN 00779,--
SDSS-II SN 7794,SDSS-II SN 07794,--
SDSS-II SN 7802,SDSS-II SN 07802,0.203
SDSS-II SN 7803,SDSS-II SN 07803,0.184
SDSS-II SN 7804,SDSS-II SN 07804,0.154
SDSS-II SN 7822,SDSS-II SN 07822,0.399
SDSS-II SN 7824,SDSS-II SN 07824,--
SDSS-II SN 7835,SDSS-II SN 07835,--
SDSS-II SN 7851,SDSS-II SN 07851,0.315
SDSS-II SN 7882,SDSS-II SN 07882,0.299
SDSS-II SN 7884,SDSS-II SN 07884,0.214
SDSS-II SN 7939,SDSS-II SN 07939,0.473
SDSS-II SN 7954,SDSS-II SN 07954,--
SDSS-II SN 7986,SDSS-II SN 07986,0.406
SDSS-II SN 8004,SDSS-II SN 08004,--
SDSS-II SN 8062,SDSS-II SN 08062,0.685
SDSS-II SN 8092,SDSS-II SN 08092,0.275
SDSS-II SN 8114,SDSS-II SN 08114,--
SDSS-II SN 8128,SDSS-II SN 08128,0.482
SDSS-II SN 8160,SDSS-II SN 08160,--
SDSS-II SN 8165,SDSS-II SN 08165,--
SDSS-II SN 8216,SDSS-II SN 08216,0.118
SDSS-II SN 8264,SDSS-II SN 08264,0.244
SDSS-II SN 8269,SDSS-II SN 08269,--
SDSS-II SN 8280,SDSS-II SN 08280,--
SDSS-II SN 8290,SDSS-II SN 08290,0.318
SDSS-II SN 8307,SDSS-II SN 08307,0.403
SDSS-II SN 8323,SDSS-II SN 08323,--
SDSS-II SN 8327,SDSS-II SN 08327,0.7
SDSS-II SN 841,SDSS-II SN 00841,--
SDSS-II SN 8421,SDSS-II SN 08421,--
SDSS-II SN 8457,SDSS-II SN 08457,0.572
SDSS-II SN 8555,SDSS-II SN 08555,--
SDSS-II SN 8577,SDSS-II SN 08577,--
SDSS-II SN 859,SDSS-II SN 00859,0.283
SDSS-II SN 8600,SDSS-II SN 08600,0.554
SDSS-II SN 8605,SDSS-II SN 08605,0.316
SDSS-II SN 8662,SDSS-II SN 08662,0.55837
SDSS-II SN 8723,SDSS-II SN 08723,0.537
SDSS-II SN 8730,SDSS-II SN 08730,--
SDSS-II SN 8850,SDSS-II SN 08850,0.7
SDSS-II SN 8888,SDSS-II SN 08888,--
SDSS-II SN 9020,SDSS-II SN 09020,--
SDSS-II SN 9026,SDSS-II SN 09026,--
SDSS-II SN 904,SDSS-II SN 00904,0.288
SDSS-II SN 9052,SDSS-II SN 09052,0.177
SDSS-II SN 9109,SDSS-II SN 09109,0.193
SDSS-II SN 9117,SDSS-II SN 09117,--
SDSS-II SN 9132,SDSS-II SN 09132,0.384
SDSS-II SN 9133,SDSS-II SN 09133,--
SDSS-II SN 9194,SDSS-II SN 09194,0.537
SDSS-II SN 9218,SDSS-II SN 09218,0.242
SDSS-II SN 9268,SDSS-II SN 09268,0.389
SDSS-II SN 9326,SDSS-II SN 09326,--
SDSS-II SN 9353,SDSS-II SN 09353,--
SDSS-II SN 9424,SDSS-II SN 09424,0.401
SDSS-II SN 9458,SDSS-II SN 09458,--
SDSS-II SN 9551,SDSS-II SN 09551,--
SDSS-II SN 9557,SDSS-II SN 09557,1.173746
SDSS-II SN 9558,SDSS-II SN 09558,--
SDSS-II SN 9594,SDSS-II SN 09594,--
SDSS-II SN 9595,SDSS-II SN 09595,--
SDSS-II SN 9632,SDSS-II SN 09632,0.444
SDSS-II SN 9677,SDSS-II SN 09677,0.437
SDSS-II SN 9817,SDSS-II SN 09817,--
SDSS-II SN 986,SDSS-II SN 00986,--
SDSS-II SN 9895,SDSS-II SN 09895,0.244
SDSS-II SN 9954,SDSS-II SN 09954,--
SN1954B,SN 1954B,--
SN1957A,SN 1957A,--
SN1959C,SN 1959C,--
SN1960F,SN 1960F,--
SN1960H,SN 1960H,--
SN1960R,SN 1960R,--
SN1961H,SN 1961H,--
SN1962A,SN 1962A,--
SN1962E,SN 1962E,--
SN1963P,SN 1963P,--
SN1971G,SN 1971G,--
SN1981B,SN 1981B,--
SN1983G,SN 1983G,--
SN1983L,SN 1983L,--
SN1983N,SN 1983N,--
SN1983W,SN 1983W,--
SN1984A,SN 1984A,--
SN1986N,SN 1986N,--
SN1986P,SN 1986P,--
SN1987D,SN 1987D,--
SN1987L,SN 1987L,--
SN1989A,SN 1989A,--
SN1989B,SN 1989B,--
SN1989D,SN 1989D,--
SN1989M,SN 1989M,--
SN1989P,SN 1989P,--
SN1989Q,SN 1989Q,--
SN1989S,SN 1989S,--
SN1989V,SN 1989V,--
SN1990ab,SN 1990ab,--
SN1990af,SN 1990af,--
SN1990F,SN 1990F,--
SN1990J,SN 1990J,--
SN1990N,SN 1990N,--
SN1990O,SN 1990O,--
SN1990R,SN 1990R,--
SN1990T,SN 1990T,--
SN1990U,SN 1990U,--
SN1991ad,SN 1991ad,--
SN1991ag,SN 1991ag,--
SN1991ai,SN 1991ai,--
SN1991am,SN 1991am,--
SN1991as,SN 1991as,--
SN1991B,SN 1991B,--
SN1991bc,SN 1991bc,--
SN1991bd,SN 1991bd,--
SN1991bf,SN 1991bf,--
SN1991bg,SN 1991bg,--
SN1991F,SN 1991F,--
SN1991M,SN 1991M,--
SN1991X,SN 1991X,--
SN1992A,SN 1992A,--
SN1992ac,SN 1992ac,--
SN1992ae,SN 1992ae,--
SN1992ag,SN 1992ag,--
SN1992ap,SN 1992ap,--
SN1992at,SN 1992at,--
SN1992bf,SN 1992bf,--
SN1992bg,SN 1992bg,--
SN1992bh,SN 1992bh,--
SN1992bi,SN 1992bi,--
SN1992bs,SN 1992bs,--
SN1992J,SN 1992J,--
SN1992K,SN 1992K,--
SN1992R,SN 1992R,--
SN1992V,SN 1992V,--
SN1993aa,SN 1993aa,--
SN1993ae,SN 1993ae,--
SN1993af,SN 1993af,--
SN1993ai,SN 1993ai,--
SN1993B,SN 1993B,--
SN1993C,SN 1993C,--
SN1993I,SN 1993I,--
SN1993L,SN 1993L,--
SN1993T,SN 1993T,--
SN1994ae,SN 1994ae,--
SN1994am,SN 1994am,--
SN1994an,SN 1994an,--
SN1994C,SN 1994C,--
SN1994G,SN 1994G,--
SN1994O,SN 1994O,--
SN1994U,SN 1994U,--
SN1994X,SN 1994X,--
SN1995ae,SN 1995ae,--
SN1995ao,SN 1995ao,--
SN1995ap,SN 1995ap,--
SN1995D,SN 1995D,--
SN1995K,SN 1995K,--
SN1995O,SN 1995O,--
SN1995P,SN 1995P,--
SN1995R,SN 1995R,--
SN1995T,SN 1995T,--
SN1996aa,SN 1996aa,--
SN1996ab,SN 1996ab,--
SN1996ac,SN 1996ac,--
SN1996ag,SN 1996ag,--
SN1996am,SN 1996am,--
SN1996au,SN 1996au,--
SN1996aw,SN 1996aw,--
SN1996ay,SN 1996ay,--
SN1996bc,SN 1996bc,--
SN1996bd,SN 1996bd,--
SN1996bf,SN 1996bf,--
SN1996bi,SN 1996bi,--
SN1996bj,SN 1996bj,--
SN1996bk,SN 1996bk,--
SN1996bl,SN 1996bl,--
SN1996bm,SN 1996bm,--
SN1996bo,SN 1996bo,--
SN1996bx,SN 1996bx,--
SN1996cf,SN 1996cf,--
SN1996cg,SN 1996cg,--
SN1996cn,SN 1996cn,--
SN1996I,SN 1996I,--
SN1996K,SN 1996K,--
SN1996O,SN 1996O,--
SN1996P,SN 1996P,--
SN1996R,SN 1996R,--
SN1996T,SN 1996T,--
SN1996X,SN 1996X,--
SN1997A,SN 1997A,--
SN1997ag,SN 1997ag,--
SN1997ah,SN 1997ah,--
SN1997aj,SN 1997aj,--
SN1997ak,SN 1997ak,--
SN1997am,SN 1997am,--
SN1997ap,SN 1997ap,--
SN1997as,SN 1997as,--
SN1997bb,SN 1997bb,--
SN1997bd,SN 1997bd,--
SN1997bh,SN 1997bh,--
SN1997bj,SN 1997bj,--
SN1997bp,SN 1997bp,--
SN1997bx,SN 1997bx,--
SN1997bz,SN 1997bz,--
SN1997ca,SN 1997ca,--
SN1997ce,SN 1997ce,--
SN1997cj,SN 1997cj,--
SN1997cm,SN 1997cm,--
SN1997cn,SN 1997cn,--
SN1997cp,SN 1997cp,--
SN1997ct,SN 1997ct,--
SN1997cu,SN 1997cu,--
SN1997cv,SN 1997cv,--
SN1997cw,SN 1997cw,--
SN1997cz,SN 1997cz,--
SN1997de,SN 1997de,--
SN1997dg,SN 1997dg,--
SN1997dk,SN 1997dk,--
SN1997dl,SN 1997dl,--
SN1997dr,SN 1997dr,--
SN1997ee,SN 1997ee,--
SN1997ei,SN 1997ei,--
SN1997ej,SN 1997ej,--
SN1997ek,SN 1997ek,--
SN1997el,SN 1997el,--
SN1997en,SN 1997en,--
SN1997eo,SN 1997eo,--
SN1997ep,SN 1997ep,--
SN1997eq,SN 1997eq,--
SN1997er,SN 1997er,--
SN1997es,SN 1997es,--
SN1997ex,SN 1997ex,--
SN1997ey,SN 1997ey,--
SN1997ez,SN 1997ez,--
SN1997fa,SN 1997fa,--
SN1997fd,SN 1997fd,--
SN1997fe,SN 1997fe,--
SN1997ff,SN 1997ff,1.755
SN1997G,SN 1997G,--
SN1997H,SN 1997H,--
SN1997L,SN 1997L,--
SN1997N,SN 1997N,--
SN1997R,SN 1997R,--
SN1997S,SN 1997S,--
SN1997T,SN 1997T,--
SN1998ab,SN 1998ab,--
SN1998ac,SN 1998ac,--
SN1998ag,SN 1998ag,--
SN1998ah,SN 1998ah,--
SN1998ai,SN 1998ai,--
SN1998ak,SN 1998ak,--
SN1998al,SN 1998al,--
SN1998ax,SN 1998ax,--
SN1998ay,SN 1998ay,--
SN1998ba,SN 1998ba,--
SN1998bd,SN 1998bd,--
SN1998be,SN 1998be,--
SN1998bi,SN 1998bi,--
SN1998bk,SN 1998bk,--
SN1998bn,SN 1998bn,--
SN1998bq,SN 1998bq,--
SN1998br,SN 1998br,--
SN1998bs,SN 1998bs,--
SN1998cd,SN 1998cd,--
SN1998ci,SN 1998ci,--
SN1998cm,SN 1998cm,--
SN1998cq,SN 1998cq,--
SN1998cs,SN 1998cs,--
SN1998cw,SN 1998cw,--
SN1998dj,SN 1998dj,--
SN1998do,SN 1998do,--
SN1998dq,SN 1998dq,--
SN1998dr,SN 1998dr,--
SN1998du,SN 1998du,--
SN1998dv,SN 1998dv,--
SN1998dy,SN 1998dy,--
SN1998ea,SN 1998ea,--
SN1998ef,SN 1998ef,--
SN1998em,SN 1998em,--
SN1998en,SN 1998en,--
SN1998eo,SN 1998eo,--
SN1998eu,SN 1998eu,--
SN1998ez,SN 1998ez,--
SN1998M,SN 1998M,--
SN1998Q,SN 1998Q,--
SN1999aa,SN 1999aa,--
SN1999ac,SN 1999ac,--
SN1999af,SN 1999af,--
SN1999as,SN 1999as,--
SN1999av,SN 1999av,--
SN1999aw,SN 1999aw,--
SN1999ax,SN 1999ax,--
SN1999az,SN 1999az,--
SN1999bf,SN 1999bf,--
SN1999bi,SN 1999bi,--
SN1999bl,SN 1999bl,--
SN1999bq,SN 1999bq,--
SN1999bt,SN 1999bt,--
SN1999by,SN 1999by,--
SN1999cb,SN 1999cb,--
SN1999cc,SN 1999cc,--
SN1999cf,SN 1999cf,--
SN1999ch,SN 1999ch,--
SN1999ci,SN 1999ci,--
SN1999cj,SN 1999cj,--
SN1999ck,SN 1999ck,--
SN1999cl,SN 1999cl,--
SN1999cp,SN 1999cp,--
SN1999ct,SN 1999ct,--
SN1999dg,SN 1999dg,--
SN1999dq,SN 1999dq,--
SN1999dr,SN 1999dr,--
SN1999du,SN 1999du,--
SN1999dw,SN 1999dw,--
SN1999dx,SN 1999dx,--
SN1999dz,SN 1999dz,--
SN1999ea,SN 1999ea,--
SN1999ec,SN 1999ec,--
SN1999ee,SN 1999ee,--
SN1999ej,SN 1999ej,--
SN1999F,SN 1999F,--
SN1999fc,SN 1999fc,--
SN1999fd,SN 1999fd,--
SN1999fi,SN 1999fi,--
SN1999fm,SN 1999fm,--
SN1999fu,SN 1999fu,--
SN1999fv,SN 1999fv,--
SN1999fw,SN 1999fw,--
SN1999fx,SN 1999fx,--
SN1999fz,SN 1999fz,--
SN1999gh,SN 1999gh,--
SN1999gj,SN 1999gj,--
SN1999gr,SN 1999gr,--
SN1999gs,SN 1999gs,--
SN1999gt,SN 1999gt,--
SN1999gx,SN 1999gx,--
SN1999T,SN 1999T,--
SN1999U,SN 1999U,--
SN1999X,SN 1999X,--
SN2000A,SN 2000A,--
SN2000al,SN 2000al,--
SN2000bk,SN 2000bk,--
SN2000bn,SN 2000bn,--
SN2000ca,SN 2000ca,--
SN2000cf,SN 2000cf,--
SN2000cj,SN 2000cj,--
SN2000cv,SN 2000cv,--
SN2000cx,SN 2000cx,--
SN2000dd,SN 2000dd,--
SN2000df,SN 2000df,--
SN2000dk,SN 2000dk,--
SN2000dm,SN 2000dm,--
SN2000dp,SN 2000dp,--
SN2000dx,SN 2000dx,--
SN2000dy,SN 2000dy,--
SN2000dz,SN 2000dz,--
SN2000E,SN 2000E,--
SN2000ec,SN 2000ec,--
SN2000ee,SN 2000ee,--
SN2000ej,SN 2000ej,--
SN2000eq,SN 2000eq,--
SN2000et,SN 2000et,--
SN2000eu,SN 2000eu,--
SN2000fo,SN 2000fo,--
SN2000fq,SN 2000fq,--
SN2000fr,SN 2000fr,--
SN2000fw,SN 2000fw,--
SN2000fx,SN 2000fx,--
SN2000fy,SN 2000fy,--
SN2000fz,SN 2000fz,--
SN2000ga,SN 2000ga,--
SN2000T,SN 2000T,--
SN2000V,SN 2000V,--
SN2001al,SN 2001al,--
SN2001ba,SN 2001ba,--
SN2001bs,SN 2001bs,--
SN2001bt,SN 2001bt,--
SN2001C,SN 2001C,--
SN2001cg,SN 2001cg,--
SN2001cj,SN 2001cj,--
SN2001cq,SN 2001cq,--
SN2001cr,SN 2001cr,--
SN2001cs,SN 2001cs,--
SN2001cu,SN 2001cu,--
SN2001cv,SN 2001cv,--
SN2001cw,SN 2001cw,--
SN2001dd,SN 2001dd,--
SN2001dt,SN 2001dt,--
SN2001E,SN 2001E,--
SN2001ed,SN 2001ed,--
SN2001ei,SN 2001ei,--
SN2001en,SN 2001en,--
SN2001es,SN 2001es,--
SN2001fg,SN 2001fg,--
SN2001fu,SN 2001fu,--
SN2001G,SN 2001G,--
SN2001gm,SN 2001gm,--
SN2001gn,SN 2001gn,--
SN2001go,SN 2001go,--
SN2001gr,SN 2001gr,--
SN2001gt,SN 2001gt,--
SN2001gu,SN 2001gu,--
SN2001gv,SN 2001gv,--
SN2001gy,SN 2001gy,--
SN2001ha,SN 2001ha,--
SN2001hb,SN 2001hb,--
SN2001hc,SN 2001hc,--
SN2001ib,SN 2001ib,--
SN2001il,SN 2001il,--
SN2001io,SN 2001io,--
SN2001ip,SN 2001ip,--
SN2001ix,SN 2001ix,--
SN2001kh,SN 2001kh,--
SN2001ki,SN 2001ki,--
SN2001kj,SN 2001kj,--
SN2001kk,SN 2001kk,--
SN2001kl,SN 2001kl,--
SN2001km,SN 2001km,--
SN2001kr,SN 2001kr,--
SN2001ku,SN 2001ku,--
SN2001O,SN 2001O,--
SN2002am,SN 2002am,--
SN2002B,SN 2002B,--
SN2002bf,SN 2002bf,--
SN2002bi,SN 2002bi,--
SN2002bk,SN 2002bk,--
SN2002bn,SN 2002bn,--
SN2002br,SN 2002br,--
SN2002cd,SN 2002cd,--
SN2002ci,SN 2002ci,--
SN2002cr,SN 2002cr,--
SN2002cs,SN 2002cs,--
SN2002df,SN 2002df,--
SN2002dj,SN 2002dj,--
SN2002eb,SN 2002eb,--
SN2002ec,SN 2002ec,--
SN2002ef,SN 2002ef,--
SN2002eq,SN 2002eq,--
SN2002er,SN 2002er,--
SN2002et,SN 2002et,--
SN2002ez,SN 2002ez,--
SN2002fa,SN 2002fa,--
SN2002fc,SN 2002fc,--
SN2002fd,SN 2002fd,--
SN2002ff,SN 2002ff,--
SN2002fg,SN 2002fg,--
SN2002fk,SN 2002fk,--
SN2002fs,SN 2002fs,--
SN2002ft,SN 2002ft,--
SN2002fu,SN 2002fu,--
SN2002fw,SN 2002fw,--
SN2002fx,SN 2002fx,--
SN2002G,SN 2002G,--
SN2002ge,SN 2002ge,--
SN2002gf,SN 2002gf,--
SN2002gi,SN 2002gi,--
SN2002gk,SN 2002gk,--
SN2002gn,SN 2002gn,--
SN2002go,SN 2002go,--
SN2002gp,SN 2002gp,--
SN2002gr,SN 2002gr,--
SN2002gs,SN 2002gs,--
SN2002gv,SN 2002gv,--
SN2002hp,SN 2002hp,--
SN2002I,SN 2002I,--
SN2002ia,SN 2002ia,--
SN2002ib,SN 2002ib,--
SN2002ic,SN 2002ic,--
SN2002id,SN 2002id,--
SN2002ie,SN 2002ie,--
SN2002ih,SN 2002ih,--
SN2002ij,SN 2002ij,--
SN2002il,SN 2002il,--
SN2002im,SN 2002im,--
SN2002ir,SN 2002ir,--
SN2002is,SN 2002is,--
SN2002iy,SN 2002iy,--
SN2002iz,SN 2002iz,--
SN2002jb,SN 2002jb,--
SN2002jc,SN 2002jc,--
SN2002jf,SN 2002jf,--
SN2002jq,SN 2002jq,--
SN2002jr,SN 2002jr,--
SN2002js,SN 2002js,--
SN2002ju,SN 2002ju,--
SN2002jw,SN 2002jw,--
SN2002jy,SN 2002jy,--
SN2002ka,SN 2002ka,--
SN2002kc,SN 2002kc,--
SN2002kd,SN 2002kd,--
SN2002ki,SN 2002ki,--
SN2002kk,SN 2002kk,--
SN2002km,SN 2002km,--
SN2002kn,SN 2002kn,--
SN2002ko,SN 2002ko,--
SN2002kr,SN 2002kr,--
SN2002lh,SN 2002lh,--
SN2002lj,SN 2002lj,--
SN2002ll,SN 2002ll,--
SN2002lo,SN 2002lo,--
SN2002lp,SN 2002lp,--
SN2002lq,SN 2002lq,--
SN2002lr,SN 2002lr,--
SN2002P,SN 2002P,--
SN2003aa,SN 2003aa,--
SN2003ae,SN 2003ae,--
SN2003af,SN 2003af,--
SN2003ag,SN 2003ag,--
SN2003aj,SN 2003aj,--
SN2003an,SN 2003an,--
SN2003ap,SN 2003ap,--
SN2003ax,SN 2003ax,--
SN2003az,SN 2003az,--
SN2003bd,SN 2003bd,--
SN2003be,SN 2003be,--
SN2003bh,SN 2003bh,--
SN2003bs,SN 2003bs,--
SN2003cg,SN 2003cg,--
SN2003D,SN 2003D,--
SN2003dc,SN 2003dc,--
SN2003ds,SN 2003ds,--
SN2003dt,SN 2003dt,--
SN2003dw,SN 2003dw,--
SN2003dy,SN 2003dy,--
SN2003eb,SN 2003eb,--
SN2003eh,SN 2003eh,--
SN2003ek,SN 2003ek,--
SN2003ep,SN 2003ep,--
SN2003eq,SN 2003eq,--
SN2003fa,SN 2003fa,--
SN2003fd,SN 2003fd,--
SN2003ff,SN 2003ff,--
SN2003fg,SN 2003fg,--
SN2003fh,SN 2003fh,--
SN2003fi,SN 2003fi,--
SN2003fk,SN 2003fk,--
SN2003fn,SN 2003fn,--
SN2003fo,SN 2003fo,--
SN2003ge,SN 2003ge,--
SN2003gi,SN 2003gi,--
SN2003gj,SN 2003gj,--
SN2003gs,SN 2003gs,--
SN2003hj,SN 2003hj,--
SN2003hq,SN 2003hq,--
SN2003hs,SN 2003hs,--
SN2003hu,SN 2003hu,--
SN2003hx,SN 2003hx,--
SN2003ic,SN 2003ic,--
SN2003il,SN 2003il,--
SN2003it,SN 2003it,--
SN2003iu,SN 2003iu,--
SN2003ji,SN 2003ji,--
SN2003jl,SN 2003jl,--
SN2003jm,SN 2003jm,--
SN2003jn,SN 2003jn,--
SN2003jq,SN 2003jq,--
SN2003jr,SN 2003jr,--
SN2003js,SN 2003js,--
SN2003jt,SN 2003jt,--
SN2003ju,SN 2003ju,--
SN2003jv,SN 2003jv,--
SN2003jw,SN 2003jw,--
SN2003jy,SN 2003jy,--
SN2003kf,SN 2003kf,--
SN2003kg,SN 2003kg,--
SN2003kh,SN 2003kh,--
SN2003kk,SN 2003kk,--
SN2003kn,SN 2003kn,--
SN2003ko,SN 2003ko,--
SN2003kq,SN 2003kq,--
SN2003kr,SN 2003kr,--
SN2003kt,SN 2003kt,--
SN2003ku,SN 2003ku,--
SN2003kv,SN 2003kv,--
SN2003lc,SN 2003lc,--
SN2003lf,SN 2003lf,--
SN2003li,SN 2003li,--
SN2003lj,SN 2003lj,--
SN2003lk,SN 2003lk,--
SN2003ll,SN 2003ll,--
SN2003lm,SN 2003lm,--
SN2003ln,SN 2003ln,--
SN2003ls,SN 2003ls,--
SN2003P,SN 2003P,--
SN2003Q,SN 2003Q,--
SN2003R,SN 2003R,--
SN2003U,SN 2003U,--
SN2003V,SN 2003V,--
SN2004ah,SN 2004ah,--
SN2004ap,SN 2004ap,--
SN2004at,SN 2004at,--
SN2004B,SN 2004B,--
SN2004bg,SN 2004bg,--
SN2004bj,SN 2004bj,--
SN2004bl,SN 2004bl,--
SN2004bv,SN 2004bv,--
SN2004bw,SN 2004bw,--
SN2004cb,SN 2004cb,--
SN2004cd,SN 2004cd,--
SN2004cn,SN 2004cn,--
SN2004co,SN 2004co,--
SN2004dl,SN 2004dl,--
SN2004dt,SN 2004dt,--
SN2004E,SN 2004E,--
SN2004ef,SN 2004ef,--
SN2004eq,SN 2004eq,--
SN2004ey,SN 2004ey,--
SN2004fh,SN 2004fh,--
SN2004fj,SN 2004fj,--
SN2004fl,SN 2004fl,--
SN2004fn,SN 2004fn,--
SN2004fo,SN 2004fo,--
SN2004fq,SN 2004fq,--
SN2004fr,SN 2004fr,--
SN2004fs,SN 2004fs,--
SN2004fu,SN 2004fu,--
SN2004fv,SN 2004fv,--
SN2004gc,SN 2004gc,--
SN2004gi,SN 2004gi,--
SN2004gm,SN 2004gm,--
SN2004go,SN 2004go,--
SN2004gs,SN 2004gs,--
SN2004gu,SN 2004gu,--
SN2004gw,SN 2004gw,--
SN2004ha,SN 2004ha,--
SN2004hb,SN 2004hb,--
SN2004hd,SN 2004hd,--
SN2004he,SN 2004he,--
SN2004hf,SN 2004hf,--
SN2004hg,SN 2004hg,--
SN2004hh,SN 2004hh,--
SN2004hi,SN 2004hi,--
SN2004hj,SN 2004hj,--
SN2004hk,SN 2004hk,--
SN2004hl,SN 2004hl,--
SN2004hm,SN 2004hm,--
SN2004hn,SN 2004hn,--
SN2004ho,SN 2004ho,--
SN2004hp,SN 2004hp,--
SN2004hq,SN 2004hq,--
SN2004hs,SN 2004hs,--
SN2004hu,SN 2004hu,--
SN2004hw,SN 2004hw,--
SN2004hz,SN 2004hz,--
SN2004ia,SN 2004ia,--
SN2004id,SN 2004id,--
SN2004ie,SN 2004ie,--
SN2004if,SN 2004if,--
SN2004ig,SN 2004ig,--
SN2004ih,SN 2004ih,--
SN2004ii,SN 2004ii,--
SN2004ij,SN 2004ij,--
SN2004ik,SN 2004ik,--
SN2004il,SN 2004il,--
SN2004im,SN 2004im,--
SN2004in,SN 2004in,--
SN2004io,SN 2004io,--
SN2004J,SN 2004J,--
SN2004P,SN 2004P,--
SN2004W,SN 2004W,--
SN2004Y,SN 2004Y,--
SN2005A,SN 2005A,--
SN2005ac,SN 2005ac,--
SN2005ah,SN 2005ah,--
SN2005ai,SN 2005ai,--
SN2005al,SN 2005al,--
SN2005as,SN 2005as,--
SN2005be,SN 2005be,--
SN2005bg,SN 2005bg,--
SN2005bl,SN 2005bl,--
SN2005bo,SN 2005bo,--
SN2005cc,SN 2005cc,--
SN2005cf,SN 2005cf,--
SN2005cg,SN 2005cg,--
SN2005cn,SN 2005cn,--
SN2005cr,SN 2005cr,--
SN2005dc,SN 2005dc,--
SN2005de,SN 2005de,--
SN2005dm,SN 2005dm,--
SN2005ed,SN 2005ed,--
SN2005ef,SN 2005ef,--
SN2005eh,SN 2005eh,--
SN2005ei,SN 2005ei,--
SN2005ej,SN 2005ej,--
SN2005eq,SN 2005eq,--
SN2005eu,SN 2005eu,--
SN2005ev,SN 2005ev,--
SN2005ex,SN 2005ex,--
SN2005ey,SN 2005ey,--
SN2005ez,SN 2005ez,--
SN2005fa,SN 2005fa,--
SN2005fb,SN 2005fb,--
SN2005fc,SN 2005fc,--
SN2005fd,SN 2005fd,--
SN2005fe,SN 2005fe,--
SN2005ff,SN 2005ff,--
SN2005fh,SN 2005fh,--
SN2005fi,SN 2005fi,--
SN2005fj,SN 2005fj,--
SN2005fn,SN 2005fn,--
SN2005fo,SN 2005fo,--
SN2005fp,SN 2005fp,--
SN2005fq,SN 2005fq,--
SN2005fr,SN 2005fr,--
SN2005fs,SN 2005fs,--
SN2005ft,SN 2005ft,--
SN2005fv,SN 2005fv,--
SN2005fw,SN 2005fw,--
SN2005fx,SN 2005fx,--
SN2005fz,SN 2005fz,--
SN2005ga,SN 2005ga,--
SN2005gb,SN 2005gb,--
SN2005gc,SN 2005gc,--
SN2005gf,SN 2005gf,--
SN2005gg,SN 2005gg,--
SN2005go,SN 2005go,--
SN2005gp,SN 2005gp,--
SN2005gq,SN 2005gq,--
SN2005gr,SN 2005gr,--
SN2005gt,SN 2005gt,--
SN2005gw,SN 2005gw,--
SN2005gx,SN 2005gx,--
SN2005hc,SN 2005hc,--
SN2005hj,SN 2005hj,--
SN2005hk,SN 2005hk,--
SN2005hn,SN 2005hn,--
SN2005ho,SN 2005ho,--
SN2005hr,SN 2005hr,--
SN2005hs,SN 2005hs,--
SN2005hu,SN 2005hu,--
SN2005hv,SN 2005hv,--
SN2005hy,SN 2005hy,--
SN2005hz,SN 2005hz,--
SN2005ia,SN 2005ia,--
SN2005ib,SN 2005ib,--
SN2005id,SN 2005id,--
SN2005ie,SN 2005ie,--
SN2005if,SN 2005if,--
SN2005ih,SN 2005ih,--
SN2005ij,SN 2005ij,--
SN2005in,SN 2005in,--
SN2005ir,SN 2005ir,--
SN2005is,SN 2005is,--
SN2005iy,SN 2005iy,--
SN2005jc,SN 2005jc,--
SN2005jd,SN 2005jd,--
SN2005jg,SN 2005jg,--
SN2005jj,SN 2005jj,--
SN2005jn,SN 2005jn,--
SN2005jo,SN 2005jo,--
SN2005jp,SN 2005jp,--
SN2005jr,SN 2005jr,--
SN2005jw,SN 2005jw,--
SN2005jy,SN 2005jy,--
SN2005jz,SN 2005jz,--
SN2005ka,SN 2005ka,--
SN2005kg,SN 2005kg,--
SN2005ko,SN 2005ko,--
SN2005kp,SN 2005kp,--
SN2005kq,SN 2005kq,--
SN2005kt,SN 2005kt,--
SN2005ku,SN 2005ku,--
SN2005ky,SN 2005ky,--
SN2005L,SN 2005L,--
SN2005ld,SN 2005ld,--
SN2005lg,SN 2005lg,--
SN2005lh,SN 2005lh,--
SN2005lj,SN 2005lj,--
SN2005lm,SN 2005lm,--
SN2005ln,SN 2005ln,--
SN2005lo,SN 2005lo,--
SN2005lp,SN 2005lp,--
SN2005ml,SN 2005ml,--
SN2005mm,SN 2005mm,--
SN2005mn,SN 2005mn,--
SN2005mo,SN 2005mo,--
SN2005mp,SN 2005mp,--
SN2005mq,SN 2005mq,--
SN2005mr,SN 2005mr,--
SN2005P,SN 2005P,--
SN2006ac,SN 2006ac,--
SN2006al,SN 2006al,--
SN2006ap,SN 2006ap,--
SN2006ax,SN 2006ax,--
SN2006az,SN 2006az,--
SN2006B,SN 2006B,--
SN2006bm,SN 2006bm,--
SN2006br,SN 2006br,--
SN2006bu,SN 2006bu,--
SN2006cc,SN 2006cc,--
SN2006ch,SN 2006ch,--
SN2006cj,SN 2006cj,--
SN2006cm,SN 2006cm,--
SN2006cz,SN 2006cz,--
SN2006D,SN 2006D,--
SN2006dd,SN 2006dd,--
SN2006dm,SN 2006dm,--
SN2006eb,SN 2006eb,--
SN2006ef,SN 2006ef,--
SN2006ej,SN 2006ej,--
SN2006em,SN 2006em,--
SN2006en,SN 2006en,--
SN2006eq,SN 2006eq,--
SN2006er,SN 2006er,--
SN2006eu,SN 2006eu,--
SN2006ew,SN 2006ew,--
SN2006ex,SN 2006ex,--
SN2006ey,SN 2006ey,--
SN2006fb,SN 2006fb,--
SN2006fd,SN 2006fd,--
SN2006fe,SN 2006fe,--
SN2006fi,SN 2006fi,--
SN2006fk,SN 2006fk,--
SN2006fm,SN 2006fm,--
SN2006fn,SN 2006fn,--
SN2006fr,SN 2006fr,--
SN2006fs,SN 2006fs,--
SN2006fv,SN 2006fv,--
SN2006fx,SN 2006fx,--
SN2006fy,SN 2006fy,--
SN2006fz,SN 2006fz,--
SN2006ga,SN 2006ga,--
SN2006gb,SN 2006gb,--
SN2006ge,SN 2006ge,--
SN2006gf,SN 2006gf,--
SN2006gg,SN 2006gg,--
SN2006gh,SN 2006gh,--
SN2006gl,SN 2006gl,--
SN2006gm,SN 2006gm,--
SN2006go,SN 2006go,--
SN2006gu,SN 2006gu,--
SN2006gv,SN 2006gv,--
SN2006hb,SN 2006hb,--
SN2006hd,SN 2006hd,--
SN2006he,SN 2006he,--
SN2006hf,SN 2006hf,--
SN2006hi,SN 2006hi,--
SN2006hj,SN 2006hj,--
SN2006hk,SN 2006hk,--
SN2006hl,SN 2006hl,--
SN2006hn,SN 2006hn,--
SN2006hq,SN 2006hq,--
SN2006hr,SN 2006hr,--
SN2006hs,SN 2006hs,--
SN2006ht,SN 2006ht,--
SN2006hu,SN 2006hu,--
SN2006hw,SN 2006hw,--
SN2006hx,SN 2006hx,--
SN2006hy,SN 2006hy,--
SN2006ib,SN 2006ib,--
SN2006iy,SN 2006iy,--
SN2006iz,SN 2006iz,--
SN2006ja,SN 2006ja,--
SN2006jg,SN 2006jg,--
SN2006jh,SN 2006jh,--
SN2006jj,SN 2006jj,--
SN2006jm,SN 2006jm,--
SN2006jq,SN 2006jq,--
SN2006jr,SN 2006jr,--
SN2006jt,SN 2006jt,--
SN2006ju,SN 2006ju,--
SN2006jv,SN 2006jv,--
SN2006jw,SN 2006jw,--
SN2006jx,SN 2006jx,--
SN2006jy,SN 2006jy,--
SN2006jz,SN 2006jz,--
SN2006ka,SN 2006ka,--
SN2006kd,SN 2006kd,--
SN2006ke,SN 2006ke,--
SN2006kj,SN 2006kj,--
SN2006kk,SN 2006kk,--
SN2006kl,SN 2006kl,--
SN2006km,SN 2006km,--
SN2006kp,SN 2006kp,--
SN2006kr,SN 2006kr,--
SN2006ku,SN 2006ku,--
SN2006kw,SN 2006kw,--
SN2006kx,SN 2006kx,--
SN2006la,SN 2006la,--
SN2006lj,SN 2006lj,--
SN2006lk,SN 2006lk,--
SN2006ll,SN 2006ll,--
SN2006lm,SN 2006lm,--
SN2006lo,SN 2006lo,--
SN2006lp,SN 2006lp,--
SN2006lw,SN 2006lw,--
SN2006lx,SN 2006lx,--
SN2006ly,SN 2006ly,--
SN2006mb,SN 2006mb,--
SN2006mc,SN 2006mc,--
SN2006md,SN 2006md,--
SN2006me,SN 2006me,--
SN2006mf,SN 2006mf,--
SN2006mg,SN 2006mg,--
SN2006mi,SN 2006mi,--
SN2006mj,SN 2006mj,--
SN2006mk,SN 2006mk,--
SN2006ml,SN 2006ml,--
SN2006mm,SN 2006mm,--
SN2006mn,SN 2006mn,--
SN2006mt,SN 2006mt,--
SN2006mv,SN 2006mv,--
SN2006mz,SN 2006mz,--
SN2006na,SN 2006na,--
SN2006nb,SN 2006nb,--
SN2006nc,SN 2006nc,--
SN2006nd,SN 2006nd,--
SN2006ne,SN 2006ne,--
SN2006nf,SN 2006nf,--
SN2006ni,SN 2006ni,--
SN2006nk,SN 2006nk,--
SN2006nl,SN 2006nl,--
SN2006nn,SN 2006nn,--
SN2006no,SN 2006no,--
SN2006np,SN 2006np,--
SN2006nt,SN 2006nt,--
SN2006nu,SN 2006nu,--
SN2006nv,SN 2006nv,--
SN2006nw,SN 2006nw,--
SN2006nz,SN 2006nz,--
SN2006ob,SN 2006ob,--
SN2006oc,SN 2006oc,--
SN2006oe,SN 2006oe,--
SN2006oi,SN 2006oi,--
SN2006oj,SN 2006oj,--
SN2006ok,SN 2006ok,--
SN2006ol,SN 2006ol,--
SN2006om,SN 2006om,--
SN2006op,SN 2006op,--
SN2006oy,SN 2006oy,--
SN2006pa,SN 2006pa,--
SN2006pb,SN 2006pb,--
SN2006pd,SN 2006pd,--
SN2006pe,SN 2006pe,--
SN2006pf,SN 2006pf,--
SN2006pg,SN 2006pg,--
SN2006pi,SN 2006pi,--
SN2006pj,SN 2006pj,--
SN2006pk,SN 2006pk,--
SN2006pl,SN 2006pl,--
SN2006pm,SN 2006pm,--
SN2006pn,SN 2006pn,--
SN2006pp,SN 2006pp,--
SN2006pq,SN 2006pq,--
SN2006ps,SN 2006ps,--
SN2006pt,SN 2006pt,--
SN2006pv,SN 2006pv,--
SN2006pw,SN 2006pw,--
SN2006px,SN 2006px,--
SN2006py,SN 2006py,--
SN2006qa,SN 2006qa,--
SN2006qb,SN 2006qb,--
SN2006qd,SN 2006qd,--
SN2006qg,SN 2006qg,--
SN2006qh,SN 2006qh,--
SN2006qi,SN 2006qi,--
SN2006ql,SN 2006ql,--
SN2006qs,SN 2006qs,--
SN2006qw,SN 2006qw,--
SN2006R,SN 2006R,--
SN2006rm,SN 2006rm,--
SN2006ro,SN 2006ro,--
SN2006rr,SN 2006rr,--
SN2006rv,SN 2006rv,--
SN2006sb,SN 2006sb,--
SN2006sc,SN 2006sc,--
SN2006sd,SN 2006sd,--
SN2006se,SN 2006se,--
SN2006sf,SN 2006sf,--
SN2006sg,SN 2006sg,--
SN2006sh,SN 2006sh,--
SN2006si,SN 2006si,--
SN2006sj,SN 2006sj,--
SN2006sk,SN 2006sk,--
SN2006sm,SN 2006sm,--
SN2006so,SN 2006so,--
SN2006sp,SN 2006sp,--
SN2006sr,SN 2006sr,--
SN2006su,SN 2006su,--
SN2006sw,SN 2006sw,--
SN2006sz,SN 2006sz,--
SN2006ta,SN 2006ta,--
SN2006tb,SN 2006tb,--
SN2006tc,SN 2006tc,--
SN2006te,SN 2006te,--
SN2006tj,SN 2006tj,--
SN2006tk,SN 2006tk,--
SN2006tl,SN 2006tl,--
SN2006tn,SN 2006tn,--
SN2006tp,SN 2006tp,--
SN2006tr,SN 2006tr,--
SN2006ts,SN 2006ts,--
SN2006tu,SN 2006tu,--
SN2006tv,SN 2006tv,--
SN2006tx,SN 2006tx,--
SN2006ty,SN 2006ty,--
SN2006ua,SN 2006ua,--
SN2006ub,SN 2006ub,--
SN2006X,SN 2006X,--
SN2006Z,SN 2006Z,--
SN2007ae,SN 2007ae,--
SN2007af,SN 2007af,--
SN2007ar,SN 2007ar,--
SN2007au,SN 2007au,--
SN2007ax,SN 2007ax,--
SN2007bj,SN 2007bj,--
SN2007cv,SN 2007cv,--
SN2007da,SN 2007da,--
SN2007dd,SN 2007dd,--
SN2007de,SN 2007de,--
SN2007dh,SN 2007dh,--
SN2007di,SN 2007di,--
SN2007dj,SN 2007dj,--
SN2007do,SN 2007do,--
SN2007dr,SN 2007dr,--
SN2007dt,SN 2007dt,--
SN2007du,SN 2007du,--
SN2007dx,SN 2007dx,--
SN2007E,SN 2007E,--
SN2007ec,SN 2007ec,--
SN2007fd,SN 2007fd,--
SN2007fr,SN 2007fr,--
SN2007fu,SN 2007fu,--
SN2007gi,SN 2007gi,--
SN2007gt,SN 2007gt,--
SN2007hb,SN 2007hb,--
SN2007hq,SN 2007hq,--
SN2007hx,SN 2007hx,--
SN2007hy,SN 2007hy,--
SN2007ia,SN 2007ia,--
SN2007ic,SN 2007ic,--
SN2007ie,SN 2007ie,--
SN2007ij,SN 2007ij,--
SN2007ik,SN 2007ik,--
SN2007im,SN 2007im,--
SN2007io,SN 2007io,--
SN2007ip,SN 2007ip,--
SN2007ix,SN 2007ix,--
SN2007iy,SN 2007iy,--
SN2007jb,SN 2007jb,--
SN2007jd,SN 2007jd,--
SN2007je,SN 2007je,--
SN2007jg,SN 2007jg,--
SN2007jh,SN 2007jh,--
SN2007ji,SN 2007ji,--
SN2007jj,SN 2007jj,--
SN2007jk,SN 2007jk,--
SN2007jo,SN 2007jo,--
SN2007jp,SN 2007jp,--
SN2007jr,SN 2007jr,--
SN2007jt,SN 2007jt,--
SN2007ju,SN 2007ju,--
SN2007jv,SN 2007jv,--
SN2007jw,SN 2007jw,--
SN2007jy,SN 2007jy,--
SN2007jz,SN 2007jz,--
SN2007kb,SN 2007kb,--
SN2007kd,SN 2007kd,--
SN2007kg,SN 2007kg,--
SN2007kp,SN 2007kp,--
SN2007kr,SN 2007kr,--
SN2007kt,SN 2007kt,--
SN2007ku,SN 2007ku,--
SN2007kx,SN 2007kx,--
SN2007la,SN 2007la,--
SN2007lc,SN 2007lc,--
SN2007le,SN 2007le,--
SN2007lf,SN 2007lf,--
SN2007lg,SN 2007lg,--
SN2007lh,SN 2007lh,--
SN2007lk,SN 2007lk,--
SN2007lm,SN 2007lm,--
SN2007ln,SN 2007ln,--
SN2007lo,SN 2007lo,--
SN2007lp,SN 2007lp,--
SN2007lq,SN 2007lq,--
SN2007lt,SN 2007lt,--
SN2007lu,SN 2007lu,--
SN2007lv,SN 2007lv,--
SN2007ly,SN 2007ly,--
SN2007ma,SN 2007ma,--
SN2007mc,SN 2007mc,--
SN2007mg,SN 2007mg,--
SN2007mh,SN 2007mh,--
SN2007mi,SN 2007mi,--
SN2007mj,SN 2007mj,--
SN2007mn,SN 2007mn,--
SN2007mo,SN 2007mo,--
SN2007mp,SN 2007mp,--
SN2007mu,SN 2007mu,--
SN2007mv,SN 2007mv,--
SN2007mw,SN 2007mw,--
SN2007mx,SN 2007mx,--
SN2007my,SN 2007my,--
SN2007N,SN 2007N,--
SN2007na,SN 2007na,--
SN2007nb,SN 2007nb,--
SN2007nd,SN 2007nd,--
SN2007ne,SN 2007ne,--
SN2007nf,SN 2007nf,--
SN2007ni,SN 2007ni,--
SN2007np,SN 2007np,--
SN2007nt,SN 2007nt,--
SN2007nz,SN 2007nz,--
SN2007O,SN 2007O,--
SN2007oa,SN 2007oa,--
SN2007oi,SN 2007oi,--
SN2007oj,SN 2007oj,--
SN2007ol,SN 2007ol,--
SN2007om,SN 2007om,--
SN2007on,SN 2007on,--
SN2007oo,SN 2007oo,--
SN2007oq,SN 2007oq,--
SN2007or,SN 2007or,--
SN2007ot,SN 2007ot,--
SN2007ou,SN 2007ou,--
SN2007ox,SN 2007ox,--
SN2007oy,SN 2007oy,--
SN2007oz,SN 2007oz,--
SN2007pa,SN 2007pa,--
SN2007pb,SN 2007pb,--
SN2007pc,SN 2007pc,--
SN2007pe,SN 2007pe,--
SN2007pf,SN 2007pf,--
SN2007pi,SN 2007pi,--
SN2007pj,SN 2007pj,--
SN2007pp,SN 2007pp,--
SN2007pq,SN 2007pq,--
SN2007pr,SN 2007pr,--
SN2007ps,SN 2007ps,--
SN2007pt,SN 2007pt,--
SN2007pu,SN 2007pu,--
SN2007px,SN 2007px,--
SN2007py,SN 2007py,--
SN2007pz,SN 2007pz,--
SN2007qa,SN 2007qa,--
SN2007qd,SN 2007qd,--
SN2007qe,SN 2007qe,--
SN2007qf,SN 2007qf,--
SN2007qg,SN 2007qg,--
SN2007qi,SN 2007qi,--
SN2007qk,SN 2007qk,--
SN2007ql,SN 2007ql,--
SN2007qo,SN 2007qo,--
SN2007qr,SN 2007qr,--
SN2007qs,SN 2007qs,--
SN2007qt,SN 2007qt,--
SN2007qu,SN 2007qu,--
SN2007qz,SN 2007qz,--
SN2007R,SN 2007R,--
SN2007ra,SN 2007ra,--
SN2007rd,SN 2007rd,--
SN2007re,SN 2007re,--
SN2007rf,SN 2007rf,--
SN2007rg,SN 2007rg,--
SN2007ri,SN 2007ri,--
SN2007rj,SN 2007rj,--
SN2007rm,SN 2007rm,--
SN2007ro,SN 2007ro,--
SN2007rv,SN 2007rv,--
SN2007S,SN 2007S,--
SN2007sb,SN 2007sb,--
SN2007sc,SN 2007sc,--
SN2007si,SN 2007si,--
SN2007sl,SN 2007sl,--
SN2007sr,SN 2007sr,--
SN2007sw,SN 2007sw,--
SN2007ta,SN 2007ta,--
SN2007td,SN 2007td,--
SN2007tf,SN 2007tf,0.536
SN2007th,SN 2007th,--
SN2007ti,SN 2007ti,--
SN2007tj,SN 2007tj,--
SN2007tk,SN 2007tk,--
SN2007tl,SN 2007tl,--
SN2007tm,SN 2007tm,--
SN2007to,SN 2007to,--
SN2007tp,SN 2007tp,--
SN2007tr,SN 2007tr,0.395
SN2007ts,SN 2007ts,--
SN2007tt,SN 2007tt,--
SN2007tv,SN 2007tv,--
SN2007tw,SN 2007tw,--
SN2007tx,SN 2007tx,--
SN2007tz,SN 2007tz,--
SN2007ub,SN 2007ub,--
SN2007ud,SN 2007ud,--
SN2007ug,SN 2007ug,--
SN2007uh,SN 2007uh,--
SN2007ui,SN 2007ui,--
SN2007uk,SN 2007uk,--
SN2007ul,SN 2007ul,--
SN2007um,SN 2007um,--
SN2007un,SN 2007un,--
SN2007uo,SN 2007uo,--
SN2007up,SN 2007up,--
SN2007ur,SN 2007ur,--
SN2007us,SN 2007us,--
SN2007ut,SN 2007ut,--
SN2007uu,SN 2007uu,--
SN2007uv,SN 2007uv,--
SN2007uw,SN 2007uw,--
SN2007ux,SN 2007ux,--
SN2008ab,SN 2008ab,--
SN2008ac,SN 2008ac,--
SN2008ae,SN 2008ae,--
SN2008af,SN 2008af,--
SN2008ah,SN 2008ah,--
SN2008bg,SN 2008bg,--
SN2008bi,SN 2008bi,--
SN2008ca,SN 2008ca,--
SN2008cj,SN 2008cj,--
SN2008cl,SN 2008cl,--
SN2008cr,SN 2008cr,--
SN2008dh,SN 2008dh,--
SN2008dr,SN 2008dr,--
SN2008ds,SN 2008ds,--
SN2008ee,SN 2008ee,--
SN2008fj,SN 2008fj,--
SN2008fk,SN 2008fk,--
SN2008hd,SN 2008hd,--
SN2008hr,SN 2008hr,--
SN2008hs,SN 2008hs,--
SN2008hv,SN 2008hv,--
SN2008hz,SN 2008hz,--
SN2008id,SN 2008id,--
SN2008iq,SN 2008iq,--
SN2008ir,SN 2008ir,--
SN2008O,SN 2008O,--
SN2008s1,SNF 20080514-002,--
SN2009an,SN 2009an,--
SN2009as,SN 2009as,--
SN2009cj,SN 2009cj,--
SN2009cn,SN 2009cn,--
SN2009cp,SN 2009cp,--
SN2009cs,SN 2009cs,--
SN2009cu,SN 2009cu,--
SN2009cx,SN 2009cx,--
SN2009db,SN 2009db,--
SN2009dg,SN 2009dg,--
SN2009dk,SN 2009dk,--
SN2009dl,SN 2009dl,--
SN2009du,SN 2009du,--
SN2009eh,SN 2009eh,--
SN2009eu,SN 2009eu,--
SN2009fj,SN 2009fj,--
SN2009fk,SN 2009fk,--
SN2009fl,SN 2009fl,--
SN2009gf,SN 2009gf,--
SN2009hn,SN 2009hn,--
SN2009hw,SN 2009hw,--
SN2009iv,SN 2009iv,--
SN2009iy,SN 2009iy,--
SN2009ko,SN 2009ko,--
SN2009ku,SN 2009ku,--
SN2009kv,SN 2009kv,--
SN2009kw,SN 2009kw,--
SN2009kx,SN 2009kx,--
SN2009ky,SN 2009ky,--
SN2009kz,SN 2009kz,--
SN2009L,SN 2009L,--
SN2009me,SN 2009me,--
SN2009ml,SN 2009ml,--
SN2009ms,SN 2009ms,--
SN2009mt,SN 2009mt,--
SN2009ni,SN 2009ni,--
SN2010ar,SN 2010ar,--
SN2010bu,SN 2010bu,--
SN2010dl,SN 2010dl,--
SN2010ex,SN 2010ex,--
SN2010fa,SN 2010fa,--
SN2010fb,SN 2010fb,--
SN2010fc,SN 2010fc,--
SN2010fe,SN 2010fe,--
SN2010fh,SN 2010fh,--
SN2010fn,SN 2010fn,--
SN2010fs,SN 2010fs,--
SN2010kn,SN 2010kn,--
SN2011fw,SN 2011fw,--
SN2011H,SN 2011H,--
SNF20071001-012,WISEA J023552.53+261409.9,--
SNF20080322-001,WISEA J161448.96+435329.1,0.089075
SNF20080522-000,SNF 20080522-000,--
SNF20080623-007,WISEA J235342.41+315239.5,--
SNF20080626-002,WISEA J224502.41+085636.3,--
SNF20080707-012,WISEA J224240.95+221516.8,--
SNF20080717-000,WISEA J000654.54+245953.4,--
SNF20080906-009,GALEXASC J221024.98+042555.6,--
SNF20080918-002,WISEA J224148.27+173742.5,--
SNF20080919-000,WISEA J000334.45+241304.8,--
SNF20080919-002,WISEA J022520.90-083901.8,0.055705
SNLS-03D1ar,SNLS 03D1ar,--
SNLS-03D1aw,SNLS 03D1aw,--
SNLS-03D1ax,SNLS 03D1ax,--
SNLS-03D1bf,SNLS 03D1bf,--
SNLS-03D1bm,SNLS 03D1bm,--
SNLS-03D1cm,SNLS 03D1cm,--
SNLS-03D1dt,SSTSL2 J022631.18-040308.3,0.612
SNLS-03D1ew,[HSP2005] J022414.08-043956.98,0.868
SNLS-03D1fb,WISEA J022712.85-040716.8,0.498
SNLS-03D1fc,WISEA J022543.62-040839.1,0.331
SNLS-03D1fl,SNLS 03D1fl,--
SNLS-03D1fq,WISEA J022655.63-041808.9,0.8
SNLS-03D1gt,SSTSL2 J022455.99-040737.2,0.56
SNLS-03D3ay,SNLS 03D3ay,--
SNLS-03D4at,SNLS 03D4at,--
SNLS-03D4bc,SNLS 03D4bc,--
SNLS-03D4cn,SNLS 03D4cn,--
SNLS-03D4cx,[AGR2006] J221433.75-173515.3,0.949
SNLS-03D4cz,SNLS 03D4cz,--
SNLS-03D4dh,SNLS 03D4dh,--
SNLS-03D4di,SNLS 03D4di,--
SNLS-03D4dy,SNLS 03D4dy,--
SNLS-03D4fd,SNLS 03D4fd,--
SNLS-03D4gf,[AGR2006] J221422.90-174402.4,0.58
SNLS-03D4gg,[AGR2006] J221640.18-180951.8,0.592
SNLS-03D4gl,[HSP2005] J221444.17-173144.47,0.571
SNLS-04D1ag,SNLS 04D1ag,--
SNLS-04D1aj,SNLS 04D1aj,--
SNLS-04D1ak,SNLS 04D1ak,--
SNLS-04D1de,SNLS 04D1de,--
SNLS-04D1ff,SNLS 04D1ff,--
SNLS-04D1hd,SNLS 04D1hd,--
SNLS-04D1hy,SNLS 04D1hy,--
SNLS-04D1iv,SNLS 04D1iv,--
SNLS-04D1jd,SNLS 04D1jd,--
SNLS-04D1jg,SNLS 04D1jg,--
SNLS-04D1kj,[NSB2006] J022752.66-041049.2,0.585
SNLS-04D1ks,SNLS 04D1ks HOST,0.798
SNLS-04D1oh,[NSB2006] J022502.37-041410.5,0.59
SNLS-04D1ow,SNLS 04D1ow,--
SNLS-04D1pg,SSTSL2 J022704.15-041031.4,0.515
SNLS-04D1pp,SNLS 04D1pp,--
SNLS-04D1pu,VVDS 020118713,0.639
SNLS-04D1qd,SNLS 04D1qd,--
SNLS-04D1rh,VVDS 020338791,0.4349
SNLS-04D1rx,SNLS 04D1rx,--
SNLS-04D1sa,SNLS 04D1sa,--
SNLS-04D1si,SNLS 04D1si,--
SNLS-04D2ac,WISEA J100018.90+024121.2,0.35
SNLS-04D2ae,SNLS 04D2ae,--
SNLS-04D2an,[AGR2006] J100052.33+020228.7,0.62
SNLS-04D2bt,SNLS 04D2bt,--
SNLS-04D2ca,SNLS 04D2ca,--
SNLS-04D2cc,SNLS 04D2cc,--
SNLS-04D2cf,SNLS 04D2cf,--
SNLS-04D2cw,COSMOS 1582477,0.568
SNLS-04D2fs,COSMOS 0524892,0.357
SNLS-04D2gb,WISEA J100222.73+015338.7,0.43
SNLS-04D2gc,COSMOS 0822840,0.5216
SNLS-04D2kr,SNLS 04D2kr,--
SNLS-04D2mj,SNLS 04D2mj,--
SNLS-04D3co,SNLS 04D3co,--
SNLS-04D3dd,SNLS 04D3dd,--
SNLS-04D3df,SNLS 04D3df,--
SNLS-04D3do,SNLS 04D3do,--
SNLS-04D3ez,WISEA J141907.88+530419.2,0.263
SNLS-04D3fq,SNLS 04D3fq,--
SNLS-04D3gt,WISEA J142232.56+523849.2,0.451
SNLS-04D3gx,[HSP2005] J142013.67+521658.60,0.91
SNLS-04D3hn,WISEA J142206.83+521343.5,0.5516
SNLS-04D3is,[AGR2006] J141651.96+524845.7,0.71
SNLS-04D3kr,SDSS J141635.92+522844.0,0.296
SNLS-04D3ks,[AGR2006] J142233.47+521107.4,0.752
SNLS-04D3lu,WISEA J142107.92+525829.0,--
SNLS-04D3ml,[HSP2005] J141639.10+530535.66,0.95
SNLS-04D3nc,SNLS 04D3nc,--
SNLS-04D3nh,RCS 06040400347,0.3402
SNLS-04D3nr,[HSP2005] J142238.52+523855.89,0.96
SNLS-04D3ny,SSTSL2 J141856.31+521114.3,0.81
SNLS-04D3oe,SNLS 04D3oe,--
SNLS-04D4bk,[AGR2006] J221507.68-180336.7,0.84
SNLS-04D4bq,SNLS 04D4bq,--
SNLS-04D4dm,SNLS 04D4dm,--
SNLS-04D4dw,SNLS 04D4dw,--
SNLS-04D4fx,SNLS 04D4fx,--
SNLS-04D4gg,SNLS 04D4gg,--
SNLS-04D4hf,SNLS 04D4hf,--
SNLS-04D4ht,SNLS 04D4ht,--
SNLS-04D4hu,SNLS 04D4hu,--
SNLS-04D4ib,SNLS 04D4ib,--
SNLS-04D4ic,SNLS 04D4ic,--
SNLS-04D4id,SNLS 04D4id,--
SNLS-04D4ih,[HSP2005] J221717.04-174038.74,0.934
SNLS-04D4ii,WISEA J221555.66-173927.2,0.866
SNLS-04D4in,SNLS 04D4in,--
SNLS-04D4jr,SNLS 04D4jr,--
SNLS-04D4ju,GALEXASC J221702.63-171955.3,0.472
SNLS-04D4jw,SNLS 04D4jw,--
SNLS-04D4jy,[HSP2005] J221351.60-172418.13,0.93
SNLS-05D1az,SNLS 05D1az,--
SNLS-05D1by,SNLS 05D1by HOST,0.299
SNLS-05D1cb,SNLS 05D1cb,--
SNLS-05D1cc,SNLS 05D1cc,--
SNLS-05D1cl,SNLS 05D1cl,--
SNLS-05D1ee,XMM:[RBO2008] ir 00074601,0.558
SNLS-05D1em,VVDS:[RBO2008] ir 00171777,0.866
SNLS-05D1eo,SNLS 05D1eo,--
SNLS-05D1hk,SSTSL2 J022439.18-043803.4,1.14783
SNLS-05D1hm,SSTSL2 J022746.18-044302.3,--
SNLS-05D1if,SNLS 05D1if HOST,0.763
SNLS-05D1ix,SNLS 05D1ix,--
SNLS-05D1iy,SNLS 05D1iy,--
SNLS-05D1iz,SNLS 05D1iz,--
SNLS-05D1ju,VVDS 020393231,0.707
SNLS-05D1ke,SNLS 05D1ke,--
SNLS-05D2ab,SNLS 05D2ab,--
SNLS-05D2ac,SNLS 05D2ac,--
SNLS-05D2ah,SNLS 05D2ah,--
SNLS-05D2ay,SNLS 05D2ay,--
SNLS-05D2bv,SNLS 05D2bv,--
SNLS-05D2by,SNLS 05D2by,--
SNLS-05D2cb,SNLS 05D2cb,--
SNLS-05D2ci,SNLS 05D2ci,--
SNLS-05D2dw,SNLS 05D2dw,--
SNLS-05D2eb,SNLS 05D2eb,--
SNLS-05D2ec,SNLS 05D2ec,--
SNLS-05D2ei,SNLS 05D2ei,--
SNLS-05D2fq,SNLS 05D2fq,--
SNLS-05D2hc,[NSB2006] J100004.57+015309.9,0.36
SNLS-05D2he,SNLS 05D2he,--
SNLS-05D2ja,SNLS 05D2ja,--
SNLS-05D2le,SNLS 05D2le HOST,0.7002
SNLS-05D2mp,SNLS 05D2mp HOST,0.3537
SNLS-05D2my,SNLS 05D2my,0.86
SNLS-05D2nn,SNLS 05D2nn,--
SNLS-05D3ax,SNLS 05D3ax,--
SNLS-05D3cf,DEEP2 11044756,0.418732
SNLS-05D3ci,SNLS 05D3ci,--
SNLS-05D3cx,SNLS 05D3cx,--
SNLS-05D3dd,[NSB2006] J142230.41+523624.7,0.48
SNLS-05D3gp,SNLS 05D3gp,--
SNLS-05D3gy,SNLS 05D3gy,--
SNLS-05D3ha,SNLS 05D3ha,--
SNLS-05D3hq,SNLS 05D3hq,--
SNLS-05D3jb,SNLS 05D3jb,--
SNLS-05D3jh,SNLS 05D3jh,--
SNLS-05D3jk,SNLS 05D3jk,--
SNLS-05D3jq,SNLS 05D3jq,--
SNLS-05D3jr,[NSB2006] J141928.76+525153.3,0.37
SNLS-05D3km,SNLS 05D3km HOST,0.97
SNLS-05D3kp,SNLS 05D3kp HOST,--
SNLS-05D3kt,SNLS 05D3kt,--
SNLS-05D3lb,SNLS 05D3lb HOST,0.647
SNLS-05D3lr,SNLS 05D3lr,--
SNLS-05D3mq,SNLS 05D3mq,--
SNLS-05D3mx,[NSB2006] J142209.07+521309.3,0.47
SNLS-05D3ne,SNLS 05D3ne,--
SNLS-05D4af,SNLS 05D4af,--
SNLS-05D4ag,SNLS 05D4ag HOST,0.64
SNLS-05D4av,SNLS 05D4av,--
SNLS-05D4ay,SNLS 05D4ay,--
SNLS-05D4be,SNLS 05D4be,--
SNLS-05D4bj,SNLS 05D4bj,--
SNLS-05D4bm,SNLS 05D4bm,--
SNLS-05D4cn,SNLS 05D4cn,--
SNLS-05D4cs,SNLS 05D4cs,--
SNLS-05D4cw,WISEA J221450.06-174420.0,0.375
SNLS-05D4dt,SNLS 05D4dt,--
SNLS-05D4dw,SNLS 05D4dw,--
SNLS-05D4dy,SNLS 05D4dy,--
SNLS-05D4ef,SNLS 05D4ef,--
SNLS-05D4ej,SNLS 05D4ej,--
SNLS-05D4fe,SNLS 05D4fe,--
SNLS-05D4ff,SNLS 05D4ff,--
SNLS-05D4fg,SNLS 05D4fg,--
SNLS-05D4gw,SNLS 05D4gw,--
SNLS-05D4hn,SNLS 05D4hn HOST,0.842
SNLS-06D1ab,SNLS 06D1ab,--
SNLS-06D2ag,SNLS 06D2ag,--
SNLS-06D2bk,SNLS 06D2bk,--
SNLS-06D2ca,SNLS 06D2ca,--
SNLS-06D2cc,SNLS 06D2cc,--
SNLS-06D2cd,SNLS 06D2cd,--
SNLS-06D2ce,SNLS 06D2ce,--
SNLS-06D2ck,SNLS 06D2ck,--
SNLS-06D2fb,SNLS 06D2fb,--
SNLS-06D2ff,SNLS 06D2ff,--
SNLS-06D2ga,SNLS 06D2ga,--
SNLS-06D2gb,SNLS 06D2gb,--
SNLS-06D3cb,SNLS 06D3cb,--
SNLS-06D3cc,SNLS 06D3cc,--
SNLS-06D3cn,SNLS 06D3cn HOST,0.818
SNLS-06D3df,SNLS 06D3df,--
SNLS-06D3dl,SNLS 06D3dl,--
SNLS-06D3dt,SNLS 06D3dt,--
SNLS-06D3ed,SNLS 06D3ed,--
SNLS-06D3el,SNLS 06D3el,--
SNLS-06D3en,SNLS 06D3en,--
SNLS-06D3et,SNLS 06D3et,--
SNLS-06D3fp,SNLS 06D3fp,--
SNLS-06D3gh,SNLS 06D3gh,--
SNLS-06D3gn,SNLS 06D3gn,--
SNLS-06D3gx,SNLS 06D3gx,--
SNLS-06D4ba,SNLS 06D4ba,--
SNLS-06D4bo,SNLS 06D4bo,--
SNLS-06D4bw,SNLS 06D4bw,--
SNLS-06D4ce,SNLS 06D4ce,--
SNLS-06D4cl,SNLS 06D4cl,--
SNLS-06D4cq,SNLS 06D4cq,--
SNLS-06D4dh,SNLS 06D4dh,--
SN Primo,[RRS2014] GSD10Pri,--
Strolger,HDF:[CCH2004] r-48063,--
Yowie,SN HST04Yow,--
Zwicky,ESO 350- G 040,0.030187
