Name,NED Object,Redshift,Same Name?,
SDSS-II SN 10506,SDSS-II SN 10506,0.023,FALSE,
Zwicky,ESO 350- G 040,0.030187,FALSE,
PTF10vnu,WISEA J011103.70+002622.4,0.046112,FALSE,
PTF10trp,WISEA J212808.03+095114.0,0.048885,FALSE,
SDSS-II SN 20759,SDSS-II SN 20759,0.053,FALSE,
SDSS-II SN 15603,SDSS-II SN 15603,0.054,FALSE,
SNF20080919-002,WISEA J022520.90-083901.8,0.055705,FALSE,
SDSS-II SN 21401,SDSS-II SN 21401,0.056,FALSE,
PTF10cko,WISEA J121115.57+134405.9,0.064733,FALSE,
PSc080064,PS1-10aeq,0.066,FALSE,
SDSS-II SN 19209,SDSS-II SN 19209,0.072,FALSE,
SDSS-II SN 11092,SDSS-II SN 11092,0.074,FALSE,
SDSS-II SN 10524,SDSS-II SN 10524,0.082,FALSE,
PTF11dej,WISEA J141554.24+302211.6,0.08223,FALSE,
PTF10rbp,WISEA J011637.67-014929.2,0.0823,FALSE,
PSc060242,WISEA J141236.30+540300.4,0.087,FALSE,
SDSS-II SN 20916,SDSS-II SN 20916,0.088,FALSE,
SNF20080322-001,WISEA J161448.96+435329.1,0.089075,FALSE,
PTF10qna,WISEA J004750.91-255751.8,0.0945,FALSE,
PS1-10s,PS1-10s,0.101,FALSE,
SDSS-II SN 18304,SDSS-II SN 18304,0.102,FALSE,
SDSS-II SN 20590,SDSS-II SN 20590,0.102,FALSE,
PSc100405,PS1-10bmk,0.103,FALSE,
PTF10gsp,WISEA J135336.00+395822.3,0.106577,FALSE,
SDSS-II SN 15370,SDSS-II SN 15370,0.111,FALSE,
SDSS-II SN 20435,SDSS-II SN 20435,0.115,FALSE,
SDSS-II SN 20262,SDSS-II SN 20262,0.125,FALSE,
SDSS-II SN 20825,SDSS-II SN 20825,0.135,FALSE,
PS1-1000007,PS1-10g,0.137,FALSE,
SDSS-II SN 20553,SDSS-II SN 20553,0.137,FALSE,
PSc070003,WISEA J221209.95+004309.3,0.137638,FALSE,
PSc090275,PS1-10ayb,0.14,FALSE,
SDSS-II SN 20750,SDSS-II SN 20750,0.14,FALSE,
SDSS-II SN 20591,SDSS-II SN 20591,0.144,FALSE,
PS1-1000009,PS1-10i,0.15,FALSE,
PS1-10if,PS1-10if,0.15,FALSE,
SDSS-II SN 21306,SDSS-II SN 21306,0.152,FALSE,
PSc070567,WISEA J221318.41+004845.9,0.170399,FALSE,
SDSS-II SN 18083,SDSS-II SN 18083,0.176,FALSE,
SDSS-II SN 15803,SDSS-II SN 15803,0.178,FALSE,
PSc050004,RCS 06200601789,0.179,FALSE,
SDSS-II SN 11305,SDSS-II SN 11305,0.184,FALSE,
SDSS-II SN 18034,SDSS-II SN 18034,0.185,FALSE,
SDSS-II SN 10324,SDSS-II SN 10324,0.187,FALSE,
SDSS-II SN 16301,SDSS-II SN 16301,0.194,FALSE,
SDSS-II SN 10460,SDSS-II SN 10460,0.197,FALSE,
SDSS-II SN 15074,SDSS-II SN 15074,0.203,FALSE,
SDSS-II SN 16460,SDSS-II SN 16460,0.203,FALSE,
SDSS-II SN 20152,SDSS-II SN 20152,0.203,FALSE,
SDSS-II SN 14470,SDSS-II SN 14470,0.205,FALSE,
SDSS-II SN 20678,SDSS-II SN 20678,0.205614,FALSE,
SDSS-II SN 20828,SDSS-II SN 20828,0.206,FALSE,
PSc580072,WISEA J100007.81+020124.8,0.21,FALSE,
SDSS-II SN 20491,SDSS-II SN 20491,0.212,FALSE,
PSc550031,WISEA J022520.86-051918.7,0.213389,FALSE,
K0509-001,WISEA J212616.26-003314.1,0.2136,FALSE,
SDSS-II SN 15160,SDSS-II SN 15160,0.215,FALSE,
PSc100206,PS1-10blp,0.217,FALSE,
SDSS-II SN 14035,SDSS-II SN 14035,0.218,FALSE,
PS1-10io,PS1-10io,0.22,FALSE,
PS1-10o,PS1-10o,0.22,FALSE,
PSc590191,WISEA J100033.09+015414.1,0.2204,FALSE,
PSc380204,WISEA J141514.31+530515.8,0.221,FALSE,
PSc140210,WISEA J141504.13+532716.6,0.224,FALSE,
SDSS-II SN 21001,SDSS-II SN 21001,0.226,FALSE,
SDSS-II SN 15055,SDSS-II SN 15055,0.23,FALSE,
SDSS-II SN 20870,SDSS-II SN 20870,0.23,FALSE,
PSc070470,SSTSL2 J021948.04-034211.0,0.230269,FALSE,
PS1-1000004,PS1-10d,0.231,FALSE,
PSc090107,WISEA J022257.97-041840.7,0.237,FALSE,
SDSS-II SN 20046,SDSS-II SN 20046,0.238,FALSE,
PS1-10byr,PS1-10byr,0.24,FALSE,
SDSS-II SN 13108,SDSS-II SN 13108,0.24,FALSE,
PSc500020,WISEA J141342.25+522809.8,0.240665,FALSE,
SDSS-II SN 15860,SDSS-II SN 15860,0.241,FALSE,
SDSS-II SN 18450,SDSS-II SN 18450,0.242,FALSE,
SDSS-II SN 20596,SDSS-II SN 20596,0.242,FALSE,
PS1-1000005,PS1-10e,0.245,FALSE,
PSc050617,RCS 06101104560,0.247,FALSE,
SDSS-II SN 20033,SDSS-II SN 20033,0.248,FALSE,
PS1-1000008,PS1-10h,0.25,FALSE,
SDSS-II SN 20998,SDSS-II SN 20998,0.251,FALSE,
PSc500043,GALEXASC J095944.75+021805.6,0.2519,FALSE,
SDSS-II SN 20405,SDSS-II SN 20405,0.254,FALSE,
SDSS-II SN 12308,SDSS-II SN 12308,0.255,FALSE,
SDSS-II SN 16606,SDSS-II SN 16606,0.258,FALSE,
SDSS-II SN 15080,SDSS-II SN 15080,0.259,FALSE,
SNLS-04D3ez,WISEA J141907.88+530419.2,0.263,FALSE,
SDSS-II SN 19000,SDSS-II SN 19000,0.264,FALSE,
PSc040139,SDSS J141709.87+530511.3,0.2666,FALSE,
SDSS-II SN 19140,SDSS-II SN 19140,0.268,FALSE,
PSc020104,WISEA J095836.76+021737.3,0.27,FALSE,
PSc061197,WISEA J022154.59-041118.7,0.270574,FALSE,
PSc000552,SDSS J100026.66+022859.2,0.272,FALSE,
PS1-10bls,PS1-10bls,0.276,FALSE,
PSc000022,WISEA J022434.58-042342.4,0.276439,FALSE,
SDSS-II SN 10559,SDSS-II SN 10559,0.277,FALSE,
SDSS-II SN 18301,SDSS-II SN 18301,0.278,FALSE,
SDSS-II SN 18010,SDSS-II SN 18010,0.279,FALSE,
SDSS-II SN 18430,SDSS-II SN 18430,0.279,FALSE,
SDSS-II SN 20961,SDSS-II SN 20961,0.279,FALSE,
SDSS-II SN 17370,SDSS-II SN 17370,0.281,FALSE,
SDSS-II SN 859,SDSS-II SN 00859,0.283,FALSE,
PSc071032,WISEA J221913.24+005225.2,0.2849,FALSE,
SDSS-II SN 20400,SDSS-II SN 20400,0.286,FALSE,
SDSS-II SN 904,SDSS-II SN 00904,0.288,FALSE,
SDSS-II SN 14074,SDSS-II SN 14074,0.288,FALSE,
SDSS-II SN 20877,SDSS-II SN 20877,0.288,FALSE,
SDSS-II SN 20953,SDSS-II SN 20953,0.289,FALSE,
ESSENCEq006,ESSENCE q006,0.29,FALSE,
SDSS-II SN 14303,SDSS-II SN 14303,0.291,FALSE,
SDSS-II SN 15730,SDSS-II SN 15730,0.291,FALSE,
SDSS-II SN 13520,SDSS-II SN 13520,0.293,FALSE,
SDSS-II SN 19052,SDSS-II SN 19052,0.295,FALSE,
SNLS-04D3kr,SDSS J141635.92+522844.0,0.296,FALSE,
SDSS-II SN 17820,SDSS-II SN 17820,0.296,FALSE,
SDSS-II SN 14480,SDSS-II SN 14480,0.298,FALSE,
SNLS-05D1by,SNLS 05D1by HOST,0.299,FALSE,
SDSS-II SN 13902,SDSS-II SN 13902,0.299,FALSE,
PSc070530,WISEA J022509.74-050235.7,0.30017,FALSE,
SDSS-II SN 17508,SDSS-II SN 17508,0.304,FALSE,
SDSS-II SN 14305,SDSS-II SN 14305,0.307,FALSE,
PSc040318,WISEA J141719.78+530645.1,0.309,FALSE,
SDSS-II SN 14304,SDSS-II SN 14304,0.315,FALSE,
SDSS-II SN 16130,SDSS-II SN 16130,0.315,FALSE,
SDSS-II SN 18800,SDSS-II SN 18800,0.317,FALSE,
SDSS-II SN 13507,SDSS-II SN 13507,0.318,FALSE,
PSc100163,PS1-10blh,0.319,FALSE,
SDSS-II SN 10113,SDSS-II SN 10113,0.32,FALSE,
PSc110014,WISEA J221827.63-000948.6,0.328,FALSE,
PSc040783,SDSS J161106.81+544948.8,0.328783,FALSE,
PSc580024,WISEA J022234.56-052804.4,0.330454,FALSE,
SNLS-03D1fc,WISEA J022543.62-040839.1,0.331,FALSE,
PSc010218,WISEA J095432.78+015638.4,0.335,FALSE,
SDSS-II SN 15401,SDSS-II SN 15401,0.337,FALSE,
SDSS-II SN 18920,SDSS-II SN 18920,0.337,FALSE,
SDSS-II SN 15903,SDSS-II SN 15903,0.338,FALSE,
SDSS-II SN 20217,SDSS-II SN 20217,0.34,FALSE,
SNLS-04D3nh,RCS 06040400347,0.3402,FALSE,
SDSS-II SN 11098,SDSS-II SN 11098,0.343,FALSE,
SDSS-II SN 14505,SDSS-II SN 14505,0.345,FALSE,
SDSS-II SN 20043,SDSS-II SN 20043,0.346,FALSE,
ESSENCEq002,ESSENCE q002,0.3469,FALSE,
SNLS-04D2ac,WISEA J100018.90+024121.2,0.35,FALSE,
PS1-10acx,PS1-10acx,0.35,FALSE,
SDSS-II SN 15075,SDSS-II SN 15075,0.353,FALSE,
SNLS-05D2mp,SNLS 05D2mp HOST,0.3537,FALSE,
SNLS-04D2fs,COSMOS 0524892,0.357,FALSE,
SNLS-05D2hc,[NSB2006] J100004.57+015309.9,0.36,FALSE,
ESSENCEq021,ESSENCE q021,0.36,FALSE,
SDSS-II SN 20969,SDSS-II SN 20969,0.361,FALSE,
PSc130373,WISEA J141820.22+533839.6,0.366,FALSE,
PSc500065,WISEA J141621.03+540805.9,0.366,FALSE,
SNLS-05D3jr,[NSB2006] J141928.76+525153.3,0.37,FALSE,
SDSS-II SN 19065,SDSS-II SN 19065,0.374,FALSE,
SNLS-05D4cw,WISEA J221450.06-174420.0,0.375,FALSE,
SDSS-II SN 19059,SDSS-II SN 19059,0.378,FALSE,
SDSS-II SN 20936,SDSS-II SN 20936,0.378359,FALSE,
SDSS-II SN 15120,SDSS-II SN 15120,0.38,FALSE,
SDSS-II SN 20514,SDSS-II SN 20514,0.389,FALSE,
SDSS-II SN 21015,SDSS-II SN 21015,0.392,FALSE,
SDSS-II SN 14250,SDSS-II SN 14250,0.395,FALSE,
SN2007tr,SN 2007tr,0.395,FALSE,
SDSS-II SN 18704,SDSS-II SN 18704,0.399,FALSE,
SDSS-II SN 20431,SDSS-II SN 20431,0.399,FALSE,
PSc061191,WISEA J022506.54-050003.6,0.399587,FALSE,
PSc100164,WISEA J022128.92-050134.9,0.399587,FALSE,
PSc150210,WISEA J095816.06+023058.1,0.405,FALSE,
PSc090196,SSTSL2 J021924.05-043504.4,0.406048,FALSE,
PS1-10ia,PS1-10ia,0.409,FALSE,
PSc180255,[LYY2017] 062474,0.41,FALSE,
SDSS-II SN 20719,SDSS-II SN 20719,0.41,FALSE,
PSc080296,WISEA J022149.67-035517.0,0.412538,FALSE,
SDSS-II SN 18802,SDSS-II SN 18802,0.416,FALSE,
SNLS-05D3cf,DEEP2 11044756,0.418732,FALSE,
PSc080438,WISEA J033144.93-274056.2,0.421,FALSE,
SDSS-II SN 13901,SDSS-II SN 13901,0.422,FALSE,
SDSS-II SN 20267,SDSS-II SN 20267,0.428,FALSE,
PSc120111,zCOSMOS 838255,0.4284,FALSE,
SNLS-04D2gb,WISEA J100222.73+015338.7,0.43,FALSE,
PSc080723,PS1-10ahk,0.431,FALSE,
SNLS-04D1rh,VVDS 020338791,0.4349,FALSE,
PS1-10j,PS1-10j,0.436,FALSE,
SDSS-II SN 14034,SDSS-II SN 14034,0.437,FALSE,
SDSS-II SN 15108,SDSS-II SN 15108,0.442,FALSE,
PSc000200,WISEA J100231.49+024203.8,0.4439,FALSE,
HST04Sas,S-CANDELS J123654.11+620821.7,0.44643,FALSE,
SDSS-II SN 10066,SDSS-II SN 10066,0.447,FALSE,
PSc070054,WISEA J161145.16+551757.6,0.447541,FALSE,
SNLS-04D3gt,WISEA J142232.56+523849.2,0.451,FALSE,
SDSS-II SN 11370,SDSS-II SN 11370,0.4559,FALSE,
SDSS-II SN 21060,SDSS-II SN 21060,0.462,FALSE,
SNLS-05D3mx,[NSB2006] J142209.07+521309.3,0.47,FALSE,
SNLS-04D4ju,GALEXASC J221702.63-171955.3,0.472,FALSE,
SDSS-II SN 16039,SDSS-II SN 16039,0.477,FALSE,
SNLS-05D3dd,[NSB2006] J142230.41+523624.7,0.48,FALSE,
SDSS-II SN 15008,SDSS-II SN 15008,0.493,FALSE,
SDSS-II SN 13590,SDSS-II SN 13590,0.496861,FALSE,
PSc110725,WISEA J084103.82+442914.1,0.497721,FALSE,
SNLS-03D1fb,WISEA J022712.85-040716.8,0.498,FALSE,
SDSS-II SN 14090,SDSS-II SN 14090,0.498,FALSE,
PS1-10im,PS1-10im,0.51,FALSE,
SDSS-II SN 16098,SDSS-II SN 16098,0.512,FALSE,
SDSS-II SN 14900,SDSS-II SN 14900,0.513,FALSE,
SDSS-II SN 13807,SDSS-II SN 13807,0.513937,FALSE,
SDSS-II SN 16024,SDSS-II SN 16024,0.514,FALSE,
SNLS-04D1pg,SSTSL2 J022704.15-041031.4,0.515,FALSE,
SNLS-04D2gc,COSMOS 0822840,0.5216,FALSE,
SDSS-II SN 18038,SDSS-II SN 18038,0.523,FALSE,
PSc080012,WISEA J221408.36-001006.7,0.5261,FALSE,
SDSS-II SN 20592,SDSS-II SN 20592,0.527,FALSE,
PSc080252,SSTSL2 J022441.60-034700.0,0.527566,FALSE,
SN2007tf,SN 2007tf,0.536,FALSE,
PSc080034,WISEA J221524.68+003210.6,0.536909,FALSE,
SDSS-II SN 10036,SDSS-II SN 10036,0.55,FALSE,
SNLS-04D3hn,WISEA J142206.83+521343.5,0.5516,FALSE,
SDSS-II SN 19078,SDSS-II SN 19078,0.553,FALSE,
SNLS-05D1ee,XMM:[RBO2008] ir 00074601,0.558,FALSE,
SNLS-03D1gt,SSTSL2 J022455.99-040737.2,0.56,FALSE,
SNLS-04D2cw,COSMOS 1582477,0.568,FALSE,
SNLS-03D4gl,[HSP2005] J221444.17-173144.47,0.571,FALSE,
SNLS-03D4gf,[AGR2006] J221422.90-174402.4,0.58,FALSE,
SNLS-04D1kj,[NSB2006] J022752.66-041049.2,0.585,FALSE,
SDSS-II SN 15003,SDSS-II SN 15003,0.587,FALSE,
SNLS-04D1oh,[NSB2006] J022502.37-041410.5,0.59,FALSE,
SNLS-03D4gg,[AGR2006] J221640.18-180951.8,0.592,FALSE,
SDSS-II SN 16044,SDSS-II SN 16044,0.593,FALSE,
SDSS-II SN 20923,SDSS-II SN 20923,0.595,FALSE,
SDSS-II SN 20920,SDSS-II SN 20920,0.6,FALSE,
SNLS-03D1dt,SSTSL2 J022631.18-040308.3,0.612,FALSE,
SDSS-II SN 21405,SDSS-II SN 21405,0.612,FALSE,
PS1-10m,PS1-10m,0.618,FALSE,
SNLS-04D2an,[AGR2006] J100052.33+020228.7,0.62,FALSE,
PSc080295,VVDS 020383031,0.62181,FALSE,
SDSS-II SN 18307,SDSS-II SN 18307,0.626,FALSE,
SDSS-II SN 20745,SDSS-II SN 20745,0.629459,FALSE,
PSc080735,PS1-10ahl,0.635,FALSE,
ESSENCEs380,ESSENCE s380,0.6355,FALSE,
SNLS-04D1pu,VVDS 020118713,0.639,FALSE,
SNLS-05D4ag,SNLS 05D4ag HOST,0.64,FALSE,
SNLS-05D3lb,SNLS 05D3lb HOST,0.647,FALSE,
SDSS-II SN 16104,SDSS-II SN 16104,0.691,FALSE,
SNLS-05D2le,SNLS 05D2le HOST,0.7002,FALSE,
SNLS-05D1ju,VVDS 020393231,0.707,FALSE,
SNLS-04D3is,[AGR2006] J141651.96+524845.7,0.71,FALSE,
SDSS-II SN 15041,SDSS-II SN 15041,0.71489,FALSE,
SNLS-04D3ks,[AGR2006] J142233.47+521107.4,0.752,FALSE,
SNLS-05D1if,SNLS 05D1if HOST,0.763,FALSE,
Eagle,Eagle Galaxy,0.768512,FALSE,
ESSENCEx039,ESSENCE x039,0.771,FALSE,
SDSS-II SN 20336,SDSS-II SN 20336,0.78,FALSE,
SNLS-04D1ks,SNLS 04D1ks HOST,0.798,FALSE,
SNLS-03D1fq,WISEA J022655.63-041808.9,0.8,FALSE,
SNLS-04D3ny,SSTSL2 J141856.31+521114.3,0.81,FALSE,
SNLS-06D3cn,SNLS 06D3cn HOST,0.818,FALSE,
PSc061190,GALEXMSC J022243.48-045711.8,0.819701,FALSE,
PSc000418,WISEA J095825.73+014139.5,0.82,FALSE,
SNLS-04D4bk,[AGR2006] J221507.68-180336.7,0.84,FALSE,
SNLS-05D4hn,SNLS 05D4hn HOST,0.842,FALSE,
HST04Man,ACS-GC 50013390,0.85454,FALSE,
SNLS-05D2my,SNLS 05D2my,0.86,FALSE,
SNLS-04D4ii,WISEA J221555.66-173927.2,0.866,FALSE,
SNLS-05D1em,VVDS:[RBO2008] ir 00171777,0.866,FALSE,
SNLS-03D1ew,[HSP2005] J022414.08-043956.98,0.868,FALSE,
SNLS-04D3gx,[HSP2005] J142013.67+521658.60,0.91,FALSE,
SNLS-04D4jy,[HSP2005] J221351.60-172418.13,0.93,FALSE,
SNLS-04D4ih,[HSP2005] J221717.04-174038.74,0.934,FALSE,
Patuxent,WISEA J123808.92+621847.5,0.9367,FALSE,
SNLS-03D4cx,[AGR2006] J221433.75-173515.3,0.949,FALSE,
SNLS-04D3ml,[HSP2005] J141639.10+530535.66,0.95,FALSE,
SNLS-04D3nr,[HSP2005] J142238.52+523855.89,0.96,FALSE,
SNLS-05D3km,SNLS 05D3km HOST,0.97,FALSE,
HST05Fer,[RSC2007] J123625.10+621523.84,1.02,FALSE,
Gabi,S-CANDELS J123613.82+621207.1,1.12,FALSE,
SNLS-05D1hk,SSTSL2 J022439.18-043803.4,1.14783,FALSE,
Adrian,SCP 06Z05,--,FALSE,
Aki,SCP 06A04,--,FALSE,
Caleb,SCP 06F12,--,FALSE,
Cayanne,SN HST04Cay,--,FALSE,
CSS091127:094447+083137,SDSS J094448.19+083154.3,--,FALSE,
CSS100912:223118+010516,SDSS J223118.20+010519.2,--,FALSE,
Emma,SDWFS J143430.13+342657.0:SN,--,FALSE,
ESSENCEm070,WISEA J023346.84-080827.7,--,FALSE,
ESSENCEq018,WISEA J023139.05-081804.5,--,FALSE,
ESSENCEx093,WISEA J022943.15-090656.7,--,FALSE,
Frida,SCP 05D00,--,FALSE,
Hawk,SN HST04Haw,--,FALSE,
HST05Dic,SN HST05Dic,--,FALSE,
HST05Koe,SN HST05Koe,--,FALSE,
HST05Lan,SN HST05Lan,--,FALSE,
Lauren,SCP 05P09,--,FALSE,
McGuire,SN HST04Mcg,--,FALSE,
Noa,SCP 06C00,--,FALSE,
PS0909010,SN 2009kt,--,FALSE,
PS1-1000790,SDSS J213328.65+102038.1,--,FALSE,
PS1-10byw,WISEA J221528.12+013257.6,--,FALSE,
PS1-10ka,ELAIS02(R) J161110.1+550718,--,FALSE,
PS1-11aac,SDSS J141517.45+541755.5,--,FALSE,
PS1-11kl,SDSS J162120.06+550023.9,--,FALSE,
PS1-12sf,WISEA J100615.71+022424.5,--,FALSE,
PS1-13lo,WISEA J095911.91+031315.5,--,FALSE,
PSc000210,WISEA J095752.65+030032.2,--,FALSE,
PSc010014,WISEA J100154.27+010904.0,--,FALSE,
PSc010055,WISEA J100502.95+015753.7,--,FALSE,
PSc020194,SDSS J095834.81+004951.6,--,FALSE,
PSc030007,WISEA J140923.61+533706.5,--,FALSE,
PSc030216,WISEA J141456.63+541243.0,--,FALSE,
PSc040121,SDSS J103903.89+583526.8,--,FALSE,
PSc040147,WISEA J141540.49+541343.7,--,FALSE,
PSc040316,WISEA J141123.45+522604.0,--,FALSE,
PSc040477,WISEA J162033.94+544823.8,--,FALSE,
PSc040511,WISEA J160739.87+550727.9,--,FALSE,
PSc040512,WISEA J160801.00+541325.1,--,FALSE,
PSc040540,WISEA J140837.47+523936.5,--,FALSE,
PSc040693,WISEA J141527.83+522349.9,--,FALSE,
PSc050298,WISEA J161237.82+554313.4,--,FALSE,
PSc050625,WISEA J160718.09+534947.5,--,FALSE,
PSc050656,WISEA J161650.39+543846.0,--,FALSE,
PSc050665,WISEA J161034.63+545725.5,--,FALSE,
PSc051109,WISEA J161211.21+540033.1,--,FALSE,
PSc052136,WISEA J141254.60+524733.9,--,FALSE,
PSc060015,WISEA J160349.96+541237.3,--,FALSE,
PSc060199,GALEXMSC J140939.36+533835.1,--,FALSE,
PSc060238,WISEA J221442.41+004754.4,--,FALSE,
PSc060249,WISEA J221951.37+005350.3,--,FALSE,
PSc061192,SSTSL2 J022030.90-045948.9,--,FALSE,
PSc070048,SSTSL2 J160404.03+541156.0,--,FALSE,
PSc070071,WISEA J221956.45-002631.9,--,FALSE,
PSc070096,WISEA J161230.93+534832.8,--,FALSE,
PSc070175,WISEA J160736.72+544834.9,--,FALSE,
PSc070611,WISEA J161809.06+535817.2,--,FALSE,
PSc071007,WISEA J221537.47+011539.1,--,FALSE,
PSc071011,WISEA J221249.27-004224.4,--,FALSE,
PSc071113,WISEA J161144.14+550851.5,--,FALSE,
PSc071245,GALEXMSC J221502.92-005157.0,--,FALSE,
PSc080146,WISEA J033119.16-265154.5,--,FALSE,
PSc080241,SSTSL2 J032832.45-280417.6,--,FALSE,
PSc080261,GALEXASC J033511.78-271147.7,--,FALSE,
PSc080343,SSTSL2 J033728.62-274323.7,--,FALSE,
PSc080363,WISEA J032638.76-275514.3,--,FALSE,
PSc080554,SSTSL2 J022100.04-034018.7,--,FALSE,
PSc080771,WISEA J032816.47-280849.2,--,FALSE,
PSc080772,WISEA J033135.89-281427.0,--,FALSE,
PSc090128,WISEA J022404.55-031334.6,--,FALSE,
PSc090966,SDSS J221256.82+010148.9,--,FALSE,
PSc091739,[NLS2017] J036.99331-04.02456,--,FALSE,
PSc110476,WISEA J100518.59+020501.5,--,FALSE,
PSc120039,SDSS J095626.08+013206.5,--,FALSE,
PSc120223,SDSS J095902.93+030736.5,--,FALSE,
PSc120706,GALEXASC J095843.11+022600.2,--,FALSE,
PSc130145,SDSS J095949.54+032845.0,--,FALSE,
PSc130391,SDSS J141141.43+541316.9,--,FALSE,
PSc131031,SDSS J140941.44+532058.4,--,FALSE,
PSc140214,SDSS J141413.84+534207.3,--,FALSE,
PSc140229,SDSS J122644.38+472328.4,--,FALSE,
PSc140234,SDSS J140846.62+534924.4,--,FALSE,
PSc150145,WISEA J122821.07+471719.6,--,FALSE,
PSc150234,WISEA J141104.94+523619.5,--,FALSE,
PSc150365,WISEA J161003.51+534902.0,--,FALSE,
PSc150379,WISEA J160410.01+535823.8,--,FALSE,
PSc150515,WISEA J160437.82+551607.2,--,FALSE,
PSc151005,WISEA J140915.50+522300.4,--,FALSE,
PSc160028,WISEA J161323.19+535816.3,--,FALSE,
PSc160195,WISEA J161040.21+533926.2,--,FALSE,
PSc170254,SDSS J160854.10+535122.6,--,FALSE,
PSc170285,WISEA J161609.02+540829.4,--,FALSE,
PSc170539,WISEA J221753.76+012231.5,--,FALSE,
PSc170558,WISEA J221845.79+012155.6,--,FALSE,
PSc180329,SDSS J221719.85+011531.0,--,FALSE,
PSc190062,SDSS J221525.46+004047.3,--,FALSE,
PSc190230,WISEA J221545.09+002522.2,--,FALSE,
PSc190269,SDSS J222004.33-001414.7,--,FALSE,
PSc200058,SDSS J221758.95-002628.4,--,FALSE,
PSc200132,WISEA J221759.36-004143.4,--,FALSE,
PSc210027,WISEA J221711.91+010434.4,--,FALSE,
PSc340105,WISEA J022352.64-033804.3,--,FALSE,
PSc350213,WISEA J100406.93+024354.5,--,FALSE,
PSc370589,WISEA J095626.03+032717.8,--,FALSE,
PSc380095,WISEA J140851.18+533538.4,--,FALSE,
PSc380421,WISEA J140727.61+540039.8,--,FALSE,
PSc520011,NMBS AEGIS 31205,--,FALSE,
PSc580006,WISEA J022038.08-043831.9,--,FALSE,
PSc580010,WISEA J022655.84-034434.2,--,FALSE,
PTF09djc,SDSS J174657.24+591205.2,--,FALSE,
PTF10feg,SDSS J123035.59+154740.7,--,FALSE,
PTF10fxe,WISEA J094509.65+223744.4,--,FALSE,
PTF10goq,WISEA J124559.68+044929.7,--,FALSE,
PTF10hdm,WISEA J124241.02+051108.1,--,FALSE,
PTF10mtd,WISEA J140159.63+045905.0,--,FALSE,
PTF10rgn,WISEA J014140.29+304928.1,--,FALSE,
PTF10tqy,WISEA J004241.38+244518.6,--,FALSE,
PTF10vyv,GALEXASC J014001.12-080244.2,--,FALSE,
PTF10wnt,WISEA J014210.10-084740.6,--,FALSE,
PTF11gdm,WISEA J165623.79+413013.7,--,FALSE,
PTF11hfu,WISEA J212113.89+021919.5,--,FALSE,
PTF11ilj,WISEA J003544.10+384006.7,--,FALSE,
PTF11kjl,WISEA J172441.55+732054.4,--,FALSE,
PTF11lnb,WISEA J015041.28+210300.6,--,FALSE,
PTF11pdi,WISEA J015336.48+205114.4,--,FALSE,
PTF11phm,GALEXASC J020142.44+274522.4,--,FALSE,
PTF11wv,WISEA J095456.12+040742.5,--,FALSE,
Rakke,SN HST04Rak,--,FALSE,
SCP-06H3,SCP 06H03,--,FALSE,
SDSS-II SN 696,SDSS-II SN 00696,--,FALSE,
SDSS-II SN 703,SDSS-II SN 00703,--,FALSE,
SDSS-II SN 735,SDSS-II SN 00735,--,FALSE,
SDSS-II SN 773,SDSS-II SN 00773,--,FALSE,
SDSS-II SN 779,SDSS-II SN 00779,--,FALSE,
SDSS-II SN 841,SDSS-II SN 00841,--,FALSE,
SDSS-II SN 986,SDSS-II SN 00986,--,FALSE,
SN2008s1,SNF 20080514-002,--,FALSE,
SNF20071001-012,WISEA J023552.53+261409.9,--,FALSE,
SNF20080623-007,WISEA J235342.41+315239.5,--,FALSE,
SNF20080626-002,WISEA J224502.41+085636.3,--,FALSE,
SNF20080707-012,WISEA J224240.95+221516.8,--,FALSE,
SNF20080717-000,WISEA J000654.54+245953.4,--,FALSE,
SNF20080906-009,GALEXASC J221024.98+042555.6,--,FALSE,
SNF20080918-002,WISEA J224148.27+173742.5,--,FALSE,
SNF20080919-000,WISEA J000334.45+241304.8,--,FALSE,
SNLS-04D3lu,WISEA J142107.92+525829.0,--,FALSE,
SNLS-05D1hm,SSTSL2 J022746.18-044302.3,--,FALSE,
SNLS-05D3kp,SNLS 05D3kp HOST,--,FALSE,
SN Primo,[RRS2014] GSD10Pri,--,FALSE,
Strolger,HDF:[CCH2004] r-48063,--,FALSE,
Yowie,SN HST04Yow,--,FALSE,
ESSENCEg097,ESSENCE g097,--,FALSE,
ESSENCEg230,ESSENCE g230,--,FALSE,
ESSENCEg240,ESSENCE g240,--,FALSE,
ESSENCEh300,ESSENCE h300,--,FALSE,
ESSENCEk490,ESSENCE k490,--,FALSE,
ESSENCEm022,ESSENCE m022,--,FALSE,
ESSENCEm026,ESSENCE m026,--,FALSE,
ESSENCEm027,ESSENCE m027,--,FALSE,
ESSENCEm032,ESSENCE m032,--,FALSE,
ESSENCEm034,ESSENCE m034,--,FALSE,
ESSENCEm039,ESSENCE m039,--,FALSE,
ESSENCEm057,ESSENCE m057,--,FALSE,
ESSENCEm075,ESSENCE m075,--,FALSE,
ESSENCEn404,ESSENCE n404,--,FALSE,
ESSENCEn406,ESSENCE n406,--,FALSE,
ESSENCEp520,ESSENCE p520,--,FALSE,
PTF09foz,PTF09foz,--,FALSE,
SDSS-II SN 10146,SDSS-II SN 10146,--,FALSE,
SDSS-II SN 10154,SDSS-II SN 10154,--,FALSE,
SDSS-II SN 10450,SDSS-II SN 10450,--,FALSE,
SDSS-II SN 10620,SDSS-II SN 10620,--,FALSE,
SDSS-II SN 11026,SDSS-II SN 11026,--,FALSE,
SDSS-II SN 11120,SDSS-II SN 11120,--,FALSE,
SDSS-II SN 11306,SDSS-II SN 11306,--,FALSE,
SDSS-II SN 12076,SDSS-II SN 12076,--,FALSE,
SDSS-II SN 12804,SDSS-II SN 12804,--,FALSE,
SDSS-II SN 12940,SDSS-II SN 12940,--,FALSE,
SDSS-II SN 13009,SDSS-II SN 13009,--,FALSE,
SDSS-II SN 13066,SDSS-II SN 13066,--,FALSE,
SDSS-II SN 13079,SDSS-II SN 13079,--,FALSE,
SDSS-II SN 13101,SDSS-II SN 13101,--,FALSE,
SDSS-II SN 13302,SDSS-II SN 13302,--,FALSE,
SDSS-II SN 13303,SDSS-II SN 13303,--,FALSE,
SDSS-II SN 13780,SDSS-II SN 13780,--,FALSE,
SDSS-II SN 13903,SDSS-II SN 13903,--,FALSE,
SDSS-II SN 13907,SDSS-II SN 13907,--,FALSE,
SDSS-II SN 13908,SDSS-II SN 13908,--,FALSE,
SDSS-II SN 13909,SDSS-II SN 13909,--,FALSE,
SDSS-II SN 14046,SDSS-II SN 14046,--,FALSE,
SDSS-II SN 14087,SDSS-II SN 14087,--,FALSE,
SDSS-II SN 14205,SDSS-II SN 14205,--,FALSE,
SDSS-II SN 14260,SDSS-II SN 14260,--,FALSE,
SDSS-II SN 14308,SDSS-II SN 14308,--,FALSE,
SDSS-II SN 14330,SDSS-II SN 14330,--,FALSE,
SDSS-II SN 14403,SDSS-II SN 14403,--,FALSE,
SDSS-II SN 14500,SDSS-II SN 14500,--,FALSE,
SDSS-II SN 14790,SDSS-II SN 14790,--,FALSE,
SDSS-II SN 14809,SDSS-II SN 14809,--,FALSE,
SDSS-II SN 15006,SDSS-II SN 15006,--,FALSE,
SDSS-II SN 15053,SDSS-II SN 15053,--,FALSE,
SDSS-II SN 15085,SDSS-II SN 15085,--,FALSE,
SDSS-II SN 15303,SDSS-II SN 15303,--,FALSE,
SDSS-II SN 15309,SDSS-II SN 15309,--,FALSE,
SDSS-II SN 15470,SDSS-II SN 15470,--,FALSE,
SDSS-II SN 15650,SDSS-II SN 15650,--,FALSE,
SDSS-II SN 15805,SDSS-II SN 15805,--,FALSE,
SDSS-II SN 15806,SDSS-II SN 15806,--,FALSE,
SDSS-II SN 15850,SDSS-II SN 15850,--,FALSE,
SDSS-II SN 16001,SDSS-II SN 16001,--,FALSE,
SDSS-II SN 16015,SDSS-II SN 16015,--,FALSE,
SDSS-II SN 16048,SDSS-II SN 16048,--,FALSE,
SDSS-II SN 16054,SDSS-II SN 16054,--,FALSE,
SDSS-II SN 16091,SDSS-II SN 16091,--,FALSE,
SDSS-II SN 16094,SDSS-II SN 16094,--,FALSE,
SDSS-II SN 16202,SDSS-II SN 16202,--,FALSE,
SDSS-II SN 16302,SDSS-II SN 16302,--,FALSE,
SDSS-II SN 16360,SDSS-II SN 16360,--,FALSE,
SDSS-II SN 16405,SDSS-II SN 16405,--,FALSE,
SDSS-II SN 16950,SDSS-II SN 16950,--,FALSE,
SDSS-II SN 17068,SDSS-II SN 17068,--,FALSE,
SDSS-II SN 17205,SDSS-II SN 17205,--,FALSE,
SDSS-II SN 17206,SDSS-II SN 17206,--,FALSE,
SDSS-II SN 17408,SDSS-II SN 17408,--,FALSE,
SDSS-II SN 17803,SDSS-II SN 17803,--,FALSE,
SDSS-II SN 17902,SDSS-II SN 17902,--,FALSE,
SDSS-II SN 17906,SDSS-II SN 17906,--,FALSE,
SDSS-II SN 18047,SDSS-II SN 18047,--,FALSE,
SDSS-II SN 18049,SDSS-II SN 18049,--,FALSE,
SDSS-II SN 18100,SDSS-II SN 18100,--,FALSE,
SDSS-II SN 18201,SDSS-II SN 18201,--,FALSE,
SDSS-II SN 18380,SDSS-II SN 18380,--,FALSE,
SDSS-II SN 18630,SDSS-II SN 18630,--,FALSE,
SDSS-II SN 18803,SDSS-II SN 18803,--,FALSE,
SDSS-II SN 19014,SDSS-II SN 19014,--,FALSE,
SDSS-II SN 19032,SDSS-II SN 19032,--,FALSE,
SDSS-II SN 19068,SDSS-II SN 19068,--,FALSE,
SDSS-II SN 19099,SDSS-II SN 19099,--,FALSE,
SDSS-II SN 19104,SDSS-II SN 19104,--,FALSE,
SDSS-II SN 19200,SDSS-II SN 19200,--,FALSE,
SDSS-II SN 19308,SDSS-II SN 19308,--,FALSE,
SDSS-II SN 19408,SDSS-II SN 19408,--,FALSE,
SDSS-II SN 19608,SDSS-II SN 19608,--,FALSE,
SDSS-II SN 20047,SDSS-II SN 20047,--,FALSE,
SDSS-II SN 20141,SDSS-II SN 20141,--,FALSE,
SDSS-II SN 20232,SDSS-II SN 20232,--,FALSE,
SDSS-II SN 20257,SDSS-II SN 20257,--,FALSE,
SDSS-II SN 20278,SDSS-II SN 20278,--,FALSE,
SDSS-II SN 20300,SDSS-II SN 20300,--,FALSE,
SDSS-II SN 20386,SDSS-II SN 20386,--,FALSE,
SDSS-II SN 20399,SDSS-II SN 20399,--,FALSE,
SDSS-II SN 20467,SDSS-II SN 20467,--,FALSE,
SDSS-II SN 20501,SDSS-II SN 20501,--,FALSE,
SDSS-II SN 20517,SDSS-II SN 20517,--,FALSE,
SDSS-II SN 20541,SDSS-II SN 20541,--,FALSE,
SDSS-II SN 20545,SDSS-II SN 20545,--,FALSE,
SDSS-II SN 20572,SDSS-II SN 20572,--,FALSE,
SDSS-II SN 20578,SDSS-II SN 20578,--,FALSE,
SDSS-II SN 20588,SDSS-II SN 20588,--,FALSE,
SDSS-II SN 20601,SDSS-II SN 20601,--,FALSE,
SDSS-II SN 20619,SDSS-II SN 20619,--,FALSE,
SDSS-II SN 20624,SDSS-II SN 20624,--,FALSE,
SDSS-II SN 20690,SDSS-II SN 20690,--,FALSE,
SDSS-II SN 20721,SDSS-II SN 20721,--,FALSE,
SDSS-II SN 20722,SDSS-II SN 20722,--,FALSE,
SDSS-II SN 20727,SDSS-II SN 20727,--,FALSE,
SDSS-II SN 20787,SDSS-II SN 20787,--,FALSE,
SDSS-II SN 20805,SDSS-II SN 20805,--,FALSE,
SDSS-II SN 20830,SDSS-II SN 20830,--,FALSE,
SDSS-II SN 20891,SDSS-II SN 20891,--,FALSE,
SDSS-II SN 20896,SDSS-II SN 20896,--,FALSE,
SDSS-II SN 20917,SDSS-II SN 20917,--,FALSE,
SDSS-II SN 20932,SDSS-II SN 20932,--,FALSE,
SDSS-II SN 20971,SDSS-II SN 20971,--,FALSE,
SDSS-II SN 21013,SDSS-II SN 21013,--,FALSE,
SDSS-II SN 21019,SDSS-II SN 21019,--,FALSE,
SDSS-II SN 21023,SDSS-II SN 21023,--,FALSE,
SDSS-II SN 21027,SDSS-II SN 21027,--,FALSE,
SDSS-II SN 21069,SDSS-II SN 21069,--,FALSE,
SDSS-II SN 21307,SDSS-II SN 21307,--,FALSE,
SDSS-II SN 21360,SDSS-II SN 21360,--,FALSE,
SDSS-II SN 21402,SDSS-II SN 21402,--,FALSE,
SDSS-II SN 21406,SDSS-II SN 21406,--,FALSE,
SN1960F,SN 1960F,--,FALSE,
SN1960H,SN 1960H,--,FALSE,
SN1960R,SN 1960R,--,FALSE,
SN1990ab,SN 1990ab,--,FALSE,
SN1990af,SN 1990af,--,FALSE,
SN1990F,SN 1990F,--,FALSE,
SN1990J,SN 1990J,--,FALSE,
SN1990N,SN 1990N,--,FALSE,
SN1990O,SN 1990O,--,FALSE,
SN1990R,SN 1990R,--,FALSE,
SN1990T,SN 1990T,--,FALSE,
SN1990U,SN 1990U,--,FALSE,
SN2000A,SN 2000A,--,FALSE,
SN2000al,SN 2000al,--,FALSE,
SN2000bk,SN 2000bk,--,FALSE,
SN2000bn,SN 2000bn,--,FALSE,
SN2000ca,SN 2000ca,--,FALSE,
SN2000cf,SN 2000cf,--,FALSE,
SN2000cj,SN 2000cj,--,FALSE,
SN2000cv,SN 2000cv,--,FALSE,
SN2000cx,SN 2000cx,--,FALSE,
SN2000dd,SN 2000dd,--,FALSE,
SN2000df,SN 2000df,--,FALSE,
SN2000dk,SN 2000dk,--,FALSE,
SN2000dm,SN 2000dm,--,FALSE,
SN2000dp,SN 2000dp,--,FALSE,
SN2000dx,SN 2000dx,--,FALSE,
SN2000dy,SN 2000dy,--,FALSE,
SN2000dz,SN 2000dz,--,FALSE,
SN2000E,SN 2000E,--,FALSE,
SN2000ec,SN 2000ec,--,FALSE,
SN2000ee,SN 2000ee,--,FALSE,
SN2000ej,SN 2000ej,--,FALSE,
SN2000eq,SN 2000eq,--,FALSE,
SN2000et,SN 2000et,--,FALSE,
SN2000eu,SN 2000eu,--,FALSE,
SN2000fo,SN 2000fo,--,FALSE,
SN2000fq,SN 2000fq,--,FALSE,
SN2000fr,SN 2000fr,--,FALSE,
SN2000fw,SN 2000fw,--,FALSE,
SN2000fx,SN 2000fx,--,FALSE,
SN2000fy,SN 2000fy,--,FALSE,
SN2000fz,SN 2000fz,--,FALSE,
SN2000ga,SN 2000ga,--,FALSE,
SN2000T,SN 2000T,--,FALSE,
SN2000V,SN 2000V,--,FALSE,
SN2001al,SN 2001al,--,FALSE,
SN2001ba,SN 2001ba,--,FALSE,
SN2001bs,SN 2001bs,--,FALSE,
SN2001bt,SN 2001bt,--,FALSE,
SN2001C,SN 2001C,--,FALSE,
SN2001cg,SN 2001cg,--,FALSE,
SN2001cj,SN 2001cj,--,FALSE,
SN2001cq,SN 2001cq,--,FALSE,
SN2001cr,SN 2001cr,--,FALSE,
SN2001cs,SN 2001cs,--,FALSE,
SN2001cu,SN 2001cu,--,FALSE,
SN2001cv,SN 2001cv,--,FALSE,
SN2001cw,SN 2001cw,--,FALSE,
SN2001dd,SN 2001dd,--,FALSE,
SN2001dt,SN 2001dt,--,FALSE,
SN2001E,SN 2001E,--,FALSE,
SN2001ed,SN 2001ed,--,FALSE,
SN2001ei,SN 2001ei,--,FALSE,
SN2001en,SN 2001en,--,FALSE,
SN2001es,SN 2001es,--,FALSE,
SN2001fg,SN 2001fg,--,FALSE,
SN2001fu,SN 2001fu,--,FALSE,
SN2001G,SN 2001G,--,FALSE,
SN2001gm,SN 2001gm,--,FALSE,
SN2001gn,SN 2001gn,--,FALSE,
SN2001go,SN 2001go,--,FALSE,
SN2001gr,SN 2001gr,--,FALSE,
SN2001gt,SN 2001gt,--,FALSE,
SN2001gu,SN 2001gu,--,FALSE,
SN2001gv,SN 2001gv,--,FALSE,
SN2001gy,SN 2001gy,--,FALSE,
SN2001ha,SN 2001ha,--,FALSE,
SN2001hb,SN 2001hb,--,FALSE,
SN2001hc,SN 2001hc,--,FALSE,
SN2001ib,SN 2001ib,--,FALSE,
SN2001il,SN 2001il,--,FALSE,
SN2001io,SN 2001io,--,FALSE,
SN2001ip,SN 2001ip,--,FALSE,
SN2001ix,SN 2001ix,--,FALSE,
SN2001kh,SN 2001kh,--,FALSE,
SN2001ki,SN 2001ki,--,FALSE,
SN2001kj,SN 2001kj,--,FALSE,
SN2001kk,SN 2001kk,--,FALSE,
SN2001kl,SN 2001kl,--,FALSE,
SN2001km,SN 2001km,--,FALSE,
SN2001kr,SN 2001kr,--,FALSE,
SN2001ku,SN 2001ku,--,FALSE,
SN2001O,SN 2001O,--,FALSE,
SN2002am,SN 2002am,--,FALSE,
SN2002B,SN 2002B,--,FALSE,
SN2002bf,SN 2002bf,--,FALSE,
SN2002bi,SN 2002bi,--,FALSE,
SN2002bk,SN 2002bk,--,FALSE,
SN2002bn,SN 2002bn,--,FALSE,
SN2002br,SN 2002br,--,FALSE,
SN2002cd,SN 2002cd,--,FALSE,
SN2002ci,SN 2002ci,--,FALSE,
SN2002cr,SN 2002cr,--,FALSE,
SN2002cs,SN 2002cs,--,FALSE,
SN2002df,SN 2002df,--,FALSE,
SN2002dj,SN 2002dj,--,FALSE,
SN2002eb,SN 2002eb,--,FALSE,
SN2002ec,SN 2002ec,--,FALSE,
SN2002ef,SN 2002ef,--,FALSE,
SN2002eq,SN 2002eq,--,FALSE,
SN2002er,SN 2002er,--,FALSE,
SN2002et,SN 2002et,--,FALSE,
SN2002ez,SN 2002ez,--,FALSE,
SN2002fa,SN 2002fa,--,FALSE,
SN2002fc,SN 2002fc,--,FALSE,
SN2002fd,SN 2002fd,--,FALSE,
SN2002ff,SN 2002ff,--,FALSE,
SN2002fg,SN 2002fg,--,FALSE,
SN2002fk,SN 2002fk,--,FALSE,
SN2002fs,SN 2002fs,--,FALSE,
SN2002ft,SN 2002ft,--,FALSE,
SN2002fu,SN 2002fu,--,FALSE,
SN2002fw,SN 2002fw,--,FALSE,
SN2002fx,SN 2002fx,--,FALSE,
SN2002G,SN 2002G,--,FALSE,
SN2002ge,SN 2002ge,--,FALSE,
SN2002gf,SN 2002gf,--,FALSE,
SN2002gi,SN 2002gi,--,FALSE,
SN2002gk,SN 2002gk,--,FALSE,
SN2002gn,SN 2002gn,--,FALSE,
SN2002go,SN 2002go,--,FALSE,
SN2002gp,SN 2002gp,--,FALSE,
SN2002gr,SN 2002gr,--,FALSE,
SN2002gs,SN 2002gs,--,FALSE,
SN2002gv,SN 2002gv,--,FALSE,
SN2002hp,SN 2002hp,--,FALSE,
SN2002I,SN 2002I,--,FALSE,
SN2002ia,SN 2002ia,--,FALSE,
SN2002ib,SN 2002ib,--,FALSE,
SN2002ic,SN 2002ic,--,FALSE,
SN2002id,SN 2002id,--,FALSE,
SN2002ie,SN 2002ie,--,FALSE,
SN2002ih,SN 2002ih,--,FALSE,
SN2002ij,SN 2002ij,--,FALSE,
SN2002il,SN 2002il,--,FALSE,
SN2002im,SN 2002im,--,FALSE,
SN2002ir,SN 2002ir,--,FALSE,
SN2002is,SN 2002is,--,FALSE,
SN2002iy,SN 2002iy,--,FALSE,
SN2002iz,SN 2002iz,--,FALSE,
SN2002jb,SN 2002jb,--,FALSE,
SN2002jc,SN 2002jc,--,FALSE,
SN2002jf,SN 2002jf,--,FALSE,
SN2002jq,SN 2002jq,--,FALSE,
SN2002jr,SN 2002jr,--,FALSE,
SN2002js,SN 2002js,--,FALSE,
SN2002ju,SN 2002ju,--,FALSE,
SN2002jw,SN 2002jw,--,FALSE,
SN2002jy,SN 2002jy,--,FALSE,
SN2002ka,SN 2002ka,--,FALSE,
SN2002kc,SN 2002kc,--,FALSE,
SN2002kd,SN 2002kd,--,FALSE,
SN2002ki,SN 2002ki,--,FALSE,
SN2002kk,SN 2002kk,--,FALSE,
SN2002km,SN 2002km,--,FALSE,
SN2002kn,SN 2002kn,--,FALSE,
SN2002ko,SN 2002ko,--,FALSE,
SN2002kr,SN 2002kr,--,FALSE,
SN2002lh,SN 2002lh,--,FALSE,
SN2002lj,SN 2002lj,--,FALSE,
SN2002ll,SN 2002ll,--,FALSE,
SN2002lo,SN 2002lo,--,FALSE,
SN2002lp,SN 2002lp,--,FALSE,
SN2002lq,SN 2002lq,--,FALSE,
SN2002lr,SN 2002lr,--,FALSE,
SN2002P,SN 2002P,--,FALSE,
SN2003aa,SN 2003aa,--,FALSE,
SN2003ae,SN 2003ae,--,FALSE,
SN2003af,SN 2003af,--,FALSE,
SN2003ag,SN 2003ag,--,FALSE,
SN2003aj,SN 2003aj,--,FALSE,
SN2003an,SN 2003an,--,FALSE,
SN2003ap,SN 2003ap,--,FALSE,
SN2003ax,SN 2003ax,--,FALSE,
SN2003az,SN 2003az,--,FALSE,
SN2003bd,SN 2003bd,--,FALSE,
SN2003be,SN 2003be,--,FALSE,
SN2003bh,SN 2003bh,--,FALSE,
SN2003bs,SN 2003bs,--,FALSE,
SN2003cg,SN 2003cg,--,FALSE,
SN2003D,SN 2003D,--,FALSE,
SN2003dc,SN 2003dc,--,FALSE,
SN2003ds,SN 2003ds,--,FALSE,
SN2003dt,SN 2003dt,--,FALSE,
SN2003dw,SN 2003dw,--,FALSE,
SN2003dy,SN 2003dy,--,FALSE,
SN2003eb,SN 2003eb,--,FALSE,
SN2003eh,SN 2003eh,--,FALSE,
SN2003ek,SN 2003ek,--,FALSE,
SN2003ep,SN 2003ep,--,FALSE,
SN2003eq,SN 2003eq,--,FALSE,
SN2003fa,SN 2003fa,--,FALSE,
SN2003fd,SN 2003fd,--,FALSE,
SN2003ff,SN 2003ff,--,FALSE,
SN2003fg,SN 2003fg,--,FALSE,
SN2003fh,SN 2003fh,--,FALSE,
SN2003fi,SN 2003fi,--,FALSE,
SN2003fk,SN 2003fk,--,FALSE,
SN2003fn,SN 2003fn,--,FALSE,
SN2003fo,SN 2003fo,--,FALSE,
SN2003ge,SN 2003ge,--,FALSE,
SN2003gi,SN 2003gi,--,FALSE,
SN2003gj,SN 2003gj,--,FALSE,
SN2003gs,SN 2003gs,--,FALSE,
SN2003hj,SN 2003hj,--,FALSE,
SN2003hq,SN 2003hq,--,FALSE,
SN2003hs,SN 2003hs,--,FALSE,
SN2003hu,SN 2003hu,--,FALSE,
SN2003hx,SN 2003hx,--,FALSE,
SN2003ic,SN 2003ic,--,FALSE,
SN2003il,SN 2003il,--,FALSE,
SN2003it,SN 2003it,--,FALSE,
SN2003iu,SN 2003iu,--,FALSE,
SN2003ji,SN 2003ji,--,FALSE,
SN2003jl,SN 2003jl,--,FALSE,
SN2003jm,SN 2003jm,--,FALSE,
SN2003jn,SN 2003jn,--,FALSE,
SN2003jq,SN 2003jq,--,FALSE,
SN2003jr,SN 2003jr,--,FALSE,
SN2003js,SN 2003js,--,FALSE,
SN2003jt,SN 2003jt,--,FALSE,
SN2003ju,SN 2003ju,--,FALSE,
SN2003jv,SN 2003jv,--,FALSE,
SN2003jw,SN 2003jw,--,FALSE,
SN2003jy,SN 2003jy,--,FALSE,
SN2003kf,SN 2003kf,--,FALSE,
SN2003kg,SN 2003kg,--,FALSE,
SN2003kh,SN 2003kh,--,FALSE,
SN2003kk,SN 2003kk,--,FALSE,
SN2003kn,SN 2003kn,--,FALSE,
SN2003ko,SN 2003ko,--,FALSE,
SN2003kq,SN 2003kq,--,FALSE,
SN2003kr,SN 2003kr,--,FALSE,
SN2003kt,SN 2003kt,--,FALSE,
SN2003ku,SN 2003ku,--,FALSE,
SN2003kv,SN 2003kv,--,FALSE,
SN2003lc,SN 2003lc,--,FALSE,
SN2003lf,SN 2003lf,--,FALSE,
SN2003li,SN 2003li,--,FALSE,
SN2003lj,SN 2003lj,--,FALSE,
SN2003lk,SN 2003lk,--,FALSE,
SN2003ll,SN 2003ll,--,FALSE,
SN2003lm,SN 2003lm,--,FALSE,
SN2003ln,SN 2003ln,--,FALSE,
SN2003ls,SN 2003ls,--,FALSE,
SN2003P,SN 2003P,--,FALSE,
SN2003Q,SN 2003Q,--,FALSE,
SN2003R,SN 2003R,--,FALSE,
SN2003U,SN 2003U,--,FALSE,
SN2003V,SN 2003V,--,FALSE,
SN2004ah,SN 2004ah,--,FALSE,
SN2004ap,SN 2004ap,--,FALSE,
SN2004at,SN 2004at,--,FALSE,
SN2004B,SN 2004B,--,FALSE,
SN2004bg,SN 2004bg,--,FALSE,
SN2004bj,SN 2004bj,--,FALSE,
SN2004bl,SN 2004bl,--,FALSE,
SN2004bv,SN 2004bv,--,FALSE,
SN2004bw,SN 2004bw,--,FALSE,
SN2004cb,SN 2004cb,--,FALSE,
SN2004cd,SN 2004cd,--,FALSE,
SN2004cn,SN 2004cn,--,FALSE,
SN2004co,SN 2004co,--,FALSE,
SN2004dl,SN 2004dl,--,FALSE,
SN2004dt,SN 2004dt,--,FALSE,
SN2004E,SN 2004E,--,FALSE,
SN2004ef,SN 2004ef,--,FALSE,
SN2004eq,SN 2004eq,--,FALSE,
SN2004ey,SN 2004ey,--,FALSE,
SN2004fh,SN 2004fh,--,FALSE,
SN2004fj,SN 2004fj,--,FALSE,
SN2004fl,SN 2004fl,--,FALSE,
SN2004fn,SN 2004fn,--,FALSE,
SN2004fo,SN 2004fo,--,FALSE,
SN2004fq,SN 2004fq,--,FALSE,
SN2004fr,SN 2004fr,--,FALSE,
SN2004fs,SN 2004fs,--,FALSE,
SN2004fu,SN 2004fu,--,FALSE,
SN2004fv,SN 2004fv,--,FALSE,
SN2004gc,SN 2004gc,--,FALSE,
SN2004gi,SN 2004gi,--,FALSE,
SN2004gm,SN 2004gm,--,FALSE,
SN2004go,SN 2004go,--,FALSE,
SN2004gs,SN 2004gs,--,FALSE,
SN2004gu,SN 2004gu,--,FALSE,
SN2004gw,SN 2004gw,--,FALSE,
SN2004ha,SN 2004ha,--,FALSE,
SN2004hb,SN 2004hb,--,FALSE,
SN2004hd,SN 2004hd,--,FALSE,
SN2004he,SN 2004he,--,FALSE,
SN2004hf,SN 2004hf,--,FALSE,
SN2004hg,SN 2004hg,--,FALSE,
SN2004hh,SN 2004hh,--,FALSE,
SN2004hi,SN 2004hi,--,FALSE,
SN2004hj,SN 2004hj,--,FALSE,
SN2004hk,SN 2004hk,--,FALSE,
SN2004hl,SN 2004hl,--,FALSE,
SN2004hm,SN 2004hm,--,FALSE,
SN2004hn,SN 2004hn,--,FALSE,
SN2004ho,SN 2004ho,--,FALSE,
SN2004hp,SN 2004hp,--,FALSE,
SN2004hq,SN 2004hq,--,FALSE,
SN2004hs,SN 2004hs,--,FALSE,
SN2004hu,SN 2004hu,--,FALSE,
SN2004hw,SN 2004hw,--,FALSE,
SN2004hz,SN 2004hz,--,FALSE,
SN2004ia,SN 2004ia,--,FALSE,
SN2004id,SN 2004id,--,FALSE,
SN2004ie,SN 2004ie,--,FALSE,
SN2004if,SN 2004if,--,FALSE,
SN2004ig,SN 2004ig,--,FALSE,
SN2004ih,SN 2004ih,--,FALSE,
SN2004ii,SN 2004ii,--,FALSE,
SN2004ij,SN 2004ij,--,FALSE,
SN2004ik,SN 2004ik,--,FALSE,
SN2004il,SN 2004il,--,FALSE,
SN2004im,SN 2004im,--,FALSE,
SN2004in,SN 2004in,--,FALSE,
SN2004io,SN 2004io,--,FALSE,
SN2004J,SN 2004J,--,FALSE,
SN2004P,SN 2004P,--,FALSE,
SN2004W,SN 2004W,--,FALSE,
SN2004Y,SN 2004Y,--,FALSE,
SN2005A,SN 2005A,--,FALSE,
SN2005ac,SN 2005ac,--,FALSE,
SN2005ah,SN 2005ah,--,FALSE,
SN2005ai,SN 2005ai,--,FALSE,
SN2005al,SN 2005al,--,FALSE,
SN2005as,SN 2005as,--,FALSE,
SN2005be,SN 2005be,--,FALSE,
SN2005bg,SN 2005bg,--,FALSE,
SN2005bl,SN 2005bl,--,FALSE,
SN2005bo,SN 2005bo,--,FALSE,
SN2005cc,SN 2005cc,--,FALSE,
SN2005cf,SN 2005cf,--,FALSE,
SN2005cg,SN 2005cg,--,FALSE,
SN2005cn,SN 2005cn,--,FALSE,
SN2005cr,SN 2005cr,--,FALSE,
SN2005dc,SN 2005dc,--,FALSE,
SN2005de,SN 2005de,--,FALSE,
SN2005dm,SN 2005dm,--,FALSE,
SN2005ed,SN 2005ed,--,FALSE,
SN2005ef,SN 2005ef,--,FALSE,
SN2005eh,SN 2005eh,--,FALSE,
SN2005ei,SN 2005ei,--,FALSE,
SN2005ej,SN 2005ej,--,FALSE,
SN2005eq,SN 2005eq,--,FALSE,
SN2005eu,SN 2005eu,--,FALSE,
SN2005ev,SN 2005ev,--,FALSE,
SN2005ex,SN 2005ex,--,FALSE,
SN2005ey,SN 2005ey,--,FALSE,
SN2005ez,SN 2005ez,--,FALSE,
SN2005fa,SN 2005fa,--,FALSE,
SN2005fb,SN 2005fb,--,FALSE,
SN2005fc,SN 2005fc,--,FALSE,
SN2005fd,SN 2005fd,--,FALSE,
SN2005fe,SN 2005fe,--,FALSE,
SN2005ff,SN 2005ff,--,FALSE,
SN2005fh,SN 2005fh,--,FALSE,
SN2005fi,SN 2005fi,--,FALSE,
SN2005fj,SN 2005fj,--,FALSE,
SN2005fn,SN 2005fn,--,FALSE,
SN2005fo,SN 2005fo,--,FALSE,
SN2005fp,SN 2005fp,--,FALSE,
SN2005fq,SN 2005fq,--,FALSE,
SN2005fr,SN 2005fr,--,FALSE,
SN2005fs,SN 2005fs,--,FALSE,
SN2005ft,SN 2005ft,--,FALSE,
SN2005fv,SN 2005fv,--,FALSE,
SN2005fw,SN 2005fw,--,FALSE,
SN2005fx,SN 2005fx,--,FALSE,
SN2005fz,SN 2005fz,--,FALSE,
SN2005ga,SN 2005ga,--,FALSE,
SN2005gb,SN 2005gb,--,FALSE,
SN2005gc,SN 2005gc,--,FALSE,
SN2005gf,SN 2005gf,--,FALSE,
SN2005gg,SN 2005gg,--,FALSE,
SN2005go,SN 2005go,--,FALSE,
SN2005gp,SN 2005gp,--,FALSE,
SN2005gq,SN 2005gq,--,FALSE,
SN2005gr,SN 2005gr,--,FALSE,
SN2005gt,SN 2005gt,--,FALSE,
SN2005gw,SN 2005gw,--,FALSE,
SN2005gx,SN 2005gx,--,FALSE,
SN2005hc,SN 2005hc,--,FALSE,
SN2005hj,SN 2005hj,--,FALSE,
SN2005hk,SN 2005hk,--,FALSE,
SN2005hn,SN 2005hn,--,FALSE,
SN2005ho,SN 2005ho,--,FALSE,
SN2005hr,SN 2005hr,--,FALSE,
SN2005hs,SN 2005hs,--,FALSE,
SN2005hu,SN 2005hu,--,FALSE,
SN2005hv,SN 2005hv,--,FALSE,
SN2005hy,SN 2005hy,--,FALSE,
SN2005hz,SN 2005hz,--,FALSE,
SN2005ia,SN 2005ia,--,FALSE,
SN2005ib,SN 2005ib,--,FALSE,
SN2005id,SN 2005id,--,FALSE,
SN2005ie,SN 2005ie,--,FALSE,
SN2005if,SN 2005if,--,FALSE,
SN2005ih,SN 2005ih,--,FALSE,
SN2005ij,SN 2005ij,--,FALSE,
SN2005in,SN 2005in,--,FALSE,
SN2005ir,SN 2005ir,--,FALSE,
SN2005is,SN 2005is,--,FALSE,
SN2005iy,SN 2005iy,--,FALSE,
SN2005jc,SN 2005jc,--,FALSE,
SN2005jd,SN 2005jd,--,FALSE,
SN2005jg,SN 2005jg,--,FALSE,
SN2005jj,SN 2005jj,--,FALSE,
SN2005jn,SN 2005jn,--,FALSE,
SN2005jo,SN 2005jo,--,FALSE,
SN2005jp,SN 2005jp,--,FALSE,
SN2005jr,SN 2005jr,--,FALSE,
SN2005jw,SN 2005jw,--,FALSE,
SN2005jy,SN 2005jy,--,FALSE,
SN2005jz,SN 2005jz,--,FALSE,
SN2005ka,SN 2005ka,--,FALSE,
SN2005kg,SN 2005kg,--,FALSE,
SN2005ko,SN 2005ko,--,FALSE,
SN2005kp,SN 2005kp,--,FALSE,
SN2005kq,SN 2005kq,--,FALSE,
SN2005kt,SN 2005kt,--,FALSE,
SN2005ku,SN 2005ku,--,FALSE,
SN2005ky,SN 2005ky,--,FALSE,
SN2005L,SN 2005L,--,FALSE,
SN2005ld,SN 2005ld,--,FALSE,
SN2005lg,SN 2005lg,--,FALSE,
SN2005lh,SN 2005lh,--,FALSE,
SN2005lj,SN 2005lj,--,FALSE,
SN2005lm,SN 2005lm,--,FALSE,
SN2005ln,SN 2005ln,--,FALSE,
SN2005lo,SN 2005lo,--,FALSE,
SN2005lp,SN 2005lp,--,FALSE,
SN2005ml,SN 2005ml,--,FALSE,
SN2005mm,SN 2005mm,--,FALSE,
SN2005mn,SN 2005mn,--,FALSE,
SN2005mo,SN 2005mo,--,FALSE,
SN2005mp,SN 2005mp,--,FALSE,
SN2005mq,SN 2005mq,--,FALSE,
SN2005mr,SN 2005mr,--,FALSE,
SN2005P,SN 2005P,--,FALSE,
SN2006ac,SN 2006ac,--,FALSE,
SN2006al,SN 2006al,--,FALSE,
SN2006ap,SN 2006ap,--,FALSE,
SN2006ax,SN 2006ax,--,FALSE,
SN2006az,SN 2006az,--,FALSE,
SN2006B,SN 2006B,--,FALSE,
SN2006bm,SN 2006bm,--,FALSE,
SN2006br,SN 2006br,--,FALSE,
SN2006bu,SN 2006bu,--,FALSE,
SN2006cc,SN 2006cc,--,FALSE,
SN2006ch,SN 2006ch,--,FALSE,
SN2006cj,SN 2006cj,--,FALSE,
SN2006cm,SN 2006cm,--,FALSE,
SN2006cz,SN 2006cz,--,FALSE,
SN2006D,SN 2006D,--,FALSE,
SN2006dd,SN 2006dd,--,FALSE,
SN2006dm,SN 2006dm,--,FALSE,
SN2006eb,SN 2006eb,--,FALSE,
SN2006ef,SN 2006ef,--,FALSE,
SN2006ej,SN 2006ej,--,FALSE,
SN2006em,SN 2006em,--,FALSE,
SN2006en,SN 2006en,--,FALSE,
SN2006eq,SN 2006eq,--,FALSE,
SN2006er,SN 2006er,--,FALSE,
SN2006eu,SN 2006eu,--,FALSE,
SN2006ew,SN 2006ew,--,FALSE,
SN2006ex,SN 2006ex,--,FALSE,
SN2006ey,SN 2006ey,--,FALSE,
SN2006fb,SN 2006fb,--,FALSE,
SN2006fd,SN 2006fd,--,FALSE,
SN2006fe,SN 2006fe,--,FALSE,
SN2006fi,SN 2006fi,--,FALSE,
SN2006fk,SN 2006fk,--,FALSE,
SN2006fm,SN 2006fm,--,FALSE,
SN2006fn,SN 2006fn,--,FALSE,
SN2006fr,SN 2006fr,--,FALSE,
SN2006fs,SN 2006fs,--,FALSE,
SN2006fv,SN 2006fv,--,FALSE,
SN2006fx,SN 2006fx,--,FALSE,
SN2006fy,SN 2006fy,--,FALSE,
SN2006fz,SN 2006fz,--,FALSE,
SN2006ga,SN 2006ga,--,FALSE,
SN2006gb,SN 2006gb,--,FALSE,
SN2006ge,SN 2006ge,--,FALSE,
SN2006gf,SN 2006gf,--,FALSE,
SN2006gg,SN 2006gg,--,FALSE,
SN2006gh,SN 2006gh,--,FALSE,
SN2006gl,SN 2006gl,--,FALSE,
SN2006gm,SN 2006gm,--,FALSE,
SN2006go,SN 2006go,--,FALSE,
SN2006gu,SN 2006gu,--,FALSE,
SN2006gv,SN 2006gv,--,FALSE,
SN2006hb,SN 2006hb,--,FALSE,
SN2006hd,SN 2006hd,--,FALSE,
SN2006he,SN 2006he,--,FALSE,
SN2006hf,SN 2006hf,--,FALSE,
SN2006hi,SN 2006hi,--,FALSE,
SN2006hj,SN 2006hj,--,FALSE,
SN2006hk,SN 2006hk,--,FALSE,
SN2006hl,SN 2006hl,--,FALSE,
SN2006hn,SN 2006hn,--,FALSE,
SN2006hq,SN 2006hq,--,FALSE,
SN2006hr,SN 2006hr,--,FALSE,
SN2006hs,SN 2006hs,--,FALSE,
SN2006ht,SN 2006ht,--,FALSE,
SN2006hu,SN 2006hu,--,FALSE,
SN2006hw,SN 2006hw,--,FALSE,
SN2006hx,SN 2006hx,--,FALSE,
SN2006hy,SN 2006hy,--,FALSE,
SN2006ib,SN 2006ib,--,FALSE,
SN2006iy,SN 2006iy,--,FALSE,
SN2006iz,SN 2006iz,--,FALSE,
SN2006ja,SN 2006ja,--,FALSE,
SN2006jg,SN 2006jg,--,FALSE,
SN2006jh,SN 2006jh,--,FALSE,
SN2006jj,SN 2006jj,--,FALSE,
SN2006jm,SN 2006jm,--,FALSE,
SN2006jq,SN 2006jq,--,FALSE,
SN2006jr,SN 2006jr,--,FALSE,
SN2006jt,SN 2006jt,--,FALSE,
SN2006ju,SN 2006ju,--,FALSE,
SN2006jv,SN 2006jv,--,FALSE,
SN2006jw,SN 2006jw,--,FALSE,
SN2006jx,SN 2006jx,--,FALSE,
SN2006jy,SN 2006jy,--,FALSE,
SN2006jz,SN 2006jz,--,FALSE,
SN2006ka,SN 2006ka,--,FALSE,
SN2006kd,SN 2006kd,--,FALSE,
SN2006ke,SN 2006ke,--,FALSE,
SN2006kj,SN 2006kj,--,FALSE,
SN2006kk,SN 2006kk,--,FALSE,
SN2006kl,SN 2006kl,--,FALSE,
SN2006km,SN 2006km,--,FALSE,
SN2006kp,SN 2006kp,--,FALSE,
SN2006kr,SN 2006kr,--,FALSE,
SN2006ku,SN 2006ku,--,FALSE,
SN2006kw,SN 2006kw,--,FALSE,
SN2006kx,SN 2006kx,--,FALSE,
SN2006la,SN 2006la,--,FALSE,
SN2006lj,SN 2006lj,--,FALSE,
SN2006lk,SN 2006lk,--,FALSE,
SN2006ll,SN 2006ll,--,FALSE,
SN2006lm,SN 2006lm,--,FALSE,
SN2006lo,SN 2006lo,--,FALSE,
SN2006lp,SN 2006lp,--,FALSE,
SN2006lw,SN 2006lw,--,FALSE,
SN2006lx,SN 2006lx,--,FALSE,
SN2006ly,SN 2006ly,--,FALSE,
SN2006mb,SN 2006mb,--,FALSE,
SN2006mc,SN 2006mc,--,FALSE,
SN2006md,SN 2006md,--,FALSE,
SN2006me,SN 2006me,--,FALSE,
SN2006mf,SN 2006mf,--,FALSE,
SN2006mg,SN 2006mg,--,FALSE,
SN2006mi,SN 2006mi,--,FALSE,
SN2006mj,SN 2006mj,--,FALSE,
SN2006mk,SN 2006mk,--,FALSE,
SN2006ml,SN 2006ml,--,FALSE,
SN2006mm,SN 2006mm,--,FALSE,
SN2006mn,SN 2006mn,--,FALSE,
SN2006mt,SN 2006mt,--,FALSE,
SN2006mv,SN 2006mv,--,FALSE,
SN2006mz,SN 2006mz,--,FALSE,
SN2006na,SN 2006na,--,FALSE,
SN2006nb,SN 2006nb,--,FALSE,
SN2006nc,SN 2006nc,--,FALSE,
SN2006nd,SN 2006nd,--,FALSE,
SN2006ne,SN 2006ne,--,FALSE,
SN2006nf,SN 2006nf,--,FALSE,
SN2006ni,SN 2006ni,--,FALSE,
SN2006nk,SN 2006nk,--,FALSE,
SN2006nl,SN 2006nl,--,FALSE,
SN2006nn,SN 2006nn,--,FALSE,
SN2006no,SN 2006no,--,FALSE,
SN2006np,SN 2006np,--,FALSE,
SN2006nt,SN 2006nt,--,FALSE,
SN2006nu,SN 2006nu,--,FALSE,
SN2006nv,SN 2006nv,--,FALSE,
SN2006nw,SN 2006nw,--,FALSE,
SN2006nz,SN 2006nz,--,FALSE,
SN2006ob,SN 2006ob,--,FALSE,
SN2006oc,SN 2006oc,--,FALSE,
SN2006oe,SN 2006oe,--,FALSE,
SN2006oi,SN 2006oi,--,FALSE,
SN2006oj,SN 2006oj,--,FALSE,
SN2006ok,SN 2006ok,--,FALSE,
SN2006ol,SN 2006ol,--,FALSE,
SN2006om,SN 2006om,--,FALSE,
SN2006op,SN 2006op,--,FALSE,
SN2006oy,SN 2006oy,--,FALSE,
SN2006pa,SN 2006pa,--,FALSE,
SN2006pb,SN 2006pb,--,FALSE,
SN2006pd,SN 2006pd,--,FALSE,
SN2006pe,SN 2006pe,--,FALSE,
SN2006pf,SN 2006pf,--,FALSE,
SN2006pg,SN 2006pg,--,FALSE,
SN2006pi,SN 2006pi,--,FALSE,
SN2006pj,SN 2006pj,--,FALSE,
SN2006pk,SN 2006pk,--,FALSE,
SN2006pl,SN 2006pl,--,FALSE,
SN2006pm,SN 2006pm,--,FALSE,
SN2006pn,SN 2006pn,--,FALSE,
SN2006pp,SN 2006pp,--,FALSE,
SN2006pq,SN 2006pq,--,FALSE,
SN2006ps,SN 2006ps,--,FALSE,
SN2006pt,SN 2006pt,--,FALSE,
SN2006pv,SN 2006pv,--,FALSE,
SN2006pw,SN 2006pw,--,FALSE,
SN2006px,SN 2006px,--,FALSE,
SN2006py,SN 2006py,--,FALSE,
SN2006qa,SN 2006qa,--,FALSE,
SN2006qb,SN 2006qb,--,FALSE,
SN2006qd,SN 2006qd,--,FALSE,
SN2006qg,SN 2006qg,--,FALSE,
SN2006qh,SN 2006qh,--,FALSE,
SN2006qi,SN 2006qi,--,FALSE,
SN2006ql,SN 2006ql,--,FALSE,
SN2006qs,SN 2006qs,--,FALSE,
SN2006qw,SN 2006qw,--,FALSE,
SN2006R,SN 2006R,--,FALSE,
SN2006rm,SN 2006rm,--,FALSE,
SN2006ro,SN 2006ro,--,FALSE,
SN2006rr,SN 2006rr,--,FALSE,
SN2006rv,SN 2006rv,--,FALSE,
SN2006sb,SN 2006sb,--,FALSE,
SN2006sc,SN 2006sc,--,FALSE,
SN2006sd,SN 2006sd,--,FALSE,
SN2006se,SN 2006se,--,FALSE,
SN2006sf,SN 2006sf,--,FALSE,
SN2006sg,SN 2006sg,--,FALSE,
SN2006sh,SN 2006sh,--,FALSE,
SN2006si,SN 2006si,--,FALSE,
SN2006sj,SN 2006sj,--,FALSE,
SN2006sk,SN 2006sk,--,FALSE,
SN2006sm,SN 2006sm,--,FALSE,
SN2006so,SN 2006so,--,FALSE,
SN2006sp,SN 2006sp,--,FALSE,
SN2006sr,SN 2006sr,--,FALSE,
SN2006su,SN 2006su,--,FALSE,
SN2006sw,SN 2006sw,--,FALSE,
SN2006sz,SN 2006sz,--,FALSE,
SN2006ta,SN 2006ta,--,FALSE,
SN2006tb,SN 2006tb,--,FALSE,
SN2006tc,SN 2006tc,--,FALSE,
SN2006te,SN 2006te,--,FALSE,
SN2006tj,SN 2006tj,--,FALSE,
SN2006tk,SN 2006tk,--,FALSE,
SN2006tl,SN 2006tl,--,FALSE,
SN2006tn,SN 2006tn,--,FALSE,
SN2006tp,SN 2006tp,--,FALSE,
SN2006tr,SN 2006tr,--,FALSE,
SN2006ts,SN 2006ts,--,FALSE,
SN2006tu,SN 2006tu,--,FALSE,
SN2006tv,SN 2006tv,--,FALSE,
SN2006tx,SN 2006tx,--,FALSE,
SN2006ty,SN 2006ty,--,FALSE,
SN2006ua,SN 2006ua,--,FALSE,
SN2006ub,SN 2006ub,--,FALSE,
SN2006X,SN 2006X,--,FALSE,
SN2006Z,SN 2006Z,--,FALSE,
SN2007ae,SN 2007ae,--,FALSE,
SN2007af,SN 2007af,--,FALSE,
SN2007ar,SN 2007ar,--,FALSE,
SN2007au,SN 2007au,--,FALSE,
SN2007ax,SN 2007ax,--,FALSE,
SN2007bj,SN 2007bj,--,FALSE,
SN2007cv,SN 2007cv,--,FALSE,
SN2007da,SN 2007da,--,FALSE,
SN2007dd,SN 2007dd,--,FALSE,
SN2007de,SN 2007de,--,FALSE,
SN2007dh,SN 2007dh,--,FALSE,
SN2007di,SN 2007di,--,FALSE,
SN2007dj,SN 2007dj,--,FALSE,
SN2007do,SN 2007do,--,FALSE,
SN2007dr,SN 2007dr,--,FALSE,
SN2007dt,SN 2007dt,--,FALSE,
SN2007du,SN 2007du,--,FALSE,
SN2007dx,SN 2007dx,--,FALSE,
SN2007E,SN 2007E,--,FALSE,
SN2007ec,SN 2007ec,--,FALSE,
SN2007fd,SN 2007fd,--,FALSE,
SN2007fr,SN 2007fr,--,FALSE,
SN2007fu,SN 2007fu,--,FALSE,
SN2007gi,SN 2007gi,--,FALSE,
SN2007gt,SN 2007gt,--,FALSE,
SN2007hb,SN 2007hb,--,FALSE,
SN2007hq,SN 2007hq,--,FALSE,
SN2007hx,SN 2007hx,--,FALSE,
SN2007hy,SN 2007hy,--,FALSE,
SN2007ia,SN 2007ia,--,FALSE,
SN2007ic,SN 2007ic,--,FALSE,
SN2007ie,SN 2007ie,--,FALSE,
SN2007ij,SN 2007ij,--,FALSE,
SN2007ik,SN 2007ik,--,FALSE,
SN2007im,SN 2007im,--,FALSE,
SN2007io,SN 2007io,--,FALSE,
SN2007ip,SN 2007ip,--,FALSE,
SN2007ix,SN 2007ix,--,FALSE,
SN2007iy,SN 2007iy,--,FALSE,
SN2007jb,SN 2007jb,--,FALSE,
SN2007jd,SN 2007jd,--,FALSE,
SN2007je,SN 2007je,--,FALSE,
SN2007jg,SN 2007jg,--,FALSE,
SN2007jh,SN 2007jh,--,FALSE,
SN2007ji,SN 2007ji,--,FALSE,
SN2007jj,SN 2007jj,--,FALSE,
SN2007jk,SN 2007jk,--,FALSE,
SN2007jo,SN 2007jo,--,FALSE,
SN2007jp,SN 2007jp,--,FALSE,
SN2007jr,SN 2007jr,--,FALSE,
SN2007jt,SN 2007jt,--,FALSE,
SN2007ju,SN 2007ju,--,FALSE,
SN2007jv,SN 2007jv,--,FALSE,
SN2007jw,SN 2007jw,--,FALSE,
SN2007jy,SN 2007jy,--,FALSE,
SN2007jz,SN 2007jz,--,FALSE,
SN2007kb,SN 2007kb,--,FALSE,
SN2007kd,SN 2007kd,--,FALSE,
SN2007kg,SN 2007kg,--,FALSE,
SN2007kp,SN 2007kp,--,FALSE,
SN2007kr,SN 2007kr,--,FALSE,
SN2007kt,SN 2007kt,--,FALSE,
SN2007ku,SN 2007ku,--,FALSE,
SN2007kx,SN 2007kx,--,FALSE,
SN2007la,SN 2007la,--,FALSE,
SN2007lc,SN 2007lc,--,FALSE,
SN2007le,SN 2007le,--,FALSE,
SN2007lf,SN 2007lf,--,FALSE,
SN2007lg,SN 2007lg,--,FALSE,
SN2007lh,SN 2007lh,--,FALSE,
SN2007lk,SN 2007lk,--,FALSE,
SN2007lm,SN 2007lm,--,FALSE,
SN2007ln,SN 2007ln,--,FALSE,
SN2007lo,SN 2007lo,--,FALSE,
SN2007lp,SN 2007lp,--,FALSE,
SN2007lq,SN 2007lq,--,FALSE,
SN2007lt,SN 2007lt,--,FALSE,
SN2007lu,SN 2007lu,--,FALSE,
SN2007lv,SN 2007lv,--,FALSE,
SN2007ly,SN 2007ly,--,FALSE,
SN2007ma,SN 2007ma,--,FALSE,
SN2007mc,SN 2007mc,--,FALSE,
SN2007mg,SN 2007mg,--,FALSE,
SN2007mh,SN 2007mh,--,FALSE,
SN2007mi,SN 2007mi,--,FALSE,
SN2007mj,SN 2007mj,--,FALSE,
SN2007mn,SN 2007mn,--,FALSE,
SN2007mo,SN 2007mo,--,FALSE,
SN2007mp,SN 2007mp,--,FALSE,
SN2007mu,SN 2007mu,--,FALSE,
SN2007mv,SN 2007mv,--,FALSE,
SN2007mw,SN 2007mw,--,FALSE,
SN2007mx,SN 2007mx,--,FALSE,
SN2007my,SN 2007my,--,FALSE,
SN2007N,SN 2007N,--,FALSE,
SN2007na,SN 2007na,--,FALSE,
SN2007nb,SN 2007nb,--,FALSE,
SN2007nd,SN 2007nd,--,FALSE,
SN2007ne,SN 2007ne,--,FALSE,
SN2007nf,SN 2007nf,--,FALSE,
SN2007ni,SN 2007ni,--,FALSE,
SN2007np,SN 2007np,--,FALSE,
SN2007nt,SN 2007nt,--,FALSE,
SN2007nz,SN 2007nz,--,FALSE,
SN2007O,SN 2007O,--,FALSE,
SN2007oa,SN 2007oa,--,FALSE,
SN2007oi,SN 2007oi,--,FALSE,
SN2007oj,SN 2007oj,--,FALSE,
SN2007ol,SN 2007ol,--,FALSE,
SN2007om,SN 2007om,--,FALSE,
SN2007on,SN 2007on,--,FALSE,
SN2007oo,SN 2007oo,--,FALSE,
SN2007oq,SN 2007oq,--,FALSE,
SN2007or,SN 2007or,--,FALSE,
SN2007ot,SN 2007ot,--,FALSE,
SN2007ou,SN 2007ou,--,FALSE,
SN2007ox,SN 2007ox,--,FALSE,
SN2007oy,SN 2007oy,--,FALSE,
SN2007oz,SN 2007oz,--,FALSE,
SN2007pa,SN 2007pa,--,FALSE,
SN2007pb,SN 2007pb,--,FALSE,
SN2007pc,SN 2007pc,--,FALSE,
SN2007pe,SN 2007pe,--,FALSE,
SN2007pf,SN 2007pf,--,FALSE,
SN2007pi,SN 2007pi,--,FALSE,
SN2007pj,SN 2007pj,--,FALSE,
SN2007pp,SN 2007pp,--,FALSE,
SN2007pq,SN 2007pq,--,FALSE,
SN2007pr,SN 2007pr,--,FALSE,
SN2007ps,SN 2007ps,--,FALSE,
SN2007pt,SN 2007pt,--,FALSE,
SN2007pu,SN 2007pu,--,FALSE,
SN2007px,SN 2007px,--,FALSE,
SN2007py,SN 2007py,--,FALSE,
SN2007pz,SN 2007pz,--,FALSE,
SN2007qa,SN 2007qa,--,FALSE,
SN2007qd,SN 2007qd,--,FALSE,
SN2007qe,SN 2007qe,--,FALSE,
SN2007qf,SN 2007qf,--,FALSE,
SN2007qg,SN 2007qg,--,FALSE,
SN2007qi,SN 2007qi,--,FALSE,
SN2007qk,SN 2007qk,--,FALSE,
SN2007ql,SN 2007ql,--,FALSE,
SN2007qo,SN 2007qo,--,FALSE,
SN2007qr,SN 2007qr,--,FALSE,
SN2007qs,SN 2007qs,--,FALSE,
SN2007qt,SN 2007qt,--,FALSE,
SN2007qu,SN 2007qu,--,FALSE,
SN2007qz,SN 2007qz,--,FALSE,
SN2007R,SN 2007R,--,FALSE,
SN2007ra,SN 2007ra,--,FALSE,
SN2007rd,SN 2007rd,--,FALSE,
SN2007re,SN 2007re,--,FALSE,
SN2007rf,SN 2007rf,--,FALSE,
SN2007rg,SN 2007rg,--,FALSE,
SN2007ri,SN 2007ri,--,FALSE,
SN2007rj,SN 2007rj,--,FALSE,
SN2007rm,SN 2007rm,--,FALSE,
SN2007ro,SN 2007ro,--,FALSE,
SN2007rv,SN 2007rv,--,FALSE,
SN2007S,SN 2007S,--,FALSE,
SN2007sb,SN 2007sb,--,FALSE,
SN2007sc,SN 2007sc,--,FALSE,
SN2007si,SN 2007si,--,FALSE,
SN2007sl,SN 2007sl,--,FALSE,
SN2007sr,SN 2007sr,--,FALSE,
SN2007sw,SN 2007sw,--,FALSE,
SN2007ta,SN 2007ta,--,FALSE,
SN2007td,SN 2007td,--,FALSE,
SN2007th,SN 2007th,--,FALSE,
SN2007ti,SN 2007ti,--,FALSE,
SN2007tj,SN 2007tj,--,FALSE,
SN2007tk,SN 2007tk,--,FALSE,
SN2007tl,SN 2007tl,--,FALSE,
SN2007tm,SN 2007tm,--,FALSE,
SN2007to,SN 2007to,--,FALSE,
SN2007tp,SN 2007tp,--,FALSE,
SN2007ts,SN 2007ts,--,FALSE,
SN2007tt,SN 2007tt,--,FALSE,
SN2007tv,SN 2007tv,--,FALSE,
SN2007tw,SN 2007tw,--,FALSE,
SN2007tx,SN 2007tx,--,FALSE,
SN2007tz,SN 2007tz,--,FALSE,
SN2007ub,SN 2007ub,--,FALSE,
SN2007ud,SN 2007ud,--,FALSE,
SN2007ug,SN 2007ug,--,FALSE,
SN2007uh,SN 2007uh,--,FALSE,
SN2007ui,SN 2007ui,--,FALSE,
SN2007uk,SN 2007uk,--,FALSE,
SN2007ul,SN 2007ul,--,FALSE,
SN2007um,SN 2007um,--,FALSE,
SN2007un,SN 2007un,--,FALSE,
SN2007uo,SN 2007uo,--,FALSE,
SN2007up,SN 2007up,--,FALSE,
SN2007ur,SN 2007ur,--,FALSE,
SN2007us,SN 2007us,--,FALSE,
SN2007ut,SN 2007ut,--,FALSE,
SN2007uu,SN 2007uu,--,FALSE,
SN2007uv,SN 2007uv,--,FALSE,
SN2007uw,SN 2007uw,--,FALSE,
SN2007ux,SN 2007ux,--,FALSE,
SN2008ab,SN 2008ab,--,FALSE,
SN2008ac,SN 2008ac,--,FALSE,
SN2008ae,SN 2008ae,--,FALSE,
SN2008af,SN 2008af,--,FALSE,
SN2008ah,SN 2008ah,--,FALSE,
SN2008bg,SN 2008bg,--,FALSE,
SN2008bi,SN 2008bi,--,FALSE,
SN2008ca,SN 2008ca,--,FALSE,
SN2008cj,SN 2008cj,--,FALSE,
SN2008cl,SN 2008cl,--,FALSE,
SN2008cr,SN 2008cr,--,FALSE,
SN2008dh,SN 2008dh,--,FALSE,
SN2008dr,SN 2008dr,--,FALSE,
SN2008ds,SN 2008ds,--,FALSE,
SN2008ee,SN 2008ee,--,FALSE,
SN2008fj,SN 2008fj,--,FALSE,
SN2008fk,SN 2008fk,--,FALSE,
SN2008hd,SN 2008hd,--,FALSE,
SN2008hr,SN 2008hr,--,FALSE,
SN2008hs,SN 2008hs,--,FALSE,
SN2008hv,SN 2008hv,--,FALSE,
SN2008hz,SN 2008hz,--,FALSE,
SN2008id,SN 2008id,--,FALSE,
SN2008iq,SN 2008iq,--,FALSE,
SN2008ir,SN 2008ir,--,FALSE,
SN2008O,SN 2008O,--,FALSE,
SN2009an,SN 2009an,--,FALSE,
SN2009as,SN 2009as,--,FALSE,
SN2009cj,SN 2009cj,--,FALSE,
SN2009cn,SN 2009cn,--,FALSE,
SN2009cp,SN 2009cp,--,FALSE,
SN2009cs,SN 2009cs,--,FALSE,
SN2009cu,SN 2009cu,--,FALSE,
SN2009cx,SN 2009cx,--,FALSE,
SN2009db,SN 2009db,--,FALSE,
SN2009dg,SN 2009dg,--,FALSE,
SN2009dk,SN 2009dk,--,FALSE,
SN2009dl,SN 2009dl,--,FALSE,
SN2009du,SN 2009du,--,FALSE,
SN2009eh,SN 2009eh,--,FALSE,
SN2009eu,SN 2009eu,--,FALSE,
SN2009fj,SN 2009fj,--,FALSE,
SN2009fk,SN 2009fk,--,FALSE,
SN2009fl,SN 2009fl,--,FALSE,
SN2009gf,SN 2009gf,--,FALSE,
SN2009hn,SN 2009hn,--,FALSE,
SN2009hw,SN 2009hw,--,FALSE,
SN2009iv,SN 2009iv,--,FALSE,
SN2009iy,SN 2009iy,--,FALSE,
SN2009ko,SN 2009ko,--,FALSE,
SN2009ku,SN 2009ku,--,FALSE,
SN2009kv,SN 2009kv,--,FALSE,
SN2009kw,SN 2009kw,--,FALSE,
SN2009kx,SN 2009kx,--,FALSE,
SN2009ky,SN 2009ky,--,FALSE,
SN2009kz,SN 2009kz,--,FALSE,
SN2009L,SN 2009L,--,FALSE,
SN2009me,SN 2009me,--,FALSE,
SN2009ml,SN 2009ml,--,FALSE,
SN2009ms,SN 2009ms,--,FALSE,
SN2009mt,SN 2009mt,--,FALSE,
SN2009ni,SN 2009ni,--,FALSE,
SN2010ar,SN 2010ar,--,FALSE,
SN2010bu,SN 2010bu,--,FALSE,
SN2010dl,SN 2010dl,--,FALSE,
SN2010ex,SN 2010ex,--,FALSE,
SN2010fa,SN 2010fa,--,FALSE,
SN2010fb,SN 2010fb,--,FALSE,
SN2010fc,SN 2010fc,--,FALSE,
SN2010fe,SN 2010fe,--,FALSE,
SN2010fh,SN 2010fh,--,FALSE,
SN2010fn,SN 2010fn,--,FALSE,
SN2010fs,SN 2010fs,--,FALSE,
SN2010kn,SN 2010kn,--,FALSE,
SN2011fw,SN 2011fw,--,FALSE,
SN2011H,SN 2011H,--,FALSE,
SNF20080522-000,SNF 20080522-000,--,FALSE,
SNLS-03D1ar,SNLS 03D1ar,--,FALSE,
SNLS-03D1aw,SNLS 03D1aw,--,FALSE,
SNLS-03D1ax,SNLS 03D1ax,--,FALSE,
SNLS-03D1bf,SNLS 03D1bf,--,FALSE,
SNLS-03D1bm,SNLS 03D1bm,--,FALSE,
SNLS-03D1cm,SNLS 03D1cm,--,FALSE,
SNLS-03D1fl,SNLS 03D1fl,--,FALSE,
SNLS-03D3ay,SNLS 03D3ay,--,FALSE,
SNLS-03D4at,SNLS 03D4at,--,FALSE,
SNLS-03D4bc,SNLS 03D4bc,--,FALSE,
SNLS-03D4cn,SNLS 03D4cn,--,FALSE,
SNLS-03D4cz,SNLS 03D4cz,--,FALSE,
SNLS-03D4dh,SNLS 03D4dh,--,FALSE,
SNLS-03D4di,SNLS 03D4di,--,FALSE,
SNLS-03D4dy,SNLS 03D4dy,--,FALSE,
SNLS-03D4fd,SNLS 03D4fd,--,FALSE,
SNLS-04D1ag,SNLS 04D1ag,--,FALSE,
SNLS-04D1aj,SNLS 04D1aj,--,FALSE,
SNLS-04D1ak,SNLS 04D1ak,--,FALSE,
SNLS-04D1de,SNLS 04D1de,--,FALSE,
SNLS-04D1ff,SNLS 04D1ff,--,FALSE,
SNLS-04D1hd,SNLS 04D1hd,--,FALSE,
SNLS-04D1hy,SNLS 04D1hy,--,FALSE,
SNLS-04D1iv,SNLS 04D1iv,--,FALSE,
SNLS-04D1jd,SNLS 04D1jd,--,FALSE,
SNLS-04D1jg,SNLS 04D1jg,--,FALSE,
SNLS-04D1ow,SNLS 04D1ow,--,FALSE,
SNLS-04D1pp,SNLS 04D1pp,--,FALSE,
SNLS-04D1qd,SNLS 04D1qd,--,FALSE,
SNLS-04D1rx,SNLS 04D1rx,--,FALSE,
SNLS-04D1sa,SNLS 04D1sa,--,FALSE,
SNLS-04D1si,SNLS 04D1si,--,FALSE,
SNLS-04D2ae,SNLS 04D2ae,--,FALSE,
SNLS-04D2bt,SNLS 04D2bt,--,FALSE,
SNLS-04D2ca,SNLS 04D2ca,--,FALSE,
SNLS-04D2cc,SNLS 04D2cc,--,FALSE,
SNLS-04D2cf,SNLS 04D2cf,--,FALSE,
SNLS-04D2kr,SNLS 04D2kr,--,FALSE,
SNLS-04D2mj,SNLS 04D2mj,--,FALSE,
SNLS-04D3co,SNLS 04D3co,--,FALSE,
SNLS-04D3dd,SNLS 04D3dd,--,FALSE,
SNLS-04D3df,SNLS 04D3df,--,FALSE,
SNLS-04D3do,SNLS 04D3do,--,FALSE,
SNLS-04D3fq,SNLS 04D3fq,--,FALSE,
SNLS-04D3nc,SNLS 04D3nc,--,FALSE,
SNLS-04D3oe,SNLS 04D3oe,--,FALSE,
SNLS-04D4bq,SNLS 04D4bq,--,FALSE,
SNLS-04D4dm,SNLS 04D4dm,--,FALSE,
SNLS-04D4dw,SNLS 04D4dw,--,FALSE,
SNLS-04D4fx,SNLS 04D4fx,--,FALSE,
SNLS-04D4gg,SNLS 04D4gg,--,FALSE,
SNLS-04D4hf,SNLS 04D4hf,--,FALSE,
SNLS-04D4ht,SNLS 04D4ht,--,FALSE,
SNLS-04D4hu,SNLS 04D4hu,--,FALSE,
SNLS-04D4ib,SNLS 04D4ib,--,FALSE,
SNLS-04D4ic,SNLS 04D4ic,--,FALSE,
SNLS-04D4id,SNLS 04D4id,--,FALSE,
SNLS-04D4in,SNLS 04D4in,--,FALSE,
SNLS-04D4jr,SNLS 04D4jr,--,FALSE,
SNLS-04D4jw,SNLS 04D4jw,--,FALSE,
SNLS-05D1az,SNLS 05D1az,--,FALSE,
SNLS-05D1cb,SNLS 05D1cb,--,FALSE,
SNLS-05D1cc,SNLS 05D1cc,--,FALSE,
SNLS-05D1cl,SNLS 05D1cl,--,FALSE,
SNLS-05D1eo,SNLS 05D1eo,--,FALSE,
SNLS-05D1ix,SNLS 05D1ix,--,FALSE,
SNLS-05D1iy,SNLS 05D1iy,--,FALSE,
SNLS-05D1iz,SNLS 05D1iz,--,FALSE,
SNLS-05D1ke,SNLS 05D1ke,--,FALSE,
SNLS-05D2ab,SNLS 05D2ab,--,FALSE,
SNLS-05D2ac,SNLS 05D2ac,--,FALSE,
SNLS-05D2ah,SNLS 05D2ah,--,FALSE,
SNLS-05D2ay,SNLS 05D2ay,--,FALSE,
SNLS-05D2bv,SNLS 05D2bv,--,FALSE,
SNLS-05D2by,SNLS 05D2by,--,FALSE,
SNLS-05D2cb,SNLS 05D2cb,--,FALSE,
SNLS-05D2ci,SNLS 05D2ci,--,FALSE,
SNLS-05D2dw,SNLS 05D2dw,--,FALSE,
SNLS-05D2eb,SNLS 05D2eb,--,FALSE,
SNLS-05D2ec,SNLS 05D2ec,--,FALSE,
SNLS-05D2ei,SNLS 05D2ei,--,FALSE,
SNLS-05D2fq,SNLS 05D2fq,--,FALSE,
SNLS-05D2he,SNLS 05D2he,--,FALSE,
SNLS-05D2ja,SNLS 05D2ja,--,FALSE,
SNLS-05D2nn,SNLS 05D2nn,--,FALSE,
SNLS-05D3ax,SNLS 05D3ax,--,FALSE,
SNLS-05D3ci,SNLS 05D3ci,--,FALSE,
SNLS-05D3cx,SNLS 05D3cx,--,FALSE,
SNLS-05D3gp,SNLS 05D3gp,--,FALSE,
SNLS-05D3gy,SNLS 05D3gy,--,FALSE,
SNLS-05D3ha,SNLS 05D3ha,--,FALSE,
SNLS-05D3hq,SNLS 05D3hq,--,FALSE,
SNLS-05D3jb,SNLS 05D3jb,--,FALSE,
SNLS-05D3jh,SNLS 05D3jh,--,FALSE,
SNLS-05D3jk,SNLS 05D3jk,--,FALSE,
SNLS-05D3jq,SNLS 05D3jq,--,FALSE,
SNLS-05D3kt,SNLS 05D3kt,--,FALSE,
SNLS-05D3lr,SNLS 05D3lr,--,FALSE,
SNLS-05D3mq,SNLS 05D3mq,--,FALSE,
SNLS-05D3ne,SNLS 05D3ne,--,FALSE,
SNLS-05D4af,SNLS 05D4af,--,FALSE,
SNLS-05D4av,SNLS 05D4av,--,FALSE,
SNLS-05D4ay,SNLS 05D4ay,--,FALSE,
SNLS-05D4be,SNLS 05D4be,--,FALSE,
SNLS-05D4bj,SNLS 05D4bj,--,FALSE,
SNLS-05D4bm,SNLS 05D4bm,--,FALSE,
SNLS-05D4cn,SNLS 05D4cn,--,FALSE,
SNLS-05D4cs,SNLS 05D4cs,--,FALSE,
SNLS-05D4dt,SNLS 05D4dt,--,FALSE,
SNLS-05D4dw,SNLS 05D4dw,--,FALSE,
SNLS-05D4dy,SNLS 05D4dy,--,FALSE,
SNLS-05D4ef,SNLS 05D4ef,--,FALSE,
SNLS-05D4ej,SNLS 05D4ej,--,FALSE,
SNLS-05D4fe,SNLS 05D4fe,--,FALSE,
SNLS-05D4ff,SNLS 05D4ff,--,FALSE,
SNLS-05D4fg,SNLS 05D4fg,--,FALSE,
SNLS-05D4gw,SNLS 05D4gw,--,FALSE,
SNLS-06D1ab,SNLS 06D1ab,--,FALSE,
SNLS-06D2ag,SNLS 06D2ag,--,FALSE,
SNLS-06D2bk,SNLS 06D2bk,--,FALSE,
SNLS-06D2ca,SNLS 06D2ca,--,FALSE,
SNLS-06D2cc,SNLS 06D2cc,--,FALSE,
SNLS-06D2cd,SNLS 06D2cd,--,FALSE,
SNLS-06D2ce,SNLS 06D2ce,--,FALSE,
SNLS-06D2ck,SNLS 06D2ck,--,FALSE,
SNLS-06D2fb,SNLS 06D2fb,--,FALSE,
SNLS-06D2ff,SNLS 06D2ff,--,FALSE,
SNLS-06D2ga,SNLS 06D2ga,--,FALSE,
SNLS-06D2gb,SNLS 06D2gb,--,FALSE,
SNLS-06D3cb,SNLS 06D3cb,--,FALSE,
SNLS-06D3cc,SNLS 06D3cc,--,FALSE,
SNLS-06D3df,SNLS 06D3df,--,FALSE,
SNLS-06D3dl,SNLS 06D3dl,--,FALSE,
SNLS-06D3dt,SNLS 06D3dt,--,FALSE,
SNLS-06D3ed,SNLS 06D3ed,--,FALSE,
SNLS-06D3el,SNLS 06D3el,--,FALSE,
SNLS-06D3en,SNLS 06D3en,--,FALSE,
SNLS-06D3et,SNLS 06D3et,--,FALSE,
SNLS-06D3fp,SNLS 06D3fp,--,FALSE,
SNLS-06D3gh,SNLS 06D3gh,--,FALSE,
SNLS-06D3gn,SNLS 06D3gn,--,FALSE,
SNLS-06D3gx,SNLS 06D3gx,--,FALSE,
SNLS-06D4ba,SNLS 06D4ba,--,FALSE,
SNLS-06D4bo,SNLS 06D4bo,--,FALSE,
SNLS-06D4bw,SNLS 06D4bw,--,FALSE,
SNLS-06D4ce,SNLS 06D4ce,--,FALSE,
SNLS-06D4cl,SNLS 06D4cl,--,FALSE,
SNLS-06D4cq,SNLS 06D4cq,--,FALSE,
SNLS-06D4dh,SNLS 06D4dh,--,FALSE,
SDSS-II SN 16121,SDSS-II SN 16121,0.012,TRUE,
SDSS-II SN 13144,SDSS-II SN 13144,0.026,TRUE,
SDSS-II SN 14963,SDSS-II SN 14963,0.026,TRUE,
SDSS-II SN 4417,SDSS-II SN 04417,0.028,TRUE,
SDSS-II SN 3674,SDSS-II SN 03674,0.035,TRUE,ok
SDSS-II SN 16356,SDSS-II SN 16356,0.062,TRUE,
SDSS-II SN 16976,SDSS-II SN 16976,0.064,TRUE,
SDSS-II SN 21875,SDSS-II SN 21875,0.066,TRUE,
SDSS-II SN 18459,SDSS-II SN 18459,0.068,TRUE,
PS1-11fi,PS1-11fi,0.082,TRUE,
SDSS-II SN 14528,SDSS-II SN 14528,0.088,TRUE,
SDSS-II SN 3205,SDSS-II SN 03205,0.091,TRUE,ok
SDSS-II SN 4639,SDSS-II SN 04639,0.106,TRUE,ok
SDSS-II SN 16973,SDSS-II SN 16973,0.106,TRUE,
PS1-11yj,PS1-11yj,0.107,TRUE,
SDSS-II SN 6491,SDSS-II SN 06491,0.1104,TRUE,ok
SDSS-II SN 18275,SDSS-II SN 18275,0.111,TRUE,
SDSS-II SN 18175,SDSS-II SN 18175,0.113,TRUE,
SDSS-II SN 14419,SDSS-II SN 14419,0.116,TRUE,
SDSS-II SN 8216,SDSS-II SN 08216,0.118,TRUE,ok
SDSS-II SN 16455,SDSS-II SN 16455,0.12,TRUE,
SDSS-II SN 13729,SDSS-II SN 13729,0.123,TRUE,
SDSS-II SN 14455,SDSS-II SN 14455,0.125,TRUE,
SDSS-II SN 1378,SDSS-II SN 01378,0.12587,TRUE,ok
SDSS-II SN 14467,SDSS-II SN 14467,0.126,TRUE,
SDSS-II SN 15697,SDSS-II SN 15697,0.127,TRUE,
SDSS-II SN 14231,SDSS-II SN 14231,0.129,TRUE,
SDSS-II SN 14821,SDSS-II SN 14821,0.13,TRUE,
SDSS-II SN 14346,SDSS-II SN 14346,0.132,TRUE,
SDSS-II SN 19467,SDSS-II SN 19467,0.135,TRUE,
SDSS-II SN 11181,SDSS-II SN 11181,0.136,TRUE,
SDSS-II SN 15946,SDSS-II SN 15946,0.139,TRUE,
SDSS-II SN 15655,SDSS-II SN 15655,0.148,TRUE,
SDSS-II SN 19346,SDSS-II SN 19346,0.149,TRUE,
SDSS-II SN 7736,SDSS-II SN 07736,0.153,TRUE,
SDSS-II SN 7804,SDSS-II SN 07804,0.154,TRUE,
SDSS-II SN 14925,SDSS-II SN 14925,0.154,TRUE,
SDSS-II SN 19825,SDSS-II SN 19825,0.154,TRUE,
SDSS-II SN 1825,SDSS-II SN 01825,0.155993,TRUE,
SDSS-II SN 13896,SDSS-II SN 13896,0.157,TRUE,
SDSS-II SN 21381,SDSS-II SN 21381,0.158,TRUE,
PS1-11bk,PS1-11bk,0.16,TRUE,
SDSS-II SN 19739,SDSS-II SN 19739,0.162,TRUE,
SDSS-II SN 18917,SDSS-II SN 18917,0.163,TRUE,
SDSS-II SN 5247,SDSS-II SN 05247,0.165,TRUE,
SDSS-II SN 6889,SDSS-II SN 06889,0.166,TRUE,
SDSS-II SN 15719,SDSS-II SN 15719,0.168,TRUE,
SDSS-II SN 12978,SDSS-II SN 12978,0.17,TRUE,
SDSS-II SN 18468,SDSS-II SN 18468,0.171,TRUE,
PS1-11w,PS1-11w,0.174,TRUE,
SDSS-II SN 7699,SDSS-II SN 07699,0.175,TRUE,
SDSS-II SN 14523,SDSS-II SN 14523,0.175,TRUE,
SDSS-II SN 9052,SDSS-II SN 09052,0.177,TRUE,
SDSS-II SN 7803,SDSS-II SN 07803,0.184,TRUE,
SDSS-II SN 5925,SDSS-II SN 05925,0.184,TRUE,
SDSS-II SN 11314,SDSS-II SN 11314,0.184,TRUE,
SDSS-II SN 5595,SDSS-II SN 05595,0.185,TRUE,
SDSS-II SN 18333,SDSS-II SN 18333,0.187,TRUE,
SDSS-II SN 15779,SDSS-II SN 15779,0.189,TRUE,
SDSS-II SN 13465,SDSS-II SN 13465,0.19,TRUE,
SDSS-II SN 18254,SDSS-II SN 18254,0.19,TRUE,
SDSS-II SN 3543,SDSS-II SN 03543,0.191,TRUE,
SDSS-II SN 4313,SDSS-II SN 04313,0.191,TRUE,
SDSS-II SN 5735,SDSS-II SN 05735,0.191,TRUE,
SDSS-II SN 9109,SDSS-II SN 09109,0.193,TRUE,
SDSS-II SN 15935,SDSS-II SN 15935,0.193,TRUE,
SDSS-II SN 16153,SDSS-II SN 16153,0.196,TRUE,
SDSS-II SN 13378,SDSS-II SN 13378,0.198,TRUE,
SDSS-II SN 15526,SDSS-II SN 15526,0.2,TRUE,
SDSS-II SN 7802,SDSS-II SN 07802,0.203,TRUE,
SDSS-II SN 15945,SDSS-II SN 15945,0.205,TRUE,
SDSS-II SN 6274,SDSS-II SN 06274,0.207366,TRUE,
SDSS-II SN 2078,SDSS-II SN 02078,0.208,TRUE,
SDSS-II SN 1823,SDSS-II SN 01823,0.212,TRUE,
SDSS-II SN 13646,SDSS-II SN 13646,0.212,TRUE,
SDSS-II SN 14883,SDSS-II SN 14883,0.212,TRUE,
SDSS-II SN 7884,SDSS-II SN 07884,0.214,TRUE,
SDSS-II SN 13333,SDSS-II SN 13333,0.214,TRUE,
SDSS-II SN 17915,SDSS-II SN 17915,0.214,TRUE,
SDSS-II SN 19821,SDSS-II SN 19821,0.214,TRUE,
SDSS-II SN 15448,SDSS-II SN 15448,0.215,TRUE,
SDSS-II SN 16111,SDSS-II SN 16111,0.215,TRUE,
SDSS-II SN 3175,SDSS-II SN 03175,0.216,TRUE,
SDSS-II SN 18362,SDSS-II SN 18362,0.216,TRUE,
SDSS-II SN 21185,SDSS-II SN 21185,0.218,TRUE,
SDSS-II SN 3889,SDSS-II SN 03889,0.219,TRUE,
SDSS-II SN 5199,SDSS-II SN 05199,0.219,TRUE,
SDSS-II SN 15525,SDSS-II SN 15525,0.219,TRUE,
SDSS-II SN 13813,SDSS-II SN 13813,0.223,TRUE,
SDSS-II SN 13615,SDSS-II SN 13615,0.224,TRUE,
SDSS-II SN 14453,SDSS-II SN 14453,0.23,TRUE,
SDSS-II SN 17527,SDSS-II SN 17527,0.23,TRUE,
SDSS-II SN 11564,SDSS-II SN 11564,0.231,TRUE,
SDSS-II SN 5363,SDSS-II SN 05363,0.234,TRUE,
SDSS-II SN 1658,SDSS-II SN 01658,0.235,TRUE,
SDSS-II SN 14567,SDSS-II SN 14567,0.235,TRUE,
SDSS-II SN 16393,SDSS-II SN 16393,0.236,TRUE,
SDSS-II SN 18189,SDSS-II SN 18189,0.237,TRUE,
SDSS-II SN 19165,SDSS-II SN 19165,0.239,TRUE,
SDSS-II SN 14268,SDSS-II SN 14268,0.24,TRUE,
SDSS-II SN 5702,SDSS-II SN 05702,0.242,TRUE,
SDSS-II SN 9218,SDSS-II SN 09218,0.242,TRUE,
SDSS-II SN 4455,SDSS-II SN 04455,0.243,TRUE,
SDSS-II SN 14438,SDSS-II SN 14438,0.243,TRUE,
SDSS-II SN 19769,SDSS-II SN 19769,0.243,TRUE,
SDSS-II SN 8264,SDSS-II SN 08264,0.244,TRUE,
SDSS-II SN 9895,SDSS-II SN 09895,0.244,TRUE,
SDSS-II SN 18253,SDSS-II SN 18253,0.244,TRUE,
SDSS-II SN 19461,SDSS-II SN 19461,0.244,TRUE,
SDSS-II SN 15496,SDSS-II SN 15496,0.245,TRUE,
SDSS-II SN 19689,SDSS-II SN 19689,0.245,TRUE,
SDSS-II SN 7056,SDSS-II SN 07056,0.246,TRUE,
SDSS-II SN 15119,SDSS-II SN 15119,0.247,TRUE,
SDSS-II SN 1750,SDSS-II SN 01750,0.248,TRUE,
SDSS-II SN 4669,SDSS-II SN 04669,0.248,TRUE,
SDSS-II SN 16148,SDSS-II SN 16148,0.249,TRUE,
SDSS-II SN 13737,SDSS-II SN 13737,0.251,TRUE,
SDSS-II SN 16937,SDSS-II SN 16937,0.251,TRUE,
SDSS-II SN 11858,SDSS-II SN 11858,0.252,TRUE,
SDSS-II SN 3065,SDSS-II SN 03065,0.256,TRUE,
SDSS-II SN 18276,SDSS-II SN 18276,0.256,TRUE,
SDSS-II SN 13476,SDSS-II SN 13476,0.257,TRUE,
SDSS-II SN 14867,SDSS-II SN 14867,0.257,TRUE,
SDSS-II SN 18948,SDSS-II SN 18948,0.257,TRUE,
SDSS-II SN 17965,SDSS-II SN 17965,0.258,TRUE,
SDSS-II SN 19338,SDSS-II SN 19338,0.258,TRUE,
SDSS-II SN 13629,SDSS-II SN 13629,0.259,TRUE,
SDSS-II SN 13784,SDSS-II SN 13784,0.259,TRUE,
SDSS-II SN 16238,SDSS-II SN 16238,0.26,TRUE,
SDSS-II SN 4206,SDSS-II SN 04206,0.262,TRUE,
SDSS-II SN 3421,SDSS-II SN 03421,0.263,TRUE,
SDSS-II SN 13734,SDSS-II SN 13734,0.263,TRUE,
SDSS-II SN 17647,SDSS-II SN 17647,0.264,TRUE,
SDSS-II SN 17337,SDSS-II SN 17337,0.265,TRUE,
SDSS-II SN 17421,SDSS-II SN 17421,0.265,TRUE,
SDSS-II SN 1783,SDSS-II SN 01783,0.266,TRUE,
SDSS-II SN 1991,SDSS-II SN 01991,0.266,TRUE,
SDSS-II SN 6816,SDSS-II SN 06816,0.266,TRUE,
SDSS-II SN 5468,SDSS-II SN 05468,0.267,TRUE,
SDSS-II SN 6560,SDSS-II SN 06560,0.269,TRUE,
SDSS-II SN 15994,SDSS-II SN 15994,0.269,TRUE,
SDSS-II SN 18993,SDSS-II SN 18993,0.269,TRUE,
SDSS-II SN 13393,SDSS-II SN 13393,0.27,TRUE,
SDSS-II SN 17433,SDSS-II SN 17433,0.27,TRUE,
SDSS-II SN 2855,SDSS-II SN 02855,0.271,TRUE,
SDSS-II SN 13168,SDSS-II SN 13168,0.271,TRUE,
SDSS-II SN 14786,SDSS-II SN 14786,0.273,TRUE,
SDSS-II SN 19399,SDSS-II SN 19399,0.273,TRUE,
SDSS-II SN 8092,SDSS-II SN 08092,0.275,TRUE,
SDSS-II SN 15291,SDSS-II SN 15291,0.276,TRUE,
SDSS-II SN 1650,SDSS-II SN 01650,0.277,TRUE,
SDSS-II SN 15417,SDSS-II SN 15417,0.277,TRUE,
SDSS-II SN 18943,SDSS-II SN 18943,0.277,TRUE,
SDSS-II SN 3983,SDSS-II SN 03983,0.279,TRUE,
SDSS-II SN 4978,SDSS-II SN 04978,0.279,TRUE,
SDSS-II SN 16582,SDSS-II SN 16582,0.279,TRUE,
SDSS-II SN 4175,SDSS-II SN 04175,0.279188,TRUE,
SDSS-II SN 4110,SDSS-II SN 04110,0.28,TRUE,
SDSS-II SN 15359,SDSS-II SN 15359,0.28,TRUE,
SDSS-II SN 17945,SDSS-II SN 17945,0.281,TRUE,
SDSS-II SN 1302,SDSS-II SN 01302,0.282,TRUE,
SDSS-II SN 4906,SDSS-II SN 04906,0.283,TRUE,
SDSS-II SN 14727,SDSS-II SN 14727,0.283,TRUE,
SDSS-II SN 1979,SDSS-II SN 01979,0.2834,TRUE,
SDSS-II SN 2149,SDSS-II SN 02149,0.284,TRUE,
SDSS-II SN 12941,SDSS-II SN 12941,0.286,TRUE,
SDSS-II SN 18374,SDSS-II SN 18374,0.286,TRUE,
SDSS-II SN 1385,SDSS-II SN 01385,0.287,TRUE,
SDSS-II SN 15419,SDSS-II SN 15419,0.287,TRUE,
SDSS-II SN 15198,SDSS-II SN 15198,0.288,TRUE,
SDSS-II SN 15226,SDSS-II SN 15226,0.2881,TRUE,
SDSS-II SN 6618,SDSS-II SN 06618,0.289,TRUE,
SDSS-II SN 17773,SDSS-II SN 17773,0.289,TRUE,
SDSS-II SN 14823,SDSS-II SN 14823,0.291,TRUE,
SDSS-II SN 16199,SDSS-II SN 16199,0.291,TRUE,
SDSS-II SN 16236,SDSS-II SN 16236,0.291,TRUE,
SDSS-II SN 11317,SDSS-II SN 11317,0.292,TRUE,
SDSS-II SN 4557,SDSS-II SN 04557,0.294,TRUE,
SDSS-II SN 2630,SDSS-II SN 02630,0.295,TRUE,
SDSS-II SN 15535,SDSS-II SN 15535,0.295,TRUE,
SDSS-II SN 15422,SDSS-II SN 15422,0.296,TRUE,
SDSS-II SN 15944,SDSS-II SN 15944,0.296,TRUE,
SDSS-II SN 14347,SDSS-II SN 14347,0.298,TRUE,
SDSS-II SN 1978,SDSS-II SN 01978,0.298054,TRUE,
SDSS-II SN 6709,SDSS-II SN 06709,0.299,TRUE,
SDSS-II SN 1342,SDSS-II SN 01342,0.299,TRUE,
SDSS-II SN 7882,SDSS-II SN 07882,0.299,TRUE,
SDSS-II SN 3150,SDSS-II SN 03150,0.3,TRUE,
PS1-11kk,PS1-11kk,0.3,TRUE,
PS1-11uw,PS1-11uw,0.3,TRUE,
SDSS-II SN 15255,SDSS-II SN 15255,0.302,TRUE,
SDSS-II SN 17423,SDSS-II SN 17423,0.303,TRUE,
SDSS-II SN 18339,SDSS-II SN 18339,0.303,TRUE,
SDSS-II SN 17851,SDSS-II SN 17851,0.304,TRUE,
SDSS-II SN 19593,SDSS-II SN 19593,0.305,TRUE,
SDSS-II SN 14343,SDSS-II SN 14343,0.307,TRUE,
SDSS-II SN 21589,SDSS-II SN 21589,0.308,TRUE,
SDSS-II SN 4229,SDSS-II SN 04229,0.309,TRUE,
SDSS-II SN 5917,SDSS-II SN 05917,0.309,TRUE,
SDSS-II SN 17395,SDSS-II SN 17395,0.31,TRUE,
SDSS-II SN 14638,SDSS-II SN 14638,0.312,TRUE,
SDSS-II SN 7499,SDSS-II SN 07499,0.313,TRUE,
SDSS-II SN 17925,SDSS-II SN 17925,0.313,TRUE,
SDSS-II SN 14498,SDSS-II SN 14498,0.314,TRUE,
SDSS-II SN 7851,SDSS-II SN 07851,0.315,TRUE,
SDSS-II SN 13529,SDSS-II SN 13529,0.315,TRUE,
SDSS-II SN 19599,SDSS-II SN 19599,0.315,TRUE,
SDSS-II SN 8605,SDSS-II SN 08605,0.316,TRUE,
SDSS-II SN 11518,SDSS-II SN 11518,0.316,TRUE,
SDSS-II SN 4028,SDSS-II SN 04028,0.317,TRUE,
SDSS-II SN 5877,SDSS-II SN 05877,0.317,TRUE,
SDSS-II SN 18952,SDSS-II SN 18952,0.317,TRUE,
SDSS-II SN 8290,SDSS-II SN 08290,0.318,TRUE,
SDSS-II SN 14845,SDSS-II SN 14845,0.318,TRUE,
SDSS-II SN 5487,SDSS-II SN 05487,0.32,TRUE,
PS1-11at,PS1-11at,0.32,TRUE,
SDSS-II SN 13859,SDSS-II SN 13859,0.32,TRUE,
SDSS-II SN 15751,SDSS-II SN 15751,0.321,TRUE,
SDSS-II SN 3368,SDSS-II SN 03368,0.322,TRUE,
SDSS-II SN 13716,SDSS-II SN 13716,0.322,TRUE,
SDSS-II SN 16433,SDSS-II SN 16433,0.322,TRUE,
SDSS-II SN 15737,SDSS-II SN 15737,0.323,TRUE,
SDSS-II SN 2621,SDSS-II SN 02621,0.324,TRUE,
SDSS-II SN 7713,SDSS-II SN 07713,0.325,TRUE,
SDSS-II SN 17967,SDSS-II SN 17967,0.326,TRUE,
SDSS-II SN 18666,SDSS-II SN 18666,0.326,TRUE,
SDSS-II SN 4857,SDSS-II SN 04857,0.328,TRUE,
SDSS-II SN 11478,SDSS-II SN 11478,0.328,TRUE,
PS1-11bg,PS1-11bg,0.329,TRUE,
SDSS-II SN 16878,SDSS-II SN 16878,0.329,TRUE,
SDSS-II SN 13839,SDSS-II SN 13839,0.33,TRUE,
SDSS-II SN 15239,SDSS-II SN 15239,0.331,TRUE,
SDSS-II SN 17949,SDSS-II SN 17949,0.331,TRUE,
SDSS-II SN 5897,SDSS-II SN 05897,0.333,TRUE,
SDSS-II SN 19359,SDSS-II SN 19359,0.335,TRUE,
SDSS-II SN 14322,SDSS-II SN 14322,0.339,TRUE,
SDSS-II SN 3206,SDSS-II SN 03206,0.341,TRUE,
SDSS-II SN 18389,SDSS-II SN 18389,0.341,TRUE,
SDSS-II SN 17737,SDSS-II SN 17737,0.343,TRUE,
SDSS-II SN 16247,SDSS-II SN 16247,0.344,TRUE,
SDSS-II SN 1285,SDSS-II SN 01285,0.345,TRUE,
SDSS-II SN 7374,SDSS-II SN 07374,0.345,TRUE,
SDSS-II SN 14169,SDSS-II SN 14169,0.346,TRUE,
SDSS-II SN 16478,SDSS-II SN 16478,0.346,TRUE,
SDSS-II SN 13329,SDSS-II SN 13329,0.347,TRUE,
PS1-11zv,PS1-11zv,0.35,TRUE,
SDSS-II SN 14763,SDSS-II SN 14763,0.35,TRUE,
SDSS-II SN 2280,SDSS-II SN 02280,0.350232,TRUE,
SDSS-II SN 19986,SDSS-II SN 19986,0.355,TRUE,
SDSS-II SN 3811,SDSS-II SN 03811,0.358,TRUE,
SDSS-II SN 16129,SDSS-II SN 16129,0.358,TRUE,
SDSS-II SN 15814,SDSS-II SN 15814,0.359,TRUE,
SDSS-II SN 17835,SDSS-II SN 17835,0.359896,TRUE,
PS1-11yu,PS1-11yu,0.36,TRUE,
PS1-11zu,PS1-11zu,0.36,TRUE,
SDSS-II SN 14624,SDSS-II SN 14624,0.361,TRUE,
SDSS-II SN 19582,SDSS-II SN 19582,0.361,TRUE,
SDSS-II SN 16547,SDSS-II SN 16547,0.361119,TRUE,
SDSS-II SN 4054,SDSS-II SN 04054,0.363,TRUE,
SDSS-II SN 21885,SDSS-II SN 21885,0.364,TRUE,
SDSS-II SN 15418,SDSS-II SN 15418,0.365,TRUE,
SDSS-II SN 21884,SDSS-II SN 21884,0.366,TRUE,
SDSS-II SN 19335,SDSS-II SN 19335,0.368,TRUE,
SDSS-II SN 21874,SDSS-II SN 21874,0.368,TRUE,
SDSS-II SN 16721,SDSS-II SN 16721,0.37,TRUE,
SDSS-II SN 7413,SDSS-II SN 07413,0.372,TRUE,
SDSS-II SN 15967,SDSS-II SN 15967,0.374,TRUE,
SDSS-II SN 3102,SDSS-II SN 03102,0.379,TRUE,
SDSS-II SN 14361,SDSS-II SN 14361,0.38,TRUE,
SDSS-II SN 5021,SDSS-II SN 05021,0.381,TRUE,
SDSS-II SN 2784,SDSS-II SN 02784,0.383,TRUE,
SDSS-II SN 17191,SDSS-II SN 17191,0.383,TRUE,
SDSS-II SN 9132,SDSS-II SN 09132,0.384,TRUE,
SDSS-II SN 15812,SDSS-II SN 15812,0.385,TRUE,
SDSS-II SN 13497,SDSS-II SN 13497,0.387,TRUE,
SDSS-II SN 9268,SDSS-II SN 09268,0.389,TRUE,
SDSS-II SN 15647,SDSS-II SN 15647,0.389,TRUE,
SDSS-II SN 19188,SDSS-II SN 19188,0.389,TRUE,
SDSS-II SN 1958,SDSS-II SN 01958,0.39,TRUE,
SDSS-II SN 19776,SDSS-II SN 19776,0.391,TRUE,
SDSS-II SN 7357,SDSS-II SN 07357,0.392,TRUE,
SDSS-II SN 19987,SDSS-II SN 19987,0.396,TRUE,
SDSS-II SN 7822,SDSS-II SN 07822,0.399,TRUE,
SDSS-II SN 14858,SDSS-II SN 14858,0.399,TRUE,
SDSS-II SN 9424,SDSS-II SN 09424,0.401,TRUE,
SDSS-II SN 8307,SDSS-II SN 08307,0.403,TRUE,
SDSS-II SN 15726,SDSS-II SN 15726,0.403,TRUE,
SDSS-II SN 16434,SDSS-II SN 16434,0.403,TRUE,
SDSS-II SN 7986,SDSS-II SN 07986,0.406,TRUE,
SDSS-II SN 3593,SDSS-II SN 03593,0.407,TRUE,
SDSS-II SN 18824,SDSS-II SN 18824,0.407,TRUE,
SDSS-II SN 4682,SDSS-II SN 04682,0.417,TRUE,
PS1-11zw,PS1-11zw,0.423,TRUE,
SDSS-II SN 14561,SDSS-II SN 14561,0.424,TRUE,
SDSS-II SN 19336,SDSS-II SN 19336,0.427,TRUE,
SDSS-II SN 15549,SDSS-II SN 15549,0.429,TRUE,
SDSS-II SN 18722,SDSS-II SN 18722,0.429,TRUE,
SDSS-II SN 6833,SDSS-II SN 06833,0.43,TRUE,
SDSS-II SN 9677,SDSS-II SN 09677,0.437,TRUE,
SDSS-II SN 12213,SDSS-II SN 12213,0.438,TRUE,
SDSS-II SN 15725,SDSS-II SN 15725,0.44,TRUE,
SDSS-II SN 4129,SDSS-II SN 04129,0.441,TRUE,
SDSS-II SN 19494,SDSS-II SN 19494,0.442,TRUE,
SDSS-II SN 9632,SDSS-II SN 09632,0.444,TRUE,
SDSS-II SN 18312,SDSS-II SN 18312,0.445,TRUE,
SDSS-II SN 3402,SDSS-II SN 03402,0.448,TRUE,
SDSS-II SN 19132,SDSS-II SN 19132,0.45,TRUE,
SDSS-II SN 1403,SDSS-II SN 01403,0.452,TRUE,
SDSS-II SN 18188,SDSS-II SN 18188,0.452,TRUE,
SDSS-II SN 13833,SDSS-II SN 13833,0.454,TRUE,
SDSS-II SN 5178,SDSS-II SN 05178,0.455,TRUE,
SDSS-II SN 13942,SDSS-II SN 13942,0.46,TRUE,
SDSS-II SN 19764,SDSS-II SN 19764,0.461,TRUE,
SDSS-II SN 13479,SDSS-II SN 13479,0.465,TRUE,
SDSS-II SN 21577,SDSS-II SN 21577,0.466,TRUE,
SDSS-II SN 15916,SDSS-II SN 15916,0.466256,TRUE,
SDSS-II SN 4808,SDSS-II SN 04808,0.47,TRUE,
SDSS-II SN 4757,SDSS-II SN 04757,0.47,TRUE,
SDSS-II SN 14357,SDSS-II SN 14357,0.471,TRUE,
SDSS-II SN 15817,SDSS-II SN 15817,0.472,TRUE,
SDSS-II SN 7939,SDSS-II SN 07939,0.473,TRUE,
SDSS-II SN 8128,SDSS-II SN 08128,0.482,TRUE,
SDSS-II SN 4079,SDSS-II SN 04079,0.486,TRUE,
SDSS-II SN 18139,SDSS-II SN 18139,0.486537,TRUE,
SDSS-II SN 21347,SDSS-II SN 21347,0.486686,TRUE,
SDSS-II SN 17324,SDSS-II SN 17324,0.493,TRUE,
SDSS-II SN 13452,SDSS-II SN 13452,0.494,TRUE,
SDSS-II SN 4078,SDSS-II SN 04078,0.5,TRUE,
SDSS-II SN 15741,SDSS-II SN 15741,0.515,TRUE,
SDSS-II SN 7663,SDSS-II SN 07663,0.52,TRUE,
SDSS-II SN 15569,SDSS-II SN 15569,0.521,TRUE,
SDSS-II SN 14951,SDSS-II SN 14951,0.525,TRUE,
ESSENCEf123,ESSENCE f123,0.5261,TRUE,
SDSS-II SN 2181,SDSS-II SN 02181,0.528,TRUE,
SDSS-II SN 21389,SDSS-II SN 21389,0.528,TRUE,
SDSS-II SN 4779,SDSS-II SN 04779,0.53541,TRUE,
SDSS-II SN 8723,SDSS-II SN 08723,0.537,TRUE,
SDSS-II SN 9194,SDSS-II SN 09194,0.537,TRUE,
SDSS-II SN 14619,SDSS-II SN 14619,0.542,TRUE,
SDSS-II SN 18182,SDSS-II SN 18182,0.55,TRUE,
SDSS-II SN 16554,SDSS-II SN 16554,0.553,TRUE,
SDSS-II SN 8600,SDSS-II SN 08600,0.554,TRUE,
SDSS-II SN 21764,SDSS-II SN 21764,0.554,TRUE,
SDSS-II SN 18973,SDSS-II SN 18973,0.555,TRUE,
SDSS-II SN 8662,SDSS-II SN 08662,0.55837,TRUE,
ESSENCEs354,ESSENCE s354,0.5588,TRUE,
SDSS-II SN 14579,SDSS-II SN 14579,0.562,TRUE,
SDSS-II SN 13787,SDSS-II SN 13787,0.565006,TRUE,
SDSS-II SN 21388,SDSS-II SN 21388,0.56665,TRUE,
SDSS-II SN 8457,SDSS-II SN 08457,0.572,TRUE,
SDSS-II SN 15455,SDSS-II SN 15455,0.575,TRUE,
SDSS-II SN 14227,SDSS-II SN 14227,0.582,TRUE,
SDSS-II SN 6300,SDSS-II SN 06300,0.583,TRUE,
SDSS-II SN 6055,SDSS-II SN 06055,0.606,TRUE,
SDSS-II SN 15324,SDSS-II SN 15324,0.613,TRUE,
SDSS-II SN 18146,SDSS-II SN 18146,0.622,TRUE,
SDSS-II SN 15773,SDSS-II SN 15773,0.645,TRUE,
SDSS-II SN 18747,SDSS-II SN 18747,0.649,TRUE,
SDSS-II SN 21494,SDSS-II SN 21494,0.655,TRUE,
SDSS-II SN 15953,SDSS-II SN 15953,0.663,TRUE,
SDSS-II SN 19468,SDSS-II SN 19468,0.669,TRUE,
SDSS-II SN 19549,SDSS-II SN 19549,0.67,TRUE,
SDSS-II SN 16125,SDSS-II SN 16125,0.671,TRUE,
SDSS-II SN 8062,SDSS-II SN 08062,0.685,TRUE,
SDSS-II SN 1158,SDSS-II SN 01158,0.694,TRUE,
SDSS-II SN 7656,SDSS-II SN 07656,0.697,TRUE,
SDSS-II SN 1858,SDSS-II SN 01858,0.699,TRUE,
SDSS-II SN 14141,SDSS-II SN 14141,0.699,TRUE,
SDSS-II SN 8850,SDSS-II SN 08850,0.7,TRUE,
SDSS-II SN 8327,SDSS-II SN 08327,0.7,TRUE,
ESSENCEp459,ESSENCE p459,0.702,TRUE,
ESSENCEp445,ESSENCE p445,0.8069,TRUE,
SDSS-II SN 9557,SDSS-II SN 09557,1.173746,TRUE,
SDSS-II SN 16572,SDSS-II SN 16572,1.624433,TRUE,
SN1997ff,SN 1997ff,1.755,TRUE,
SDSS-II SN 1740,SDSS-II SN 01740,--,TRUE,
SDSS-II SN 2079,SDSS-II SN 02079,--,TRUE,
SDSS-II SN 2806,SDSS-II SN 02806,--,TRUE,
SDSS-II SN 2808,SDSS-II SN 02808,--,TRUE,
SDSS-II SN 3068,SDSS-II SN 03068,--,TRUE,
SDSS-II SN 3780,SDSS-II SN 03780,--,TRUE,
SDSS-II SN 4048,SDSS-II SN 04048,--,TRUE,
SDSS-II SN 4104,SDSS-II SN 04104,--,TRUE,
SDSS-II SN 4307,SDSS-II SN 04307,--,TRUE,
SDSS-II SN 4360,SDSS-II SN 04360,--,TRUE,
SDSS-II SN 5209,SDSS-II SN 05209,--,TRUE,
SDSS-II SN 5230,SDSS-II SN 05230,--,TRUE,
SDSS-II SN 5590,SDSS-II SN 05590,--,TRUE,
SDSS-II SN 5690,SDSS-II SN 05690,--,TRUE,
SDSS-II SN 5804,SDSS-II SN 05804,--,TRUE,
SDSS-II SN 7017,SDSS-II SN 07017,--,TRUE,
SDSS-II SN 7092,SDSS-II SN 07092,--,TRUE,
SDSS-II SN 7099,SDSS-II SN 07099,--,TRUE,
SDSS-II SN 7502,SDSS-II SN 07502,--,TRUE,
SDSS-II SN 7550,SDSS-II SN 07550,--,TRUE,
SDSS-II SN 7600,SDSS-II SN 07600,--,TRUE,
SDSS-II SN 7701,SDSS-II SN 07701,--,TRUE,
SDSS-II SN 7780,SDSS-II SN 07780,--,TRUE,
SDSS-II SN 8004,SDSS-II SN 08004,--,TRUE,
SDSS-II SN 8160,SDSS-II SN 08160,--,TRUE,
SDSS-II SN 8280,SDSS-II SN 08280,--,TRUE,
SDSS-II SN 8730,SDSS-II SN 08730,--,TRUE,
SDSS-II SN 9020,SDSS-II SN 09020,--,TRUE,
SDSS-II SN 9026,SDSS-II SN 09026,--,TRUE,
SDSS-II SN 1166,SDSS-II SN 01166,--,TRUE,
SDSS-II SN 1282,SDSS-II SN 01282,--,TRUE,
SDSS-II SN 1395,SDSS-II SN 01395,--,TRUE,
SDSS-II SN 1415,SDSS-II SN 01415,--,TRUE,
SDSS-II SN 1461,SDSS-II SN 01461,--,TRUE,
SDSS-II SN 1478,SDSS-II SN 01478,--,TRUE,
SDSS-II SN 1686,SDSS-II SN 01686,--,TRUE,
SDSS-II SN 1748,SDSS-II SN 01748,--,TRUE,
SDSS-II SN 1765,SDSS-II SN 01765,--,TRUE,
SDSS-II SN 1835,SDSS-II SN 01835,--,TRUE,
SDSS-II SN 2162,SDSS-II SN 02162,--,TRUE,
SDSS-II SN 2235,SDSS-II SN 02235,--,TRUE,
SDSS-II SN 2355,SDSS-II SN 02355,--,TRUE,
SDSS-II SN 2427,SDSS-II SN 02427,--,TRUE,
SDSS-II SN 2532,SDSS-II SN 02532,--,TRUE,
SDSS-II SN 2537,SDSS-II SN 02537,--,TRUE,
SDSS-II SN 2551,SDSS-II SN 02551,--,TRUE,
SDSS-II SN 2632,SDSS-II SN 02632,--,TRUE,
SDSS-II SN 2639,SDSS-II SN 02639,--,TRUE,
SDSS-II SN 2734,SDSS-II SN 02734,--,TRUE,
SDSS-II SN 2746,SDSS-II SN 02746,--,TRUE,
SDSS-II SN 2766,SDSS-II SN 02766,--,TRUE,
SDSS-II SN 2864,SDSS-II SN 02864,--,TRUE,
SDSS-II SN 2912,SDSS-II SN 02912,--,TRUE,
SDSS-II SN 2926,SDSS-II SN 02926,--,TRUE,
SDSS-II SN 3172,SDSS-II SN 03172,--,TRUE,
SDSS-II SN 3195,SDSS-II SN 03195,--,TRUE,
SDSS-II SN 3225,SDSS-II SN 03225,--,TRUE,
SDSS-II SN 3426,SDSS-II SN 03426,--,TRUE,
SDSS-II SN 3475,SDSS-II SN 03475,--,TRUE,
SDSS-II SN 3535,SDSS-II SN 03535,--,TRUE,
SDSS-II SN 3565,SDSS-II SN 03565,--,TRUE,
SDSS-II SN 3881,SDSS-II SN 03881,--,TRUE,
SDSS-II SN 3945,SDSS-II SN 03945,--,TRUE,
SDSS-II SN 4181,SDSS-II SN 04181,--,TRUE,
SDSS-II SN 4211,SDSS-II SN 04211,--,TRUE,
SDSS-II SN 4236,SDSS-II SN 04236,--,TRUE,
SDSS-II SN 4361,SDSS-II SN 04361,--,TRUE,
SDSS-II SN 4558,SDSS-II SN 04558,--,TRUE,
SDSS-II SN 4612,SDSS-II SN 04612,--,TRUE,
SDSS-II SN 4676,SDSS-II SN 04676,--,TRUE,
SDSS-II SN 4914,SDSS-II SN 04914,--,TRUE,
SDSS-II SN 5197,SDSS-II SN 05197,--,TRUE,
SDSS-II SN 5292,SDSS-II SN 05292,--,TRUE,
SDSS-II SN 5378,SDSS-II SN 05378,--,TRUE,
SDSS-II SN 5473,SDSS-II SN 05473,--,TRUE,
SDSS-II SN 5486,SDSS-II SN 05486,--,TRUE,
SDSS-II SN 5524,SDSS-II SN 05524,--,TRUE,
SDSS-II SN 5659,SDSS-II SN 05659,--,TRUE,
SDSS-II SN 5776,SDSS-II SN 05776,--,TRUE,
SDSS-II SN 5869,SDSS-II SN 05869,--,TRUE,
SDSS-II SN 5959,SDSS-II SN 05959,--,TRUE,
SDSS-II SN 5963,SDSS-II SN 05963,--,TRUE,
SDSS-II SN 5978,SDSS-II SN 05978,--,TRUE,
SDSS-II SN 5993,SDSS-II SN 05993,--,TRUE,
SDSS-II SN 6216,SDSS-II SN 06216,--,TRUE,
SDSS-II SN 6225,SDSS-II SN 06225,--,TRUE,
SDSS-II SN 6275,SDSS-II SN 06275,--,TRUE,
SDSS-II SN 6282,SDSS-II SN 06282,--,TRUE,
SDSS-II SN 6496,SDSS-II SN 06496,--,TRUE,
SDSS-II SN 6535,SDSS-II SN 06535,--,TRUE,
SDSS-II SN 6556,SDSS-II SN 06556,--,TRUE,
SDSS-II SN 6638,SDSS-II SN 06638,--,TRUE,
SDSS-II SN 6654,SDSS-II SN 06654,--,TRUE,
SDSS-II SN 6683,SDSS-II SN 06683,--,TRUE,
SDSS-II SN 6696,SDSS-II SN 06696,--,TRUE,
SDSS-II SN 6743,SDSS-II SN 06743,--,TRUE,
SDSS-II SN 6813,SDSS-II SN 06813,--,TRUE,
SDSS-II SN 6831,SDSS-II SN 06831,--,TRUE,
SDSS-II SN 6861,SDSS-II SN 06861,--,TRUE,
SDSS-II SN 6873,SDSS-II SN 06873,--,TRUE,
SDSS-II SN 6877,SDSS-II SN 06877,--,TRUE,
SDSS-II SN 6883,SDSS-II SN 06883,--,TRUE,
SDSS-II SN 6895,SDSS-II SN 06895,--,TRUE,
SDSS-II SN 6987,SDSS-II SN 06987,--,TRUE,
SDSS-II SN 7121,SDSS-II SN 07121,--,TRUE,
SDSS-II SN 7127,SDSS-II SN 07127,--,TRUE,
SDSS-II SN 7194,SDSS-II SN 07194,--,TRUE,
SDSS-II SN 7195,SDSS-II SN 07195,--,TRUE,
SDSS-II SN 7365,SDSS-II SN 07365,--,TRUE,
SDSS-II SN 7373,SDSS-II SN 07373,--,TRUE,
SDSS-II SN 7479,SDSS-II SN 07479,--,TRUE,
SDSS-II SN 7594,SDSS-II SN 07594,--,TRUE,
SDSS-II SN 7644,SDSS-II SN 07644,--,TRUE,
SDSS-II SN 7647,SDSS-II SN 07647,--,TRUE,
SDSS-II SN 7717,SDSS-II SN 07717,--,TRUE,
SDSS-II SN 7725,SDSS-II SN 07725,--,TRUE,
SDSS-II SN 7794,SDSS-II SN 07794,--,TRUE,
SDSS-II SN 7824,SDSS-II SN 07824,--,TRUE,
SDSS-II SN 7835,SDSS-II SN 07835,--,TRUE,
SDSS-II SN 7954,SDSS-II SN 07954,--,TRUE,
SDSS-II SN 8114,SDSS-II SN 08114,--,TRUE,
SDSS-II SN 8165,SDSS-II SN 08165,--,TRUE,
SDSS-II SN 8269,SDSS-II SN 08269,--,TRUE,
SDSS-II SN 8323,SDSS-II SN 08323,--,TRUE,
SDSS-II SN 8421,SDSS-II SN 08421,--,TRUE,
SDSS-II SN 8555,SDSS-II SN 08555,--,TRUE,
SDSS-II SN 8577,SDSS-II SN 08577,--,TRUE,
SDSS-II SN 8888,SDSS-II SN 08888,--,TRUE,
SDSS-II SN 9117,SDSS-II SN 09117,--,TRUE,
SDSS-II SN 9133,SDSS-II SN 09133,--,TRUE,
SDSS-II SN 9326,SDSS-II SN 09326,--,TRUE,
SDSS-II SN 9353,SDSS-II SN 09353,--,TRUE,
SDSS-II SN 9458,SDSS-II SN 09458,--,TRUE,
SDSS-II SN 9551,SDSS-II SN 09551,--,TRUE,
SDSS-II SN 9558,SDSS-II SN 09558,--,TRUE,
SDSS-II SN 9594,SDSS-II SN 09594,--,TRUE,
SDSS-II SN 9595,SDSS-II SN 09595,--,TRUE,
SDSS-II SN 9817,SDSS-II SN 09817,--,TRUE,
SDSS-II SN 9954,SDSS-II SN 09954,--,TRUE,
ESSENCEg142,ESSENCE g142,--,TRUE,
ESSENCEg225,ESSENCE g225,--,TRUE,
ESSENCEk411,ESSENCE k411,--,TRUE,
ESSENCEk467,ESSENCE k467,--,TRUE,
ESSENCEm138,ESSENCE m138,--,TRUE,
ESSENCEm193,ESSENCE m193,--,TRUE,
ESSENCEm226,ESSENCE m226,--,TRUE,
ESSENCEn246,ESSENCE n246,--,TRUE,
ESSENCEn256,ESSENCE n256,--,TRUE,
ESSENCEn258,ESSENCE n258,--,TRUE,
ESSENCEn263,ESSENCE n263,--,TRUE,
ESSENCEn278,ESSENCE n278,--,TRUE,
ESSENCEn285,ESSENCE n285,--,TRUE,
ESSENCEn322,ESSENCE n322,--,TRUE,
ESSENCEp434,ESSENCE p434,--,TRUE,
ESSENCEp454,ESSENCE p454,--,TRUE,
ESSENCEp455,ESSENCE p455,--,TRUE,
ESSENCEp524,ESSENCE p524,--,TRUE,
ESSENCEp527,ESSENCE p527,--,TRUE,
ESSENCEp528,ESSENCE p528,--,TRUE,
ESSENCEp534,ESSENCE p534,--,TRUE,
SDSS-II SN 11156,SDSS-II SN 11156,--,TRUE,
SDSS-II SN 11263,SDSS-II SN 11263,--,TRUE,
SDSS-II SN 11311,SDSS-II SN 11311,--,TRUE,
SDSS-II SN 11523,SDSS-II SN 11523,--,TRUE,
SDSS-II SN 11723,SDSS-II SN 11723,--,TRUE,
SDSS-II SN 11771,SDSS-II SN 11771,--,TRUE,
SDSS-II SN 12547,SDSS-II SN 12547,--,TRUE,
SDSS-II SN 12852,SDSS-II SN 12852,--,TRUE,
SDSS-II SN 12875,SDSS-II SN 12875,--,TRUE,
SDSS-II SN 12947,SDSS-II SN 12947,--,TRUE,
SDSS-II SN 12974,SDSS-II SN 12974,--,TRUE,
SDSS-II SN 13149,SDSS-II SN 13149,--,TRUE,
SDSS-II SN 13339,SDSS-II SN 13339,--,TRUE,
SDSS-II SN 13411,SDSS-II SN 13411,--,TRUE,
SDSS-II SN 13477,SDSS-II SN 13477,--,TRUE,
SDSS-II SN 13495,SDSS-II SN 13495,--,TRUE,
SDSS-II SN 13532,SDSS-II SN 13532,--,TRUE,
SDSS-II SN 13558,SDSS-II SN 13558,--,TRUE,
SDSS-II SN 13633,SDSS-II SN 13633,--,TRUE,
SDSS-II SN 13649,SDSS-II SN 13649,--,TRUE,
SDSS-II SN 13689,SDSS-II SN 13689,--,TRUE,
SDSS-II SN 13731,SDSS-II SN 13731,--,TRUE,
SDSS-II SN 13732,SDSS-II SN 13732,--,TRUE,
SDSS-II SN 13766,SDSS-II SN 13766,--,TRUE,
SDSS-II SN 13785,SDSS-II SN 13785,--,TRUE,
SDSS-II SN 13786,SDSS-II SN 13786,--,TRUE,
SDSS-II SN 13834,SDSS-II SN 13834,--,TRUE,
SDSS-II SN 13843,SDSS-II SN 13843,--,TRUE,
SDSS-II SN 13864,SDSS-II SN 13864,--,TRUE,
SDSS-II SN 13933,SDSS-II SN 13933,--,TRUE,
SDSS-II SN 14126,SDSS-II SN 14126,--,TRUE,
SDSS-II SN 14131,SDSS-II SN 14131,--,TRUE,
SDSS-II SN 14137,SDSS-II SN 14137,--,TRUE,
SDSS-II SN 14223,SDSS-II SN 14223,--,TRUE,
SDSS-II SN 14258,SDSS-II SN 14258,--,TRUE,
SDSS-II SN 14295,SDSS-II SN 14295,--,TRUE,
SDSS-II SN 14311,SDSS-II SN 14311,--,TRUE,
SDSS-II SN 14317,SDSS-II SN 14317,--,TRUE,
SDSS-II SN 14333,SDSS-II SN 14333,--,TRUE,
SDSS-II SN 14372,SDSS-II SN 14372,--,TRUE,
SDSS-II SN 14375,SDSS-II SN 14375,--,TRUE,
SDSS-II SN 14389,SDSS-II SN 14389,--,TRUE,
SDSS-II SN 14425,SDSS-II SN 14425,--,TRUE,
SDSS-II SN 14445,SDSS-II SN 14445,--,TRUE,
SDSS-II SN 14478,SDSS-II SN 14478,--,TRUE,
SDSS-II SN 14496,SDSS-II SN 14496,--,TRUE,
SDSS-II SN 14524,SDSS-II SN 14524,--,TRUE,
SDSS-II SN 14539,SDSS-II SN 14539,--,TRUE,
SDSS-II SN 14593,SDSS-II SN 14593,--,TRUE,
SDSS-II SN 14649,SDSS-II SN 14649,--,TRUE,
SDSS-II SN 14654,SDSS-II SN 14654,--,TRUE,
SDSS-II SN 14675,SDSS-II SN 14675,--,TRUE,
SDSS-II SN 14742,SDSS-II SN 14742,--,TRUE,
SDSS-II SN 14771,SDSS-II SN 14771,--,TRUE,
SDSS-II SN 14784,SDSS-II SN 14784,--,TRUE,
SDSS-II SN 14831,SDSS-II SN 14831,--,TRUE,
SDSS-II SN 14833,SDSS-II SN 14833,--,TRUE,
SDSS-II SN 14872,SDSS-II SN 14872,--,TRUE,
SDSS-II SN 14914,SDSS-II SN 14914,--,TRUE,
SDSS-II SN 14937,SDSS-II SN 14937,--,TRUE,
SDSS-II SN 14961,SDSS-II SN 14961,--,TRUE,
SDSS-II SN 14972,SDSS-II SN 14972,--,TRUE,
SDSS-II SN 15116,SDSS-II SN 15116,--,TRUE,
SDSS-II SN 15263,SDSS-II SN 15263,--,TRUE,
SDSS-II SN 15272,SDSS-II SN 15272,--,TRUE,
SDSS-II SN 15294,SDSS-II SN 15294,--,TRUE,
SDSS-II SN 15314,SDSS-II SN 15314,--,TRUE,
SDSS-II SN 15353,SDSS-II SN 15353,--,TRUE,
SDSS-II SN 15467,SDSS-II SN 15467,--,TRUE,
SDSS-II SN 15498,SDSS-II SN 15498,--,TRUE,
SDSS-II SN 15587,SDSS-II SN 15587,--,TRUE,
SDSS-II SN 15618,SDSS-II SN 15618,--,TRUE,
SDSS-II SN 15624,SDSS-II SN 15624,--,TRUE,
SDSS-II SN 15633,SDSS-II SN 15633,--,TRUE,
SDSS-II SN 15693,SDSS-II SN 15693,--,TRUE,
SDSS-II SN 15727,SDSS-II SN 15727,--,TRUE,
SDSS-II SN 15748,SDSS-II SN 15748,--,TRUE,
SDSS-II SN 15755,SDSS-II SN 15755,--,TRUE,
SDSS-II SN 15759,SDSS-II SN 15759,--,TRUE,
SDSS-II SN 15761,SDSS-II SN 15761,--,TRUE,
SDSS-II SN 15765,SDSS-II SN 15765,--,TRUE,
SDSS-II SN 15785,SDSS-II SN 15785,--,TRUE,
SDSS-II SN 15816,SDSS-II SN 15816,--,TRUE,
SDSS-II SN 15822,SDSS-II SN 15822,--,TRUE,
SDSS-II SN 15823,SDSS-II SN 15823,--,TRUE,
SDSS-II SN 15865,SDSS-II SN 15865,--,TRUE,
SDSS-II SN 15866,SDSS-II SN 15866,--,TRUE,
SDSS-II SN 15929,SDSS-II SN 15929,--,TRUE,
SDSS-II SN 15955,SDSS-II SN 15955,--,TRUE,
SDSS-II SN 15961,SDSS-II SN 15961,--,TRUE,
SDSS-II SN 15973,SDSS-II SN 15973,--,TRUE,
SDSS-II SN 15992,SDSS-II SN 15992,--,TRUE,
SDSS-II SN 16136,SDSS-II SN 16136,--,TRUE,
SDSS-II SN 16142,SDSS-II SN 16142,--,TRUE,
SDSS-II SN 16163,SDSS-II SN 16163,--,TRUE,
SDSS-II SN 16172,SDSS-II SN 16172,--,TRUE,
SDSS-II SN 16237,SDSS-II SN 16237,--,TRUE,
SDSS-II SN 16298,SDSS-II SN 16298,--,TRUE,
SDSS-II SN 16398,SDSS-II SN 16398,--,TRUE,
SDSS-II SN 16441,SDSS-II SN 16441,--,TRUE,
SDSS-II SN 16451,SDSS-II SN 16451,--,TRUE,
SDSS-II SN 16462,SDSS-II SN 16462,--,TRUE,
SDSS-II SN 16467,SDSS-II SN 16467,--,TRUE,
SDSS-II SN 16468,SDSS-II SN 16468,--,TRUE,
SDSS-II SN 16472,SDSS-II SN 16472,--,TRUE,
SDSS-II SN 16477,SDSS-II SN 16477,--,TRUE,
SDSS-II SN 16551,SDSS-II SN 16551,--,TRUE,
SDSS-II SN 16586,SDSS-II SN 16586,--,TRUE,
SDSS-II SN 16637,SDSS-II SN 16637,--,TRUE,
SDSS-II SN 16652,SDSS-II SN 16652,--,TRUE,
SDSS-II SN 16655,SDSS-II SN 16655,--,TRUE,
SDSS-II SN 16715,SDSS-II SN 16715,--,TRUE,
SDSS-II SN 16724,SDSS-II SN 16724,--,TRUE,
SDSS-II SN 16759,SDSS-II SN 16759,--,TRUE,
SDSS-II SN 16831,SDSS-II SN 16831,--,TRUE,
SDSS-II SN 16841,SDSS-II SN 16841,--,TRUE,
SDSS-II SN 16879,SDSS-II SN 16879,--,TRUE,
SDSS-II SN 16945,SDSS-II SN 16945,--,TRUE,
SDSS-II SN 16975,SDSS-II SN 16975,--,TRUE,
SDSS-II SN 16977,SDSS-II SN 16977,--,TRUE,
SDSS-II SN 17169,SDSS-II SN 17169,--,TRUE,
SDSS-II SN 17219,SDSS-II SN 17219,--,TRUE,
SDSS-II SN 17272,SDSS-II SN 17272,--,TRUE,
SDSS-II SN 17372,SDSS-II SN 17372,--,TRUE,
SDSS-II SN 17455,SDSS-II SN 17455,--,TRUE,
SDSS-II SN 17542,SDSS-II SN 17542,--,TRUE,
SDSS-II SN 17577,SDSS-II SN 17577,--,TRUE,
SDSS-II SN 17641,SDSS-II SN 17641,--,TRUE,
SDSS-II SN 17667,SDSS-II SN 17667,--,TRUE,
SDSS-II SN 17692,SDSS-II SN 17692,--,TRUE,
SDSS-II SN 17716,SDSS-II SN 17716,--,TRUE,
SDSS-II SN 17743,SDSS-II SN 17743,--,TRUE,
SDSS-II SN 17748,SDSS-II SN 17748,--,TRUE,
SDSS-II SN 17816,SDSS-II SN 17816,--,TRUE,
SDSS-II SN 17829,SDSS-II SN 17829,--,TRUE,
SDSS-II SN 17849,SDSS-II SN 17849,--,TRUE,
SDSS-II SN 17927,SDSS-II SN 17927,--,TRUE,
SDSS-II SN 17928,SDSS-II SN 17928,--,TRUE,
SDSS-II SN 17934,SDSS-II SN 17934,--,TRUE,
SDSS-II SN 17952,SDSS-II SN 17952,--,TRUE,
SDSS-II SN 17957,SDSS-II SN 17957,--,TRUE,
SDSS-II SN 17976,SDSS-II SN 17976,--,TRUE,
SDSS-II SN 17999,SDSS-II SN 17999,--,TRUE,
SDSS-II SN 18116,SDSS-II SN 18116,--,TRUE,
SDSS-II SN 18129,SDSS-II SN 18129,--,TRUE,
SDSS-II SN 18218,SDSS-II SN 18218,--,TRUE,
SDSS-II SN 18221,SDSS-II SN 18221,--,TRUE,
SDSS-II SN 18224,SDSS-II SN 18224,--,TRUE,
SDSS-II SN 18242,SDSS-II SN 18242,--,TRUE,
SDSS-II SN 18256,SDSS-II SN 18256,--,TRUE,
SDSS-II SN 18273,SDSS-II SN 18273,--,TRUE,
SDSS-II SN 18288,SDSS-II SN 18288,--,TRUE,
SDSS-II SN 18344,SDSS-II SN 18344,--,TRUE,
SDSS-II SN 18351,SDSS-II SN 18351,--,TRUE,
SDSS-II SN 18454,SDSS-II SN 18454,--,TRUE,
SDSS-II SN 18473,SDSS-II SN 18473,--,TRUE,
SDSS-II SN 18767,SDSS-II SN 18767,--,TRUE,
SDSS-II SN 18789,SDSS-II SN 18789,--,TRUE,
SDSS-II SN 18797,SDSS-II SN 18797,--,TRUE,
SDSS-II SN 18827,SDSS-II SN 18827,--,TRUE,
SDSS-II SN 18836,SDSS-II SN 18836,--,TRUE,
SDSS-II SN 18839,SDSS-II SN 18839,--,TRUE,
SDSS-II SN 18941,SDSS-II SN 18941,--,TRUE,
SDSS-II SN 18947,SDSS-II SN 18947,--,TRUE,
SDSS-II SN 18953,SDSS-II SN 18953,--,TRUE,
SDSS-II SN 19144,SDSS-II SN 19144,--,TRUE,
SDSS-II SN 19212,SDSS-II SN 19212,--,TRUE,
SDSS-II SN 19246,SDSS-II SN 19246,--,TRUE,
SDSS-II SN 19322,SDSS-II SN 19322,--,TRUE,
SDSS-II SN 19332,SDSS-II SN 19332,--,TRUE,
SDSS-II SN 19344,SDSS-II SN 19344,--,TRUE,
SDSS-II SN 19377,SDSS-II SN 19377,--,TRUE,
SDSS-II SN 19417,SDSS-II SN 19417,--,TRUE,
SDSS-II SN 19492,SDSS-II SN 19492,--,TRUE,
SDSS-II SN 19517,SDSS-II SN 19517,--,TRUE,
SDSS-II SN 19525,SDSS-II SN 19525,--,TRUE,
SDSS-II SN 19552,SDSS-II SN 19552,--,TRUE,
SDSS-II SN 19555,SDSS-II SN 19555,--,TRUE,
SDSS-II SN 19573,SDSS-II SN 19573,--,TRUE,
SDSS-II SN 19668,SDSS-II SN 19668,--,TRUE,
SDSS-II SN 19758,SDSS-II SN 19758,--,TRUE,
SDSS-II SN 19762,SDSS-II SN 19762,--,TRUE,
SDSS-II SN 19778,SDSS-II SN 19778,--,TRUE,
SDSS-II SN 19791,SDSS-II SN 19791,--,TRUE,
SDSS-II SN 21161,SDSS-II SN 21161,--,TRUE,
SDSS-II SN 21487,SDSS-II SN 21487,--,TRUE,
SDSS-II SN 21858,SDSS-II SN 21858,--,TRUE,
SDSS-II SN 21888,SDSS-II SN 21888,--,TRUE,
SDSS-II SN 21889,SDSS-II SN 21889,--,TRUE,
SN1954B,SN 1954B,--,TRUE,
SN1957A,SN 1957A,--,TRUE,
SN1959C,SN 1959C,--,TRUE,
SN1961H,SN 1961H,--,TRUE,
SN1962A,SN 1962A,--,TRUE,
SN1962E,SN 1962E,--,TRUE,
SN1963P,SN 1963P,--,TRUE,
SN1971G,SN 1971G,--,TRUE,
SN1981B,SN 1981B,--,TRUE,
SN1983G,SN 1983G,--,TRUE,
SN1983L,SN 1983L,--,TRUE,
SN1983N,SN 1983N,--,TRUE,
SN1983W,SN 1983W,--,TRUE,
SN1984A,SN 1984A,--,TRUE,
SN1986N,SN 1986N,--,TRUE,
SN1986P,SN 1986P,--,TRUE,
SN1987D,SN 1987D,--,TRUE,
SN1987L,SN 1987L,--,TRUE,
SN1989A,SN 1989A,--,TRUE,
SN1989B,SN 1989B,--,TRUE,
SN1989D,SN 1989D,--,TRUE,
SN1989M,SN 1989M,--,TRUE,
SN1989P,SN 1989P,--,TRUE,
SN1989Q,SN 1989Q,--,TRUE,
SN1989S,SN 1989S,--,TRUE,
SN1989V,SN 1989V,--,TRUE,
SN1991ad,SN 1991ad,--,TRUE,
SN1991ag,SN 1991ag,--,TRUE,
SN1991ai,SN 1991ai,--,TRUE,
SN1991am,SN 1991am,--,TRUE,
SN1991as,SN 1991as,--,TRUE,
SN1991B,SN 1991B,--,TRUE,
SN1991bc,SN 1991bc,--,TRUE,
SN1991bd,SN 1991bd,--,TRUE,
SN1991bf,SN 1991bf,--,TRUE,
SN1991bg,SN 1991bg,--,TRUE,
SN1991F,SN 1991F,--,TRUE,
SN1991M,SN 1991M,--,TRUE,
SN1991X,SN 1991X,--,TRUE,
SN1992A,SN 1992A,--,TRUE,
SN1992ac,SN 1992ac,--,TRUE,
SN1992ae,SN 1992ae,--,TRUE,
SN1992ag,SN 1992ag,--,TRUE,
SN1992ap,SN 1992ap,--,TRUE,
SN1992at,SN 1992at,--,TRUE,
SN1992bf,SN 1992bf,--,TRUE,
SN1992bg,SN 1992bg,--,TRUE,
SN1992bh,SN 1992bh,--,TRUE,
SN1992bi,SN 1992bi,--,TRUE,
SN1992bs,SN 1992bs,--,TRUE,
SN1992J,SN 1992J,--,TRUE,
SN1992K,SN 1992K,--,TRUE,
SN1992R,SN 1992R,--,TRUE,
SN1992V,SN 1992V,--,TRUE,
SN1993aa,SN 1993aa,--,TRUE,
SN1993ae,SN 1993ae,--,TRUE,
SN1993af,SN 1993af,--,TRUE,
SN1993ai,SN 1993ai,--,TRUE,
SN1993B,SN 1993B,--,TRUE,
SN1993C,SN 1993C,--,TRUE,
SN1993I,SN 1993I,--,TRUE,
SN1993L,SN 1993L,--,TRUE,
SN1993T,SN 1993T,--,TRUE,
SN1994ae,SN 1994ae,--,TRUE,
SN1994am,SN 1994am,--,TRUE,
SN1994an,SN 1994an,--,TRUE,
SN1994C,SN 1994C,--,TRUE,
SN1994G,SN 1994G,--,TRUE,
SN1994O,SN 1994O,--,TRUE,
SN1994U,SN 1994U,--,TRUE,
SN1994X,SN 1994X,--,TRUE,
SN1995ae,SN 1995ae,--,TRUE,
SN1995ao,SN 1995ao,--,TRUE,
SN1995ap,SN 1995ap,--,TRUE,
SN1995D,SN 1995D,--,TRUE,
SN1995K,SN 1995K,--,TRUE,
SN1995O,SN 1995O,--,TRUE,
SN1995P,SN 1995P,--,TRUE,
SN1995R,SN 1995R,--,TRUE,
SN1995T,SN 1995T,--,TRUE,
SN1996aa,SN 1996aa,--,TRUE,
SN1996ab,SN 1996ab,--,TRUE,
SN1996ac,SN 1996ac,--,TRUE,
SN1996ag,SN 1996ag,--,TRUE,
SN1996am,SN 1996am,--,TRUE,
SN1996au,SN 1996au,--,TRUE,
SN1996aw,SN 1996aw,--,TRUE,
SN1996ay,SN 1996ay,--,TRUE,
SN1996bc,SN 1996bc,--,TRUE,
SN1996bd,SN 1996bd,--,TRUE,
SN1996bf,SN 1996bf,--,TRUE,
SN1996bi,SN 1996bi,--,TRUE,
SN1996bj,SN 1996bj,--,TRUE,
SN1996bk,SN 1996bk,--,TRUE,
SN1996bl,SN 1996bl,--,TRUE,
SN1996bm,SN 1996bm,--,TRUE,
SN1996bo,SN 1996bo,--,TRUE,
SN1996bx,SN 1996bx,--,TRUE,
SN1996cf,SN 1996cf,--,TRUE,
SN1996cg,SN 1996cg,--,TRUE,
SN1996cn,SN 1996cn,--,TRUE,
SN1996I,SN 1996I,--,TRUE,
SN1996K,SN 1996K,--,TRUE,
SN1996O,SN 1996O,--,TRUE,
SN1996P,SN 1996P,--,TRUE,
SN1996R,SN 1996R,--,TRUE,
SN1996T,SN 1996T,--,TRUE,
SN1996X,SN 1996X,--,TRUE,
SN1997A,SN 1997A,--,TRUE,
SN1997ag,SN 1997ag,--,TRUE,
SN1997ah,SN 1997ah,--,TRUE,
SN1997aj,SN 1997aj,--,TRUE,
SN1997ak,SN 1997ak,--,TRUE,
SN1997am,SN 1997am,--,TRUE,
SN1997ap,SN 1997ap,--,TRUE,
SN1997as,SN 1997as,--,TRUE,
SN1997bb,SN 1997bb,--,TRUE,
SN1997bd,SN 1997bd,--,TRUE,
SN1997bh,SN 1997bh,--,TRUE,
SN1997bj,SN 1997bj,--,TRUE,
SN1997bp,SN 1997bp,--,TRUE,
SN1997bx,SN 1997bx,--,TRUE,
SN1997bz,SN 1997bz,--,TRUE,
SN1997ca,SN 1997ca,--,TRUE,
SN1997ce,SN 1997ce,--,TRUE,
SN1997cj,SN 1997cj,--,TRUE,
SN1997cm,SN 1997cm,--,TRUE,
SN1997cn,SN 1997cn,--,TRUE,
SN1997cp,SN 1997cp,--,TRUE,
SN1997ct,SN 1997ct,--,TRUE,
SN1997cu,SN 1997cu,--,TRUE,
SN1997cv,SN 1997cv,--,TRUE,
SN1997cw,SN 1997cw,--,TRUE,
SN1997cz,SN 1997cz,--,TRUE,
SN1997de,SN 1997de,--,TRUE,
SN1997dg,SN 1997dg,--,TRUE,
SN1997dk,SN 1997dk,--,TRUE,
SN1997dl,SN 1997dl,--,TRUE,
SN1997dr,SN 1997dr,--,TRUE,
SN1997ee,SN 1997ee,--,TRUE,
SN1997ei,SN 1997ei,--,TRUE,
SN1997ej,SN 1997ej,--,TRUE,
SN1997ek,SN 1997ek,--,TRUE,
SN1997el,SN 1997el,--,TRUE,
SN1997en,SN 1997en,--,TRUE,
SN1997eo,SN 1997eo,--,TRUE,
SN1997ep,SN 1997ep,--,TRUE,
SN1997eq,SN 1997eq,--,TRUE,
SN1997er,SN 1997er,--,TRUE,
SN1997es,SN 1997es,--,TRUE,
SN1997ex,SN 1997ex,--,TRUE,
SN1997ey,SN 1997ey,--,TRUE,
SN1997ez,SN 1997ez,--,TRUE,
SN1997fa,SN 1997fa,--,TRUE,
SN1997fd,SN 1997fd,--,TRUE,
SN1997fe,SN 1997fe,--,TRUE,
SN1997G,SN 1997G,--,TRUE,
SN1997H,SN 1997H,--,TRUE,
SN1997L,SN 1997L,--,TRUE,
SN1997N,SN 1997N,--,TRUE,
SN1997R,SN 1997R,--,TRUE,
SN1997S,SN 1997S,--,TRUE,
SN1997T,SN 1997T,--,TRUE,
SN1998ab,SN 1998ab,--,TRUE,
SN1998ac,SN 1998ac,--,TRUE,
SN1998ag,SN 1998ag,--,TRUE,
SN1998ah,SN 1998ah,--,TRUE,
SN1998ai,SN 1998ai,--,TRUE,
SN1998ak,SN 1998ak,--,TRUE,
SN1998al,SN 1998al,--,TRUE,
SN1998ax,SN 1998ax,--,TRUE,
SN1998ay,SN 1998ay,--,TRUE,
SN1998ba,SN 1998ba,--,TRUE,
SN1998bd,SN 1998bd,--,TRUE,
SN1998be,SN 1998be,--,TRUE,
SN1998bi,SN 1998bi,--,TRUE,
SN1998bk,SN 1998bk,--,TRUE,
SN1998bn,SN 1998bn,--,TRUE,
SN1998bq,SN 1998bq,--,TRUE,
SN1998br,SN 1998br,--,TRUE,
SN1998bs,SN 1998bs,--,TRUE,
SN1998cd,SN 1998cd,--,TRUE,
SN1998ci,SN 1998ci,--,TRUE,
SN1998cm,SN 1998cm,--,TRUE,
SN1998cq,SN 1998cq,--,TRUE,
SN1998cs,SN 1998cs,--,TRUE,
SN1998cw,SN 1998cw,--,TRUE,
SN1998dj,SN 1998dj,--,TRUE,
SN1998do,SN 1998do,--,TRUE,
SN1998dq,SN 1998dq,--,TRUE,
SN1998dr,SN 1998dr,--,TRUE,
SN1998du,SN 1998du,--,TRUE,
SN1998dv,SN 1998dv,--,TRUE,
SN1998dy,SN 1998dy,--,TRUE,
SN1998ea,SN 1998ea,--,TRUE,
SN1998ef,SN 1998ef,--,TRUE,
SN1998em,SN 1998em,--,TRUE,
SN1998en,SN 1998en,--,TRUE,
SN1998eo,SN 1998eo,--,TRUE,
SN1998eu,SN 1998eu,--,TRUE,
SN1998ez,SN 1998ez,--,TRUE,
SN1998M,SN 1998M,--,TRUE,
SN1998Q,SN 1998Q,--,TRUE,
SN1999aa,SN 1999aa,--,TRUE,
SN1999ac,SN 1999ac,--,TRUE,
SN1999af,SN 1999af,--,TRUE,
SN1999as,SN 1999as,--,TRUE,
SN1999av,SN 1999av,--,TRUE,
SN1999aw,SN 1999aw,--,TRUE,
SN1999ax,SN 1999ax,--,TRUE,
SN1999az,SN 1999az,--,TRUE,
SN1999bf,SN 1999bf,--,TRUE,
SN1999bi,SN 1999bi,--,TRUE,
SN1999bl,SN 1999bl,--,TRUE,
SN1999bq,SN 1999bq,--,TRUE,
SN1999bt,SN 1999bt,--,TRUE,
SN1999by,SN 1999by,--,TRUE,
SN1999cb,SN 1999cb,--,TRUE,
SN1999cc,SN 1999cc,--,TRUE,
SN1999cf,SN 1999cf,--,TRUE,
SN1999ch,SN 1999ch,--,TRUE,
SN1999ci,SN 1999ci,--,TRUE,
SN1999cj,SN 1999cj,--,TRUE,
SN1999ck,SN 1999ck,--,TRUE,
SN1999cl,SN 1999cl,--,TRUE,
SN1999cp,SN 1999cp,--,TRUE,
SN1999ct,SN 1999ct,--,TRUE,
SN1999dg,SN 1999dg,--,TRUE,
SN1999dq,SN 1999dq,--,TRUE,
SN1999dr,SN 1999dr,--,TRUE,
SN1999du,SN 1999du,--,TRUE,
SN1999dw,SN 1999dw,--,TRUE,
SN1999dx,SN 1999dx,--,TRUE,
SN1999dz,SN 1999dz,--,TRUE,
SN1999ea,SN 1999ea,--,TRUE,
SN1999ec,SN 1999ec,--,TRUE,
SN1999ee,SN 1999ee,--,TRUE,
SN1999ej,SN 1999ej,--,TRUE,
SN1999F,SN 1999F,--,TRUE,
SN1999fc,SN 1999fc,--,TRUE,
SN1999fd,SN 1999fd,--,TRUE,
SN1999fi,SN 1999fi,--,TRUE,
SN1999fm,SN 1999fm,--,TRUE,
SN1999fu,SN 1999fu,--,TRUE,
SN1999fv,SN 1999fv,--,TRUE,
SN1999fw,SN 1999fw,--,TRUE,
SN1999fx,SN 1999fx,--,TRUE,
SN1999fz,SN 1999fz,--,TRUE,
SN1999gh,SN 1999gh,--,TRUE,
SN1999gj,SN 1999gj,--,TRUE,
SN1999gr,SN 1999gr,--,TRUE,
SN1999gs,SN 1999gs,--,TRUE,
SN1999gt,SN 1999gt,--,TRUE,
SN1999gx,SN 1999gx,--,TRUE,
SN1999T,SN 1999T,--,TRUE,
SN1999U,SN 1999U,--,TRUE,
SN1999X,SN 1999X,--,TRUE,
