ASASSN-13ch,FUV
ASASSN-13ch,NUV
ASASSN-14ad,FUV
ASASSN-14ar,FUV
ASASSN-14ar,NUV
ASASSN-14bb,FUV
ASASSN-14bb,NUV
ASASSN-14cu,FUV
ASASSN-14db,FUV
ASASSN-14db,NUV
ASASSN-14dc,NUV
ASASSN-14em,FUV
ASASSN-14em,NUV
ASASSN-14ep,FUV
ASASSN-14ep,NUV
ASASSN-14es,FUV
ASASSN-14es,NUV
ASASSN-14ig,FUV
ASASSN-14ig,NUV
ASASSN-14iu,FUV
ASASSN-14kr,FUV
ASASSN-14kr,NUV
ASASSN-14lo,FUV
AT2014gd,NUV
CSS091127:094447+083137,FUV
CSS100912:223118+010516,FUV
CSS110701:014551+143502,NUV
CSS120415:170824+030104,FUV
CSS120418:113531+054254,NUV
CSS121011:163803+372814,NUV
CSS121106:003304+312335,FUV
CSS121106:003304+312335,NUV
CSS121212:025025+070218,FUV
CSS121212:025025+070218,NUV
CSS130315:131135-042408,FUV
CSS130421:145636+174410,FUV
CSS130421:145636+174410,NUV
CSS130502:114010+300146,FUV
CSS130502:114010+300146,NUV
CSS130502:114010+3001461,FUV
CSS130502:114010+3001461,NUV
CSS130502:115738+333229,FUV
CSS130502:115738+333229,NUV
CSS130913:013913-025241,FUV
CSS130913:013913-025241,NUV
CSS130925:225818-090644,FUV
CSS140103:130555+112833,FUV
CSS140123:111719+361025,FUV
CSS140123:111719+361025,NUV
CSS140128:110457+300122,FUV
CSS140128:110457+300122,NUV
CSS140426:171938-010130,FUV
CSS140509:161445+023534,FUV
CSS140509:161445+023534,NUV
DES14E1tb,NUV
DES14S2bnq,FUV
DES14S2boa,NUV
DES14S2dbi,NUV
DES14S2pon,NUV
DES14X2ags,FUV
DES14X2bnz,FUV
DES14X2byo,FUV
DES14X2dl,FUV
DES14X2rao,FUV
EQ J142347.6+240433.3,FUV
ESSENCEm057,FUV
ESSENCEm226,FUV
ESSENCEn258,FUV
ESSENCEp455,FUV
ESSENCEp459,FUV
ESSENCEs380,FUV
Gaia14acg,FUV
iPTF13adg,FUV
iPTF13adw,FUV
iPTF13adw,NUV
iPTF13agl,FUV
iPTF13aie,FUV
iPTF13aif,FUV
iPTF13ebh,NUV
iPTF14azl,FUV
iPTF14bcu,FUV
iPTF14bcu,NUV
iPTF14bdn,FUV
iPTF14bdn,NUV
iPTF14fpb,FUV
iPTF14fpb,NUV
iPTF14fyq,NUV
iPTF14fzd,FUV
iPTF14fzd,NUV
iPTF14gmo,NUV
iPTF14goa,FUV
iPTF14igk,FUV
iPTF14jeo,NUV
iPTF14jht,FUV
iPTF14jht,NUV
LSQ11bk,NUV
LSQ12apf,FUV
LSQ12bjm,FUV
LSQ12bjm,NUV
LSQ12bjw,FUV
LSQ12bld,FUV
LSQ12bld,NUV
LSQ12bov,FUV
LSQ12bov,NUV
LSQ12bpc,FUV
LSQ12bpo,FUV
LSQ12bpy,FUV
LSQ12bpy,NUV
LSQ12brs,FUV
LSQ12brs,NUV
LSQ12brx,FUV
LSQ12brx,NUV
LSQ12bvl,FUV
LSQ12bvl,NUV
LSQ12bxu,FUV
LSQ12bxv,FUV
LSQ12bxv,NUV
LSQ12byu,FUV
LSQ12caf,FUV
LSQ12caf,NUV
LSQ12cca,FUV
LSQ12cca,NUV
LSQ12cdl,FUV
LSQ12ckm,FUV
LSQ12cpf,FUV
LSQ12cpf,NUV
LSQ12fiq,FUV
LSQ12fiq,NUV
LSQ12ggq,FUV
LSQ12ggq,NUV
LSQ12gki,FUV
LSQ12gki,NUV
LSQ12hnr,FUV
LSQ12hvj,FUV
LSQ12hvj,NUV
LSQ12hzs,FUV
LSQ12hzs,NUV
LSQ13ahe,FUV
LSQ13azx,FUV
LSQ13azx,NUV
LSQ13bbh,NUV
LSQ13bud,NUV
LSQ13dhj,FUV
LSQ13dhj,NUV
LSQ13dqh,FUV
LSQ13dqh,NUV
LSQ13dsm,FUV
LSQ13dsm,NUV
LSQ14ae,FUV
LSQ14ae,NUV
LSQ14aga,FUV
LSQ14am,FUV
LSQ14aym,FUV
LSQ14ayn,FUV
LSQ14azn,NUV
LSQ14baz,FUV
LSQ14bcj,FUV
LSQ14bcj,NUV
LSQ14bjj,FUV
LSQ14bjj,NUV
LSQ14cnm,FUV
LSQ14cnm,NUV
LSQ14dud,NUV
LSQ14edl,FUV
LSQ14edl,NUV
LSQ14eey,FUV
LSQ14fhz,FUV
LSQ14fhz,NUV
LSQ14gci,FUV
LSQ14gfb,FUV
LSQ14gfb,NUV
LSQ14gov,FUV
LSQ14gov,NUV
LSQ14nr,FUV
LSQ14nr,NUV
LSQ14vw,FUV
LSQ14vw,NUV
LSQ14yf,FUV
LSQ14yf,NUV
LSQ14zz,FUV
MASTER OT J011330.63+493634.9,NUV
MASTER OT J140804.26-115949.7,FUV
MASTER OT J140804.26-115949.7,NUV
MASTER OT J171427.91+230333.8,FUV
MASTER OT J171427.91+230333.8,NUV
MENeaCS Abell1650-9-13-0,FUV
MENeaCS Abell1650-9-13-0,NUV
MLS120429:134155-143539,FUV
MLS120429:134155-143539,NUV
MLS121004:005748+061812,FUV
MLS121004:005748+061812,NUV
MLS121112:083604+152852,FUV
MLS121112:083604+152852,NUV
MLS130302:110652+104026,FUV
MLS130302:110652+104026,NUV
MLS131126:024306+163425,FUV
MLS131126:024306+163425,NUV
MLS140308:101937+193321,NUV
OGLE-2012-SN-040,NUV
OGLE-2012-SN-051,FUV
OGLE-2012-SN-051,NUV
OGLE-2013-SN-009,FUV
OGLE-2013-SN-032,NUV
OGLE-2013-SN-043,FUV
OGLE-2013-SN-044,NUV
OGLE-2013-SN-051,FUV
OGLE-2013-SN-051,NUV
OGLE-2013-SN-070,FUV
OGLE-2013-SN-073,FUV
OGLE-2013-SN-073,NUV
OGLE-2013-SN-080,FUV
OGLE-2013-SN-099,NUV
OGLE-2013-SN-126,NUV
OGLE-2013-SN-129,FUV
OGLE-2013-SN-129,NUV
OGLE-2013-SN-141,FUV
OGLE-2013-SN-141,NUV
OGLE-2014-SN-048,FUV
OGLE-2014-SN-048,NUV
OGLE-2014-SN-049,FUV
OGLE-2014-SN-051,FUV
OGLE-2014-SN-051,NUV
OGLE-2014-SN-058,NUV
OGLE-2014-SN-139,FUV
OGLE-2014-SN-179,FUV
PS1-10ayu,FUV
PS1-10qu,FUV
PS1-11uo,FUV
PS1-11uo,NUV
PS1-11xo,FUV
PS1-11xo,NUV
PS1-14gj,FUV
PS1-14mv,FUV
PS1-14oo,FUV
PS1-14oo,NUV
PS1-14qj,FUV
PSc090097,NUV
PSc130880,FUV
PSc160016,FUV
PSc160016,NUV
PSc170400,NUV
PSc170539,FUV
PSc200101,NUV
PSc450344,FUV
PSc520022,NUV
PSc540087,NUV
PSc540134,NUV
PSc570025,FUV
PSN J08351668+4819011,FUV
PSN J08351668+4819011,NUV
PSN J09475974+5031082,FUV
PSN J12582492+1235533,FUV
PSN J12582492+1235533,NUV
PSN MACSJ1115.2+5320,FUV
PSN MACSJ1115.2+5320,NUV
PTF09dnp,FUV
PTF09dnp,NUV
PTF09ejz,FUV
PTF09ejz,NUV
PTF09gul,FUV
PTF09hqp,FUV
PTF09hqp,NUV
PTF09qn,FUV
PTF09qn,NUV
PTF10abjv,FUV
PTF10abjv,NUV
PTF10accd,NUV
PTF10acdd,FUV
PTF10acnz,FUV
PTF10acqp,FUV
PTF10bjs,FUV
PTF10cko,FUV
PTF10cmj,FUV
PTF10cmj,NUV
PTF10fxe,FUV
PTF10fxq,FUV
PTF10fxq,NUV
PTF10gjx,FUV
PTF10gjx,NUV
PTF10guz,FUV
PTF10guz,NUV
PTF10ifj,FUV
PTF10jd,FUV
PTF10jqz,FUV
PTF10one,FUV
PTF10one,NUV
PTF10px,FUV
PTF10px,NUV
PTF10qhp,FUV
PTF10qyq,NUV
PTF10ran,NUV
PTF10rbp,FUV
PTF10rhi,FUV
PTF10twd,FUV
PTF10urn,NUV
PTF10vyv,FUV
PTF10xes,FUV
PTF10xes,NUV
PTF10xgx,FUV
PTF10xgx,NUV
PTF10xtp,FUV
PTF10xtp,NUV
PTF10xtu,FUV
PTF10xtu,NUV
PTF10zdk,FUV
PTF10zdk,NUV
PTF10zgy,FUV
PTF10zgy,NUV
PTF10zhi,FUV
PTF11aad,FUV
PTF11aad,NUV
PTF11alg,FUV
PTF11alg,NUV
PTF11ao,FUV
PTF11atu,FUV
PTF11bkf,FUV
PTF11bmc,NUV
PTF11bof,FUV
PTF11bup,FUV
PTF11bup,NUV
PTF11caz,FUV
PTF11caz,NUV
PTF11cfm,FUV
PTF11cfm,NUV
PTF11cmp,FUV
PTF11cmp,NUV
PTF11cnx,FUV
PTF11cnx,NUV
PTF11crr,FUV
PTF11dej,FUV
PTF11dhw,FUV
PTF11dhw,NUV
PTF11dif,FUV
PTF11drz,FUV
PTF11drz,NUV
PTF11dtm,FUV
PTF11dtm,NUV
PTF11dva,FUV
PTF11ein,FUV
PTF11ein,NUV
PTF11eot,FUV
PTF11gal,FUV
PTF11gbd,FUV
PTF11gjn,FUV
PTF11gjn,NUV
PTF11iho,FUV
PTF11ilj,FUV
PTF11jct,FUV
PTF11jct,NUV
PTF11kkd,FUV
PTF11kkd,NUV
PTF11kqm,NUV
PTF11kx,FUV
PTF11kx,NUV
PTF11mke,NUV
PTF11mpa,FUV
PTF11mpa,NUV
PTF11nvm,FUV
PTF11oqn,FUV
PTF11oqn,NUV
PTF11pdk,FUV
PTF11pdk,NUV
PTF11qmn,FUV
PTF11qmo,FUV
PTF11qmo,NUV
PTF11qpc,FUV
PTF11qpg,FUV
PTF11qpg,NUV
PTF11qri,FUV
PTF11qri,NUV
PTF11qtq,NUV
PTF11quu,FUV
PTF11rmb,FUV
PTF11rmb,NUV
PTF11v,FUV
PTF11v,NUV
PTF12alp,FUV
PTF12alp,NUV
PTF12bnb,FUV
PTF12box,FUV
PTF12box,NUV
PTF12bsa,FUV
PTF12ccy,FUV
PTF12ccy,NUV
PTF12cdb,FUV
PTF12cdd,NUV
PTF12cdq,FUV
PTF12cdq,NUV
PTF12cgc,FUV
PTF12chm,FUV
PTF12chm,NUV
PTF12cks,FUV
PTF12cks,NUV
PTF12dem,NUV
PTF12dhk,FUV
PTF12ecj,NUV
PTF12ecm,FUV
PTF12ecm,NUV
PTF12eer,FUV
PTF12egm,FUV
PTF12egm,NUV
PTF12ejf,FUV
PTF12ejf,NUV
PTF12eof,FUV
PTF12eof,NUV
PTF12exf,FUV
PTF12exf,NUV
PTF12fsd,FUV
PTF12fut,FUV
PTF12fut,NUV
PTF12fxd,FUV
PTF12fzf,NUV
PTF12gmf,FUV
PTF12gmf,NUV
PTF12gmq,FUV
PTF12gwj,FUV
PTF12gwj,NUV
PTF12hod,FUV
PTF12hod,NUV
PTF12igw,FUV
PTF12irx,FUV
PTF13cay,NUV
PTF13caz,NUV
PTF13ckk,NUV
PTF13dad,FUV
PTF13dad,NUV
PTF13ddi,FUV
PTF13ehy,FUV
PTF13ehy,NUV
PTF13ekv,FUV
PTF13ekv,NUV
ROTSE3 J125708.9-172527,FUV
SDSS-II SN 12087,NUV
SDSS-II SN 12110,NUV
SDSS-II SN 1214,NUV
SDSS-II SN 13344,NUV
SDSS-II SN 13423,NUV
SDSS-II SN 13703,NUV
SDSS-II SN 13737,FUV
SDSS-II SN 14186,FUV
SDSS-II SN 14227,FUV
SDSS-II SN 14811,NUV
SDSS-II SN 1500,NUV
SDSS-II SN 15260,NUV
SDSS-II SN 15268,NUV
SDSS-II SN 15291,FUV
SDSS-II SN 15314,FUV
SDSS-II SN 15357,NUV
SDSS-II SN 15522,NUV
SDSS-II SN 15866,FUV
SDSS-II SN 16044,FUV
SDSS-II SN 16054,FUV
SDSS-II SN 16247,FUV
SDSS-II SN 16584,NUV
SDSS-II SN 16711,NUV
SDSS-II SN 16727,NUV
SDSS-II SN 16831,FUV
SDSS-II SN 16958,NUV
SDSS-II SN 17642,NUV
SDSS-II SN 17740,NUV
SDSS-II SN 1778,NUV
SDSS-II SN 17803,FUV
SDSS-II SN 1782,NUV
SDSS-II SN 18283,NUV
SDSS-II SN 18446,NUV
SDSS-II SN 19195,NUV
SDSS-II SN 19636,NUV
SDSS-II SN 1985,NUV
SDSS-II SN 20489,NUV
SDSS-II SN 20580,NUV
SDSS-II SN 20619,FUV
SDSS-II SN 21166,NUV
SDSS-II SN 21356,NUV
SDSS-II SN 21594,NUV
SDSS-II SN 3172,FUV
SDSS-II SN 3341,NUV
SDSS-II SN 4035,FUV
SDSS-II SN 4035,NUV
SDSS-II SN 5142,NUV
SDSS-II SN 5235,NUV
SDSS-II SN 5407,FUV
SDSS-II SN 5407,NUV
SDSS-II SN 5804,FUV
SDSS-II SN 6085,NUV
SDSS-II SN 6696,FUV
SDSS-II SN 6903,NUV
SDSS-II SN 7296,FUV
SDSS-II SN 7296,NUV
SDSS-II SN 7725,FUV
SDSS-II SN 7857,NUV
SDSS-II SN 7882,FUV
SDSS-II SN 822,NUV
SDSS-II SN 9102,NUV
SDSS-II SN 911,NUV
SDSS-II SN 9317,FUV
SDSS-II SN 9458,FUV
SDSS-II SN 9676,FUV
SDSS-II SN 9804,FUV
SDSS-II SN 9804,NUV
SDSS0606-52365-412,FUV
SDSS0606-52365-412,NUV
SDSS1278-52735-425,FUV
SDSS1310-53033-459,FUV
SDSS1310-53033-459,NUV
SDSS1392-52822-147,FUV
SDSS1788-54468-126,FUV
SDSS1788-54468-126,NUV
SDSS1949-53433-080,FUV
SDSS1949-53433-080,NUV
SDSS2218-53816-295,FUV
SDSS2218-53816-295,NUV
SDSS2222-53799-480,FUV
SDSS2222-53799-480,NUV
SDSS2371-53762-404,FUV
SDSS2371-53762-404,NUV
SDSS2499-54176-550,FUV
SDSS2603-54479-486,FUV
SDSS2614-54481-257,FUV
SDSS2614-54481-257,NUV
SDSS2664-54524-468,FUV
SDSS2664-54524-468,NUV
SDSS2744-54272-561,FUV
SDSS2746-54232-635,FUV
SDSS2758-54523-082,FUV
SDSS2792-54556-210,FUV
SDSS2792-54556-210,NUV
SDSS2886-54498-598,FUV
SDSS2954-54561-572,FUV
SDSS313-51673-154,FUV
SDSS438-51884-166,FUV
SDSS438-51884-166,NUV
SDSS905-52643-213,FUV
SDSS905-52643-213,NUV
SDSSJ111725.00+293457.4,FUV
SMT J21413915-5643445,NUV
SN1572A,NUV
SN1937D,NUV
SN1959C,FUV
SN1982W,FUV
SN1982W,NUV
SN1983R,FUV
SN1983R,NUV
SN1985A,FUV
SN1985A,NUV
SN1986N,FUV
SN1987D,FUV
SN1989D,FUV
SN1990G,FUV
SN1990G,NUV
SN1990J,FUV
SN1990N,FUV
SN1991ab,FUV
SN1991ab,NUV
SN1991ai,FUV
SN1991X,FUV
SN1992at,FUV
SN1992bp,FUV
SN1992bp,NUV
SN1992K,FUV
SN1992V,FUV
SN1993al,FUV
SN1993al,NUV
SN1993C,FUV
SN1993D,FUV
SN1993D,NUV
SN1993H,NUV
SN1994aa,NUV
SN1994ab,FUV
SN1994ab,NUV
SN1994ae,FUV
SN1994am,FUV
SN1994F,FUV
SN1994F,NUV
SN1994G,FUV
SN1994H,NUV
SN1994J,FUV
SN1994J,NUV
SN1994K,FUV
SN1994K,NUV
SN1994M,FUV
SN1994M,NUV
SN1994T,FUV
SN1994T,NUV
SN1995aj,NUV
SN1995K,FUV
SN1995L,FUV
SN1995L,NUV
SN1995R,FUV
SN1995T,FUV
SN1996aj,FUV
SN1996aj,NUV
SN1996ar,FUV
SN1996ar,NUV
SN1996bb,NUV
SN1996ca,NUV
SN1996ch,FUV
SN1996ch,NUV
SN1997ak,FUV
SN1997bh,FUV
SN1997bp,FUV
SN1997br,FUV
SN1997br,NUV
SN1997C,FUV
SN1997C,NUV
SN1997cd,FUV
SN1997cd,NUV
SN1997cm,FUV
SN1997cn,FUV
SN1997dx,FUV
SN1997dx,NUV
SN1997ea,FUV
SN1997ea,NUV
SN1997ei,FUV
SN1997ej,FUV
SN1997fb,FUV
SN1997fb,NUV
SN1997fc,FUV
SN1997fc,NUV
SN1998ab,FUV
SN1998ai,FUV
SN1998aj,FUV
SN1998aj,NUV
SN1998ak,FUV
SN1998al,FUV
SN1998bn,FUV
SN1998bt,FUV
SN1998bt,NUV
SN1998cd,FUV
SN1998cm,FUV
SN1998cn,FUV
SN1998cn,NUV
SN1998de,NUV
SN1998dh,NUV
SN1998dw,FUV
SN1998dw,NUV
SN1998es,FUV
SN1998es,NUV
SN1998ex,FUV
SN1998ex,NUV
SN1998J,FUV
SN1998J,NUV
SN1999at,NUV
SN1999aw,FUV
SN1999bj,FUV
SN1999bj,NUV
SN1999bk,FUV
SN1999bk,NUV
SN1999bo,FUV
SN1999bo,NUV
SN1999bq,FUV
SN1999cf,FUV
SN1999cg,FUV
SN1999cg,NUV
SN1999ci,FUV
SN1999cl,FUV
SN1999cp,FUV
SN1999cw,FUV
SN1999cw,NUV
SN1999da,FUV
SN1999da,NUV
SN1999do,NUV
SN1999ef,FUV
SN1999ef,NUV
SN1999F,FUV
SN1999fa,NUV
SN1999gh,FUV
SN1999J,NUV
SN1999R,FUV
SN1999R,NUV
SN1999S,FUV
SN1999S,NUV
SN2000bx,FUV
SN2000bx,NUV
SN2000ce,FUV
SN2000ce,NUV
SN2000cf,FUV
SN2000cv,FUV
SN2000dg,FUV
SN2000dg,NUV
SN2000dl,FUV
SN2000dl,NUV
SN2000dr,FUV
SN2000dr,NUV
SN2000E,FUV
SN2000ec,FUV
SN2000ej,FUV
SN2000eq,FUV
SN2000gb,FUV
SN2000gb,NUV
SN2000Q,FUV
SN2000Q,NUV
SN2000T,FUV
SN2000V,FUV
SN2001ba,FUV
SN2001br,FUV
SN2001br,NUV
SN2001de,NUV
SN2001dl,FUV
SN2001dl,NUV
SN2001dn,NUV
SN2001ds,NUV
SN2001dw,NUV
SN2001E,FUV
SN2001eg,FUV
SN2001eg,NUV
SN2001en,FUV
SN2001eo,FUV
SN2001eo,NUV
SN2001er,FUV
SN2001er,NUV
SN2001G,FUV
SN2001gi,FUV
SN2001gi,NUV
SN2001gr,FUV
SN2001gt,FUV
SN2001gu,FUV
SN2001ha,FUV
SN2001hd,FUV
SN2001hd,NUV
SN2001he,FUV
SN2001he,NUV
SN2001if,NUV
SN2001kn,FUV
SN2001kn,NUV
SN2001L,FUV
SN2001L,NUV
SN2001N,FUV
SN2001N,NUV
SN2001U,FUV
SN2001U,NUV
SN2001V,FUV
SN2001V,NUV
SN2002ar,FUV
SN2002ar,NUV
SN2002B,FUV
SN2002bf,FUV
SN2002bi,FUV
SN2002br,FUV
SN2002cf,FUV
SN2002cf,NUV
SN2002cn,FUV
SN2002cn,NUV
SN2002cr,FUV
SN2002cx,FUV
SN2002cx,NUV
SN2002dr,NUV
SN2002eh,FUV
SN2002eh,NUV
SN2002fa,FUV
SN2002fb,NUV
SN2002gk,FUV
SN2002gm,FUV
SN2002gm,NUV
SN2002gt,NUV
SN2002H,FUV
SN2002H,NUV
SN2002hu,NUV
SN2002hv,FUV
SN2002hv,NUV
SN2002jm,FUV
SN2002jm,NUV
SN2002jo,FUV
SN2002jo,NUV
SN2002lr,FUV
SN2002ls,NUV
SN2003dc,FUV
SN2003ez,FUV
SN2003ez,NUV
SN2003ik,FUV
SN2003ik,NUV
SN2003it,FUV
SN2003jy,FUV
SN2003lk,FUV
SN2003P,FUV
SN2004as,FUV
SN2004as,NUV
SN2004av,FUV
SN2004av,NUV
SN2004az,FUV
SN2004az,NUV
SN2004bc,FUV
SN2004bc,NUV
SN2004bd,FUV
SN2004bd,NUV
SN2004bo,FUV
SN2004bo,NUV
SN2004bp,FUV
SN2004bp,NUV
SN2004bq,FUV
SN2004bq,NUV
SN2004br,FUV
SN2004br,NUV
SN2004bz,FUV
SN2004bz,NUV
SN2004cd,FUV
SN2004ce,FUV
SN2004ce,NUV
SN2004ee,FUV
SN2004ee,NUV
SN2004fg,NUV
SN2004fw,FUV
SN2004fw,NUV
SN2004gm,FUV
SN2004hb,FUV
SN2004hd,FUV
SN2004hh,FUV
SN2004hi,FUV
SN2004Y,FUV
SN2005am,FUV
SN2005am,NUV
SN2005ao,FUV
SN2005ao,NUV
SN2005be,FUV
SN2005bg,FUV
SN2005bm,FUV
SN2005bm,NUV
SN2005bo,FUV
SN2005cc,FUV
SN2005cq,FUV
SN2005cq,NUV
SN2005cx,NUV
SN2005dm,FUV
SN2005dv,FUV
SN2005dv,NUV
SN2005et,FUV
SN2005et,NUV
SN2005ff,FUV
SN2005fg,NUV
SN2005ft,FUV
SN2005jb,NUV
SN2005li,NUV
SN2005ls,NUV
SN2005lz,NUV
SN2005mi,NUV
SN2005mv,FUV
SN2005P,FUV
SN2006ae,FUV
SN2006ae,NUV
SN2006ah,FUV
SN2006ah,NUV
SN2006ak,FUV
SN2006ax,FUV
SN2006br,FUV
SN2006cz,FUV
SN2006dv,NUV
SN2006et,FUV
SN2006et,NUV
SN2006hh,NUV
SN2006hv,NUV
SN2006ik,FUV
SN2006ik,NUV
SN2006jf,NUV
SN2006ks,NUV
SN2006mm,FUV
SN2006mu,NUV
SN2006mx,NUV
SN2006or,FUV
SN2006or,NUV
SN2006os,FUV
SN2006os,NUV
SN2006ou,FUV
SN2006ou,NUV
SN2006ra,FUV
SN2006ra,NUV
SN2006re,FUV
SN2006re,NUV
SN2006rl,FUV
SN2006rl,NUV
SN2006rs,FUV
SN2006rs,NUV
SN2006rw,FUV
SN2006rw,NUV
SN2006S,FUV
SN2006S,NUV
SN2006sc,FUV
SN2006sv,NUV
SN2006td,NUV
SN2006tp,FUV
SN2007at,FUV
SN2007at,NUV
SN2007B,FUV
SN2007bd,FUV
SN2007bd,NUV
SN2007cb,FUV
SN2007cb,NUV
SN2007cc,FUV
SN2007cc,NUV
SN2007cf,FUV
SN2007cg,FUV
SN2007cg,NUV
SN2007cp,FUV
SN2007dc,FUV
SN2007dc,NUV
SN2007de,FUV
SN2007dh,FUV
SN2007dl,FUV
SN2007dl,NUV
SN2007do,FUV
SN2007du,FUV
SN2007ee,FUV
SN2007ee,NUV
SN2007eg,FUV
SN2007eg,NUV
SN2007ek,FUV
SN2007eo,FUV
SN2007ex,NUV
SN2007F,FUV
SN2007fb,FUV
SN2007fb,NUV
SN2007fi,FUV
SN2007fi,NUV
SN2007ft,NUV
SN2007fx,FUV
SN2007fx,NUV
SN2007gv,FUV
SN2007gv,NUV
SN2007hg,NUV
SN2007hq,FUV
SN2007in,FUV
SN2007in,NUV
SN2007jx,NUV
SN2007kk,NUV
SN2007la,FUV
SN2007lo,FUV
SN2007M,FUV
SN2007M,NUV
SN2007N,FUV
SN2007no,FUV
SN2007no,NUV
SN2007op,FUV
SN2007op,NUV
SN2007pl,FUV
SN2007pl,NUV
SN2007qq,NUV
SN2007qu,FUV
SN2007th,FUV
SN2007ti,FUV
SN2007tj,FUV
SN2007ug,FUV
SN2007ul,FUV
SN2007up,FUV
SN2007ux,FUV
SN2007V,NUV
SN2008ab,FUV
SN2008ae,FUV
SN2008af,FUV
SN2008ah,FUV
SN2008ba,FUV
SN2008by,FUV
SN2008by,NUV
SN2008cf,FUV
SN2008cf,NUV
SN2008cj,FUV
SN2008cq,FUV
SN2008cq,NUV
SN2008cr,FUV
SN2008ds,FUV
SN2008E,FUV
SN2008ep,NUV
SN2008eq,FUV
SN2008eq,NUV
SN2008ey,NUV
SN2008ez,FUV
SN2008ez,NUV
SN2008fa,FUV
SN2008fa,NUV
SN2008fy,FUV
SN2008fy,NUV
SN2008ge,FUV
SN2008ge,NUV
SN2008ha,NUV
SN2008hb,NUV
SN2008hm,NUV
SN2008io,FUV
SN2008ir,FUV
SN2008s4,FUV
SN2008s4,NUV
SN2008s8,FUV
SN2009an,FUV
SN2009aq,FUV
SN2009aq,NUV
SN2009as,FUV
SN2009bd,FUV
SN2009be,FUV
SN2009be,NUV
SN2009bg,FUV
SN2009bg,NUV
SN2009bp,FUV
SN2009bs,FUV
SN2009bs,NUV
SN2009ce,FUV
SN2009ce,NUV
SN2009cn,FUV
SN2009cp,FUV
SN2009cr,FUV
SN2009cr,NUV
SN2009cs,FUV
SN2009dj,FUV
SN2009dl,FUV
SN2009do,NUV
SN2009ei,FUV
SN2009ei,NUV
SN2009fi,FUV
SN2009fu,FUV
SN2009fu,NUV
SN2009gy,NUV
SN2009ho,NUV
SN2009jg,FUV
SN2009jg,NUV
SN2009jj,FUV
SN2009kk,FUV
SN2009kk,NUV
SN2009lu,FUV
SN2009lv,NUV
SN2009mm,NUV
SN2009ne,FUV
SN2009ne,NUV
SN2009nv,FUV
SN2009T,FUV
SN2010ax,FUV
SN2010az,FUV
SN2010B,FUV
SN2010B,NUV
SN2010bu,FUV
SN2010bv,NUV
SN2010bw,FUV
SN2010bw,NUV
SN2010cr,FUV
SN2010cr,NUV
SN2010dw,FUV
SN2010dw,NUV
SN2010ec,FUV
SN2010ec,NUV
SN2010ew,FUV
SN2010ew,NUV
SN2010fr,NUV
SN2010gb,FUV
SN2010gc,FUV
SN2010gc,NUV
SN2010he,FUV
SN2010he,NUV
SN2010ju,NUV
SN2010kj,FUV
SN2010kj,NUV
SN2010km,FUV
SN2010km,NUV
SN2010kn,FUV
SN2010kr,FUV
SN2010kr,NUV
SN2010kt,FUV
SN2010kt,NUV
SN2010lk,FUV
SN2010lk,NUV
SN2010ly,FUV
SN2010ly,NUV
SN2010R,FUV
SN2010R,NUV
SN2011ae,FUV
SN2011ae,NUV
SN2011al,FUV
SN2011av,FUV
SN2011ay,FUV
SN2011ay,NUV
SN2011B,FUV
SN2011B,NUV
SN2011bb,FUV
SN2011bb,NUV
SN2011bc,FUV
SN2011bc,NUV
SN2011bz,FUV
SN2011bz,NUV
SN2011C,FUV
SN2011cv,FUV
SN2011cv,NUV
SN2011ek,FUV
SN2011ek,NUV
SN2011ez,FUV
SN2011fs,FUV
SN2011G,NUV
SN2011gb,NUV
SN2011hh,NUV
SN2011hq,NUV
SN2011hr,FUV
SN2011hr,NUV
SN2011ic,FUV
SN2011ik,FUV
SN2011ik,NUV
SN2011J,FUV
SN2011jh,FUV
SN2011ju,FUV
SN2011jx,FUV
SN2011jx,NUV
SN2011ka,FUV
SN2011ka,NUV
SN2011Q,FUV
SN2011Q,NUV
SN2011Z,FUV
SN2011Z,NUV
SN2012af,FUV
SN2012af,NUV
SN2012ar,FUV
SN2012be,FUV
SN2012be,NUV
SN2012bi,FUV
SN2012bi,NUV
SN2012bs,FUV
SN2012bs,NUV
SN2012ce,FUV
SN2012ce,NUV
SN2012ci,FUV
SN2012cy,FUV
SN2012dd,FUV
SN2012di,FUV
SN2012di,NUV
SN2012dr,FUV
SN2012dr,NUV
SN2012E,FUV
SN2012E,NUV
SN2012ei,FUV
SN2012eq,FUV
SN2012fb,FUV
SN2012fb,NUV
SN2012fk,NUV
SN2012G,FUV
SN2012go,FUV
SN2012gw,FUV
SN2012gw,NUV
SN2012gx,FUV
SN2012gx,NUV
SN2012gz,NUV
SN2012hg,FUV
SN2012hg,NUV
SN2012hj,FUV
SN2012hl,NUV
SN2012hq,NUV
SN2012hr,FUV
SN2012hr,NUV
SN2012ia,FUV
SN2012id,FUV
SN2012ie,NUV
SN2013ae,NUV
SN2013aj,FUV
SN2013aj,NUV
SN2013al,FUV
SN2013ao,FUV
SN2013ao,NUV
SN2013as,NUV
SN2013ax,FUV
SN2013ax,NUV
SN2013ba,FUV
SN2013bh,FUV
SN2013bp,FUV
SN2013bp,NUV
SN2013cs,FUV
SN2013cs,NUV
SN2013D,FUV
SN2013dd,FUV
SN2013dd,NUV
SN2013di,FUV
SN2013dl,FUV
SN2013dl,NUV
SN2013dq,NUV
SN2013dr,FUV
SN2013dr,NUV
SN2013dv,FUV
SN2013dv,NUV
SN2013fm,FUV
SN2013fm,NUV
SN2013hk,FUV
SN2013hk,NUV
SN2013M,NUV
SN2013V,FUV
SN2013Y,FUV
SN2014ae,FUV
SN2014ae,NUV
SN2014ah,FUV
SN2014ah,NUV
SN2014am,FUV
SN2014an,FUV
SN2014an,NUV
SN2014ap,FUV
SN2014ap,NUV
SN2014bg,FUV
SN2014bg,NUV
SN2014bn,FUV
SN2014bx,FUV
SN2014bx,NUV
SN2014by,FUV
SN2014cb,FUV
SN2014cd,FUV
SN2014cd,NUV
SN2014ch,FUV
SN2014ch,NUV
SN2014dn,FUV
SN2014ed,FUV
SN2014ed,NUV
SN2014ek,NUV
SN2014W,FUV
SN2014X,FUV
SNF20060526-003,FUV
SNF20060526-003,NUV
SNF20070427-001,FUV
SNF20080320-007,FUV
SNF20080322-005,FUV
SNF20080323-008,FUV
SNF20080323-008,NUV
SNF20080329-003,FUV
SNF20080510-000,FUV
SNF20080510-000,NUV
SNF20080517-010,FUV
SNF20080517-010,NUV
SNF20080517-013,FUV
SNF20080522-000,FUV
SNF20080531-003,FUV
SNF20080531-003,NUV
SNF20080606-012,FUV
SNF20080606-012,NUV
SNF20080612-003,FUV
SNF20080613-008,FUV
SNF20080613-008,NUV
SNF20080614-010,FUV
SNF20080614-010,NUV
SNF20080720-001,FUV
SNF20080720-001,NUV
SNF20080723-012,FUV
SNF20080723-012,NUV
SNF20080805-007,FUV
SNF20080822-005,FUV
SNF20080905-005,FUV
SNF20080905-005,NUV
SNF20080910-007,FUV
SNF20080910-007,NUV
SNF20080918-002,FUV
SNF20080926-013,FUV
SNF20080926-013,NUV
SNF20080926-014,FUV
SNF20080926-014,NUV
SNhunt239,FUV
SNLS-05D4fo,FUV
SN in MACSJ1423,FUV
SSS130304:114144-171349,FUV
SSS130304:114144-171349,NUV
