Name,NUV Background,NUV Systematic Error,FUV Background,FUV Systematic Error
Aki,,,,
CSS091127:094447+083137,,,,
CSS100912:223118+010516,,,,
Caleb,,,,
Cayanne,,,,
ESSENCEf123,,,,
ESSENCEg097,,,,
ESSENCEg133,,,,
ESSENCEg142,,,,
ESSENCEg225,,,,
ESSENCEg230,,,,
ESSENCEg240,,,,
ESSENCEk411,,,,
ESSENCEm022,,,,
ESSENCEm026,,,,
ESSENCEm027,,,,
ESSENCEm032,,,,
ESSENCEm043,,,,
ESSENCEm062,,,,
ESSENCEm070,,,,
ESSENCEm075,,,,
ESSENCEm138,,,,
ESSENCEm226,,,,
ESSENCEn246,,,,
ESSENCEn258,,,,
ESSENCEn263,,,,
ESSENCEn278,,,,
ESSENCEn285,,,,
ESSENCEn322,,,,
ESSENCEn326,,,,
ESSENCEn400,,,,
ESSENCEp425,,,,
ESSENCEp429,,,,
ESSENCEp434,,,,
ESSENCEp445,,,,
ESSENCEp454,,,,
ESSENCEp520,,,,
ESSENCEp527,,,,
ESSENCEp528,,,,
ESSENCEp534,,,,
ESSENCEq002,,,,
ESSENCEq006,,,,
ESSENCEq021,,,,
ESSENCEq022,,,,
ESSENCEs354,,,,
ESSENCEx039,,,,
ESSENCEx093,,,,
Eagle,,,,
Emma,,,,
Frida,,,,
Gabi,,,,
HST04Man,,,,
HST04Sas,,,,
HST05Dic,,,,
HST05Fer,,,,
HST05Koe,,,,
HST05Lan,,,,
Hawk,,,,
Jennie,,,,
Kurage,,,,
McGuire,,,,
Naima,,,,
PS0909010,,,,
PS1-1000004,,,,
PS1-1000005,,,,
PS1-1000007,,,,
PS1-1000008,,,,
PS1-1000009,,,,
PS1-1000790,,,,
PS1-10acx,,,,
PS1-10bls,,,,
PS1-10byr,,,,
PS1-10byw,,,,
PS1-10ia,,,,
PS1-10if,,,,
PS1-10im,,,,
PS1-10io,,,,
PS1-10j,,,,
PS1-10ka,,,,
PS1-10m,,,,
PS1-10n,,,,
PS1-10o,,,,
PS1-10p,,,,
PS1-10s,,,,
PS1-11aac,,,,
PS1-11at,,,,
PS1-11bg,,,,
PS1-11bk,,,,
PS1-11fi,,,,
PS1-11kk,,,,
PS1-11kl,,,,
PS1-11uw,,,,
PS1-11w,,,,
PS1-11yj,,,,
PS1-11yu,,,,
PS1-11zu,,,,
PS1-11zv,,,,
PS1-11zw,,,,
PS1-12sf,,,,
PS1-13lo,,,,
PSc000022,,,,
PSc000200,,,,
PSc000210,,,,
PSc000418,,,,
PSc000552,,,,
PSc010014,,,,
PSc010055,,,,
PSc010218,,,,
PSc020047,,,,
PSc020104,,,,
PSc020194,,,,
PSc030007,,,,
PSc030216,,,,
PSc040121,,,,
PSc040139,,,,
PSc040147,,,,
PSc040169,,,,
PSc040316,,,,
PSc040318,,,,
PSc040477,,,,
PSc040511,,,,
PSc040512,,,,
PSc040540,,,,
PSc040693,,,,
PSc040783,,,,
PSc050004,,,,
PSc050298,,,,
PSc050617,,,,
PSc050625,,,,
PSc050656,,,,
PSc050665,,,,
PSc051109,,,,
PSc052136,,,,
PSc060015,,,,
PSc060141,,,,
PSc060199,,,,
PSc060238,,,,
PSc060242,,,,
PSc060249,,,,
PSc061190,,,,
PSc061191,,,,
PSc061192,,,,
PSc061197,,,,
PSc070003,,,,
PSc070048,,,,
PSc070054,,,,
PSc070071,,,,
PSc070096,,,,
PSc070111,,,,
PSc070175,,,,
PSc070459,,,,
PSc070470,,,,
PSc070530,,,,
PSc070567,,,,
PSc070611,,,,
PSc071007,,,,
PSc071011,,,,
PSc071032,,,,
PSc071113,,,,
PSc071245,,,,
PSc080012,,,,
PSc080034,,,,
PSc080048,,,,
PSc080064,,,,
PSc080146,,,,
PSc080241,,,,
PSc080252,,,,
PSc080261,,,,
PSc080295,,,,
PSc080296,,,,
PSc080343,,,,
PSc080363,,,,
PSc080438,,,,
PSc080554,,,,
PSc080723,,,,
PSc080735,,,,
PSc080771,,,,
PSc080772,,,,
PSc090107,,,,
PSc090128,,,,
PSc090130,,,,
PSc090196,,,,
PSc090275,,,,
PSc090966,,,,
PSc091739,,,,
PSc091748,,,,
PSc100163,,,,
PSc100164,,,,
PSc100206,,,,
PSc100405,,,,
PSc110014,,,,
PSc110476,,,,
PSc110725,,,,
PSc120039,,,,
PSc120111,,,,
PSc120223,,,,
PSc120706,,,,
PSc130145,,,,
PSc130373,,,,
PSc130391,,,,
PSc131031,,,,
PSc140164,,,,
PSc140210,,,,
PSc140214,,,,
PSc140229,,,,
PSc140234,,,,
PSc150145,,,,
PSc150210,,,,
PSc150234,,,,
PSc150365,,,,
PSc150379,,,,
PSc150515,,,,
PSc151005,,,,
PSc160028,,,,
PSc160195,,,,
PSc170254,,,,
PSc170285,,,,
PSc170324,,,,
PSc170539,,,,
PSc170558,,,,
PSc180255,,,,
PSc180329,,,,
PSc180561,,,,
PSc190062,,,,
PSc190230,,,,
PSc190269,,,,
PSc200058,,,,
PSc200132,,,,
PSc200170,,,,
PSc210027,,,,
PSc340105,,,,
PSc350213,,,,
PSc370589,,,,
PSc380095,,,,
PSc380204,,,,
PSc380421,,,,
PSc500020,,,,
PSc500043,,,,
PSc500065,,,,
PSc520011,,,,
PSc550031,,,,
PSc580006,,,,
PSc580010,,,,
PSc580024,,,,
PSc580072,,,,
PSc590191,,,,
PTF09djc,,,,
PTF09foz,,,,
PTF10cko,,,,
PTF10feg,,,,
PTF10fej,,,,
PTF10fxe,,,,
PTF10goq,,,,
PTF10gsp,,,,
PTF10hdm,,,,
PTF10mtd,,,,
PTF10nda,,,,
PTF10nvh,,,,
PTF10qna,,,,
PTF10rbp,,,,
PTF10rgn,,,,
PTF10tqy,,,,
PTF10trp,,,,
PTF10ujt,,,,
PTF10vnu,,,,
PTF10vyv,,,,
PTF10wnt,,,,
PTF10xgp,,,,
PTF10xhs,,,,
PTF11dej,,,,
PTF11gdm,,,,
PTF11hfu,,,,
PTF11ilj,,,,
PTF11kjl,,,,
PTF11pdl,,,,
PTF11phm,,,,
PTF11wv,,,,
Patuxent,,,,
Rakke,,,,
SCP-06H3,,,,
SDSS-II SN 10036,,,,
SDSS-II SN 10066,,,,
SDSS-II SN 10113,,,,
SDSS-II SN 10146,,,,
SDSS-II SN 10154,,,,
SDSS-II SN 10450,,,,
SDSS-II SN 10506,,,,
SDSS-II SN 10524,,,,
SDSS-II SN 10559,,,,
SDSS-II SN 10620,,,,
SDSS-II SN 11026,,,,
SDSS-II SN 11098,,,,
SDSS-II SN 11156,,,,
SDSS-II SN 11181,,,,
SDSS-II SN 11305,,,,
SDSS-II SN 11317,,,,
SDSS-II SN 11370,,,,
SDSS-II SN 11518,,,,
SDSS-II SN 11523,,,,
SDSS-II SN 1158,,,,
SDSS-II SN 1166,,,,
SDSS-II SN 11771,,,,
SDSS-II SN 11858,,,,
SDSS-II SN 12076,,,,
SDSS-II SN 12199,,,,
SDSS-II SN 12213,,,,
SDSS-II SN 12804,,,,
SDSS-II SN 1282,,,,
SDSS-II SN 12852,,,,
SDSS-II SN 12875,,,,
SDSS-II SN 12879,,,,
SDSS-II SN 12936,,,,
SDSS-II SN 12941,,,,
SDSS-II SN 12947,,,,
SDSS-II SN 12974,,,,
SDSS-II SN 12978,,,,
SDSS-II SN 13009,,,,
SDSS-II SN 1302,,,,
SDSS-II SN 13066,,,,
SDSS-II SN 13079,,,,
SDSS-II SN 13101,,,,
SDSS-II SN 13108,,,,
SDSS-II SN 13147,,,,
SDSS-II SN 13168,,,,
SDSS-II SN 13177,,,,
SDSS-II SN 13302,,,,
SDSS-II SN 13303,,,,
SDSS-II SN 13333,,,,
SDSS-II SN 13339,,,,
SDSS-II SN 13378,,,,
SDSS-II SN 13393,,,,
SDSS-II SN 13411,,,,
SDSS-II SN 1342,,,,
SDSS-II SN 13452,,,,
SDSS-II SN 13458,,,,
SDSS-II SN 13465,,,,
SDSS-II SN 13476,,,,
SDSS-II SN 13479,,,,
SDSS-II SN 13494,,,,
SDSS-II SN 13497,,,,
SDSS-II SN 13507,,,,
SDSS-II SN 13520,,,,
SDSS-II SN 13529,,,,
SDSS-II SN 13532,,,,
SDSS-II SN 13558,,,,
SDSS-II SN 13590,,,,
SDSS-II SN 13615,,,,
SDSS-II SN 13617,,,,
SDSS-II SN 13646,,,,
SDSS-II SN 13716,,,,
SDSS-II SN 13729,,,,
SDSS-II SN 13731,,,,
SDSS-II SN 13732,,,,
SDSS-II SN 13734,,,,
SDSS-II SN 13737,,,,
SDSS-II SN 13777,,,,
SDSS-II SN 1378,,,,
SDSS-II SN 13786,,,,
SDSS-II SN 13807,,,,
SDSS-II SN 13813,,,,
SDSS-II SN 13833,,,,
SDSS-II SN 13834,,,,
SDSS-II SN 13836,,,,
SDSS-II SN 13839,,,,
SDSS-II SN 13843,,,,
SDSS-II SN 1385,,,,
SDSS-II SN 13859,,,,
SDSS-II SN 13864,,,,
SDSS-II SN 13867,,,,
SDSS-II SN 13896,,,,
SDSS-II SN 13901,,,,
SDSS-II SN 13902,,,,
SDSS-II SN 13903,,,,
SDSS-II SN 13907,,,,
SDSS-II SN 13908,,,,
SDSS-II SN 13909,,,,
SDSS-II SN 13931,,,,
SDSS-II SN 13942,,,,
SDSS-II SN 13946,,,,
SDSS-II SN 13958,,,,
SDSS-II SN 1403,,,,
SDSS-II SN 14035,,,,
SDSS-II SN 14043,,,,
SDSS-II SN 14046,,,,
SDSS-II SN 14074,,,,
SDSS-II SN 14087,,,,
SDSS-II SN 14090,,,,
SDSS-II SN 14093,,,,
SDSS-II SN 14113,,,,
SDSS-II SN 14126,,,,
SDSS-II SN 14137,,,,
SDSS-II SN 14141,,,,
SDSS-II SN 1415,,,,
SDSS-II SN 14169,,,,
SDSS-II SN 14173,,,,
SDSS-II SN 14177,,,,
SDSS-II SN 14205,,,,
SDSS-II SN 14223,,,,
SDSS-II SN 14227,,,,
SDSS-II SN 14231,,,,
SDSS-II SN 14250,,,,
SDSS-II SN 14258,,,,
SDSS-II SN 14268,,,,
SDSS-II SN 14305,,,,
SDSS-II SN 14308,,,,
SDSS-II SN 14317,,,,
SDSS-II SN 14322,,,,
SDSS-II SN 14327,,,,
SDSS-II SN 14330,,,,
SDSS-II SN 14333,,,,
SDSS-II SN 14343,,,,
SDSS-II SN 14346,,,,
SDSS-II SN 14347,,,,
SDSS-II SN 14361,,,,
SDSS-II SN 14372,,,,
SDSS-II SN 14382,,,,
SDSS-II SN 14389,,,,
SDSS-II SN 14403,,,,
SDSS-II SN 14425,,,,
SDSS-II SN 14429,,,,
SDSS-II SN 14438,,,,
SDSS-II SN 14445,,,,
SDSS-II SN 14446,,,,
SDSS-II SN 14453,,,,
SDSS-II SN 14463,,,,
SDSS-II SN 14470,,,,
SDSS-II SN 14478,,,,
SDSS-II SN 14480,,,,
SDSS-II SN 14498,,,,
SDSS-II SN 14500,,,,
SDSS-II SN 14505,,,,
SDSS-II SN 14522,,,,
SDSS-II SN 14523,,,,
SDSS-II SN 14524,,,,
SDSS-II SN 14525,,,,
SDSS-II SN 14531,,,,
SDSS-II SN 14579,,,,
SDSS-II SN 14591,,,,
SDSS-II SN 14619,,,,
SDSS-II SN 14624,,,,
SDSS-II SN 14638,,,,
SDSS-II SN 14649,,,,
SDSS-II SN 14654,,,,
SDSS-II SN 14675,,,,
SDSS-II SN 14708,,,,
SDSS-II SN 14742,,,,
SDSS-II SN 14750,,,,
SDSS-II SN 14760,,,,
SDSS-II SN 14771,,,,
SDSS-II SN 1478,,,,
SDSS-II SN 14784,,,,
SDSS-II SN 14786,,,,
SDSS-II SN 14790,,,,
SDSS-II SN 14809,,,,
SDSS-II SN 14831,,,,
SDSS-II SN 14836,,,,
SDSS-II SN 14845,,,,
SDSS-II SN 14858,,,,
SDSS-II SN 14883,,,,
SDSS-II SN 14888,,,,
SDSS-II SN 14900,,,,
SDSS-II SN 14907,,,,
SDSS-II SN 14914,,,,
SDSS-II SN 14916,,,,
SDSS-II SN 14925,,,,
SDSS-II SN 14928,,,,
SDSS-II SN 14951,,,,
SDSS-II SN 14963,,,,
SDSS-II SN 14972,,,,
SDSS-II SN 14989,,,,
SDSS-II SN 15003,,,,
SDSS-II SN 15006,,,,
SDSS-II SN 15008,,,,
SDSS-II SN 15033,,,,
SDSS-II SN 15041,,,,
SDSS-II SN 15053,,,,
SDSS-II SN 15074,,,,
SDSS-II SN 15075,,,,
SDSS-II SN 15080,,,,
SDSS-II SN 15085,,,,
SDSS-II SN 15088,,,,
SDSS-II SN 15093,,,,
SDSS-II SN 15101,,,,
SDSS-II SN 15103,,,,
SDSS-II SN 15104,,,,
SDSS-II SN 15108,,,,
SDSS-II SN 15116,,,,
SDSS-II SN 15137,,,,
SDSS-II SN 15160,,,,
SDSS-II SN 15198,,,,
SDSS-II SN 15212,,,,
SDSS-II SN 15239,,,,
SDSS-II SN 15255,,,,
SDSS-II SN 15263,,,,
SDSS-II SN 15272,,,,
SDSS-II SN 15291,,,,
SDSS-II SN 15294,,,,
SDSS-II SN 15303,,,,
SDSS-II SN 15309,,,,
SDSS-II SN 15314,,,,
SDSS-II SN 15324,,,,
SDSS-II SN 15347,,,,
SDSS-II SN 15353,,,,
SDSS-II SN 15359,,,,
SDSS-II SN 15370,,,,
SDSS-II SN 15401,,,,
SDSS-II SN 15417,,,,
SDSS-II SN 15418,,,,
SDSS-II SN 15419,,,,
SDSS-II SN 15422,,,,
SDSS-II SN 15455,,,,
SDSS-II SN 15467,,,,
SDSS-II SN 15470,,,,
SDSS-II SN 15496,,,,
SDSS-II SN 15505,,,,
SDSS-II SN 15516,,,,
SDSS-II SN 15525,,,,
SDSS-II SN 15526,,,,
SDSS-II SN 15533,,,,
SDSS-II SN 15535,,,,
SDSS-II SN 15549,,,,
SDSS-II SN 15558,,,,
SDSS-II SN 15559,,,,
SDSS-II SN 15569,,,,
SDSS-II SN 15587,,,,
SDSS-II SN 15603,,,,
SDSS-II SN 15618,,,,
SDSS-II SN 15624,,,,
SDSS-II SN 15633,,,,
SDSS-II SN 15650,,,,
SDSS-II SN 15655,,,,
SDSS-II SN 15660,,,,
SDSS-II SN 15690,,,,
SDSS-II SN 15697,,,,
SDSS-II SN 15725,,,,
SDSS-II SN 15726,,,,
SDSS-II SN 15727,,,,
SDSS-II SN 15730,,,,
SDSS-II SN 15737,,,,
SDSS-II SN 15741,,,,
SDSS-II SN 15748,,,,
SDSS-II SN 15751,,,,
SDSS-II SN 15755,,,,
SDSS-II SN 15759,,,,
SDSS-II SN 15761,,,,
SDSS-II SN 15765,,,,
SDSS-II SN 15779,,,,
SDSS-II SN 15784,,,,
SDSS-II SN 15793,,,,
SDSS-II SN 15803,,,,
SDSS-II SN 15805,,,,
SDSS-II SN 15806,,,,
SDSS-II SN 15814,,,,
SDSS-II SN 15817,,,,
SDSS-II SN 15822,,,,
SDSS-II SN 15823,,,,
SDSS-II SN 15850,,,,
SDSS-II SN 15860,,,,
SDSS-II SN 15865,,,,
SDSS-II SN 15866,,,,
SDSS-II SN 15903,,,,
SDSS-II SN 15916,,,,
SDSS-II SN 15929,,,,
SDSS-II SN 15935,,,,
SDSS-II SN 15941,,,,
SDSS-II SN 15944,,,,
SDSS-II SN 15945,,,,
SDSS-II SN 15946,,,,
SDSS-II SN 15953,,,,
SDSS-II SN 15955,,,,
SDSS-II SN 15961,,,,
SDSS-II SN 15967,,,,
SDSS-II SN 15973,,,,
SDSS-II SN 15987,,,,
SDSS-II SN 15988,,,,
SDSS-II SN 15992,,,,
SDSS-II SN 15994,,,,
SDSS-II SN 16001,,,,
SDSS-II SN 16015,,,,
SDSS-II SN 16039,,,,
SDSS-II SN 16044,,,,
SDSS-II SN 16054,,,,
SDSS-II SN 16094,,,,
SDSS-II SN 16104,,,,
SDSS-II SN 16111,,,,
SDSS-II SN 16121,,,,
SDSS-II SN 16125,,,,
SDSS-II SN 16129,,,,
SDSS-II SN 16130,,,,
SDSS-II SN 16136,,,,
SDSS-II SN 16142,,,,
SDSS-II SN 16148,,,,
SDSS-II SN 16153,,,,
SDSS-II SN 16163,,,,
SDSS-II SN 16172,,,,
SDSS-II SN 16199,,,,
SDSS-II SN 16202,,,,
SDSS-II SN 16220,,,,
SDSS-II SN 16237,,,,
SDSS-II SN 16238,,,,
SDSS-II SN 16298,,,,
SDSS-II SN 16301,,,,
SDSS-II SN 16302,,,,
SDSS-II SN 16356,,,,
SDSS-II SN 16360,,,,
SDSS-II SN 16393,,,,
SDSS-II SN 16405,,,,
SDSS-II SN 16433,,,,
SDSS-II SN 16434,,,,
SDSS-II SN 16441,,,,
SDSS-II SN 16451,,,,
SDSS-II SN 16455,,,,
SDSS-II SN 16460,,,,
SDSS-II SN 16462,,,,
SDSS-II SN 16467,,,,
SDSS-II SN 16468,,,,
SDSS-II SN 16472,,,,
SDSS-II SN 16477,,,,
SDSS-II SN 1650,,,,
SDSS-II SN 16547,,,,
SDSS-II SN 16551,,,,
SDSS-II SN 16572,,,,
SDSS-II SN 16582,,,,
SDSS-II SN 16586,,,,
SDSS-II SN 16606,,,,
SDSS-II SN 16626,,,,
SDSS-II SN 16637,,,,
SDSS-II SN 16652,,,,
SDSS-II SN 16715,,,,
SDSS-II SN 16721,,,,
SDSS-II SN 16724,,,,
SDSS-II SN 16831,,,,
SDSS-II SN 16841,,,,
SDSS-II SN 1686,,,,
SDSS-II SN 16878,,,,
SDSS-II SN 16879,,,,
SDSS-II SN 16937,,,,
SDSS-II SN 16945,,,,
SDSS-II SN 16946,,,,
SDSS-II SN 16950,,,,
SDSS-II SN 16975,,,,
SDSS-II SN 16976,,,,
SDSS-II SN 17031,,,,
SDSS-II SN 17068,,,,
SDSS-II SN 17169,,,,
SDSS-II SN 17191,,,,
SDSS-II SN 17205,,,,
SDSS-II SN 17206,,,,
SDSS-II SN 17219,,,,
SDSS-II SN 17337,,,,
SDSS-II SN 17372,,,,
SDSS-II SN 17395,,,,
SDSS-II SN 1740,,,,
SDSS-II SN 17421,,,,
SDSS-II SN 17423,,,,
SDSS-II SN 17433,,,,
SDSS-II SN 17473,,,,
SDSS-II SN 1750,,,,
SDSS-II SN 17508,,,,
SDSS-II SN 17527,,,,
SDSS-II SN 17542,,,,
SDSS-II SN 17577,,,,
SDSS-II SN 1762,,,,
SDSS-II SN 17641,,,,
SDSS-II SN 17647,,,,
SDSS-II SN 17667,,,,
SDSS-II SN 17692,,,,
SDSS-II SN 17716,,,,
SDSS-II SN 17737,,,,
SDSS-II SN 17743,,,,
SDSS-II SN 17748,,,,
SDSS-II SN 17773,,,,
SDSS-II SN 17803,,,,
SDSS-II SN 17816,,,,
SDSS-II SN 17820,,,,
SDSS-II SN 17829,,,,
SDSS-II SN 1783,,,,
SDSS-II SN 17835,,,,
SDSS-II SN 17851,,,,
SDSS-II SN 17899,,,,
SDSS-II SN 17902,,,,
SDSS-II SN 17906,,,,
SDSS-II SN 17915,,,,
SDSS-II SN 17925,,,,
SDSS-II SN 17927,,,,
SDSS-II SN 17928,,,,
SDSS-II SN 17934,,,,
SDSS-II SN 17945,,,,
SDSS-II SN 17949,,,,
SDSS-II SN 17955,,,,
SDSS-II SN 17957,,,,
SDSS-II SN 17958,,,,
SDSS-II SN 17965,,,,
SDSS-II SN 17967,,,,
SDSS-II SN 17976,,,,
SDSS-II SN 17999,,,,
SDSS-II SN 18011,,,,
SDSS-II SN 18033,,,,
SDSS-II SN 18034,,,,
SDSS-II SN 18038,,,,
SDSS-II SN 18041,,,,
SDSS-II SN 18047,,,,
SDSS-II SN 18049,,,,
SDSS-II SN 18067,,,,
SDSS-II SN 18071,,,,
SDSS-II SN 18082,,,,
SDSS-II SN 18100,,,,
SDSS-II SN 18116,,,,
SDSS-II SN 18129,,,,
SDSS-II SN 18130,,,,
SDSS-II SN 18146,,,,
SDSS-II SN 18175,,,,
SDSS-II SN 18182,,,,
SDSS-II SN 18188,,,,
SDSS-II SN 18218,,,,
SDSS-II SN 18221,,,,
SDSS-II SN 18224,,,,
SDSS-II SN 1823,,,,
SDSS-II SN 18253,,,,
SDSS-II SN 18254,,,,
SDSS-II SN 18256,,,,
SDSS-II SN 18275,,,,
SDSS-II SN 18276,,,,
SDSS-II SN 18301,,,,
SDSS-II SN 18304,,,,
SDSS-II SN 18307,,,,
SDSS-II SN 18324,,,,
SDSS-II SN 18339,,,,
SDSS-II SN 1835,,,,
SDSS-II SN 18362,,,,
SDSS-II SN 18374,,,,
SDSS-II SN 18380,,,,
SDSS-II SN 18430,,,,
SDSS-II SN 18450,,,,
SDSS-II SN 18454,,,,
SDSS-II SN 18459,,,,
SDSS-II SN 18468,,,,
SDSS-II SN 18473,,,,
SDSS-II SN 18475,,,,
SDSS-II SN 1858,,,,
SDSS-II SN 18589,,,,
SDSS-II SN 18630,,,,
SDSS-II SN 18666,,,,
SDSS-II SN 18704,,,,
SDSS-II SN 18722,,,,
SDSS-II SN 18747,,,,
SDSS-II SN 18767,,,,
SDSS-II SN 18789,,,,
SDSS-II SN 18797,,,,
SDSS-II SN 18802,,,,
SDSS-II SN 18803,,,,
SDSS-II SN 18839,,,,
SDSS-II SN 18917,,,,
SDSS-II SN 18920,,,,
SDSS-II SN 18941,,,,
SDSS-II SN 18947,,,,
SDSS-II SN 18948,,,,
SDSS-II SN 18952,,,,
SDSS-II SN 18953,,,,
SDSS-II SN 18971,,,,
SDSS-II SN 18973,,,,
SDSS-II SN 18993,,,,
SDSS-II SN 19014,,,,
SDSS-II SN 19030,,,,
SDSS-II SN 19032,,,,
SDSS-II SN 19052,,,,
SDSS-II SN 19059,,,,
SDSS-II SN 19065,,,,
SDSS-II SN 19068,,,,
SDSS-II SN 19069,,,,
SDSS-II SN 19078,,,,
SDSS-II SN 19091,,,,
SDSS-II SN 19099,,,,
SDSS-II SN 19104,,,,
SDSS-II SN 19132,,,,
SDSS-II SN 19140,,,,
SDSS-II SN 19144,,,,
SDSS-II SN 19165,,,,
SDSS-II SN 19188,,,,
SDSS-II SN 19200,,,,
SDSS-II SN 19209,,,,
SDSS-II SN 1921,,,,
SDSS-II SN 19246,,,,
SDSS-II SN 19308,,,,
SDSS-II SN 19332,,,,
SDSS-II SN 19335,,,,
SDSS-II SN 19336,,,,
SDSS-II SN 19338,,,,
SDSS-II SN 19344,,,,
SDSS-II SN 19346,,,,
SDSS-II SN 19359,,,,
SDSS-II SN 19361,,,,
SDSS-II SN 19377,,,,
SDSS-II SN 19399,,,,
SDSS-II SN 19408,,,,
SDSS-II SN 19417,,,,
SDSS-II SN 19449,,,,
SDSS-II SN 19467,,,,
SDSS-II SN 19468,,,,
SDSS-II SN 19484,,,,
SDSS-II SN 19490,,,,
SDSS-II SN 19494,,,,
SDSS-II SN 19499,,,,
SDSS-II SN 19517,,,,
SDSS-II SN 19518,,,,
SDSS-II SN 19525,,,,
SDSS-II SN 19531,,,,
SDSS-II SN 19545,,,,
SDSS-II SN 19549,,,,
SDSS-II SN 19552,,,,
SDSS-II SN 19555,,,,
SDSS-II SN 19573,,,,
SDSS-II SN 1958,,,,
SDSS-II SN 19582,,,,
SDSS-II SN 19593,,,,
SDSS-II SN 19599,,,,
SDSS-II SN 19608,,,,
SDSS-II SN 19619,,,,
SDSS-II SN 19668,,,,
SDSS-II SN 19689,,,,
SDSS-II SN 19690,,,,
SDSS-II SN 19723,,,,
SDSS-II SN 19758,,,,
SDSS-II SN 19762,,,,
SDSS-II SN 19764,,,,
SDSS-II SN 19769,,,,
SDSS-II SN 19776,,,,
SDSS-II SN 19778,,,,
SDSS-II SN 1978,,,,
SDSS-II SN 1979,,,,
SDSS-II SN 19791,,,,
SDSS-II SN 19821,,,,
SDSS-II SN 19825,,,,
SDSS-II SN 19986,,,,
SDSS-II SN 19987,,,,
SDSS-II SN 20033,,,,
SDSS-II SN 20043,,,,
SDSS-II SN 20046,,,,
SDSS-II SN 20047,,,,
SDSS-II SN 20141,,,,
SDSS-II SN 20152,,,,
SDSS-II SN 20171,,,,
SDSS-II SN 20191,,,,
SDSS-II SN 20232,,,,
SDSS-II SN 20257,,,,
SDSS-II SN 20262,,,,
SDSS-II SN 20267,,,,
SDSS-II SN 20276,,,,
SDSS-II SN 20278,,,,
SDSS-II SN 20300,,,,
SDSS-II SN 20316,,,,
SDSS-II SN 20323,,,,
SDSS-II SN 20336,,,,
SDSS-II SN 20400,,,,
SDSS-II SN 20405,,,,
SDSS-II SN 20408,,,,
SDSS-II SN 20411,,,,
SDSS-II SN 20431,,,,
SDSS-II SN 20435,,,,
SDSS-II SN 20447,,,,
SDSS-II SN 20467,,,,
SDSS-II SN 20476,,,,
SDSS-II SN 20491,,,,
SDSS-II SN 20501,,,,
SDSS-II SN 20514,,,,
SDSS-II SN 20541,,,,
SDSS-II SN 20545,,,,
SDSS-II SN 20553,,,,
SDSS-II SN 20558,,,,
SDSS-II SN 20572,,,,
SDSS-II SN 20578,,,,
SDSS-II SN 20588,,,,
SDSS-II SN 20590,,,,
SDSS-II SN 20591,,,,
SDSS-II SN 20592,,,,
SDSS-II SN 20596,,,,
SDSS-II SN 20601,,,,
SDSS-II SN 20608,,,,
SDSS-II SN 20613,,,,
SDSS-II SN 20619,,,,
SDSS-II SN 20624,,,,
SDSS-II SN 20678,,,,
SDSS-II SN 20685,,,,
SDSS-II SN 20690,,,,
SDSS-II SN 20709,,,,
SDSS-II SN 20719,,,,
SDSS-II SN 20721,,,,
SDSS-II SN 20722,,,,
SDSS-II SN 20727,,,,
SDSS-II SN 20744,,,,
SDSS-II SN 20745,,,,
SDSS-II SN 20750,,,,
SDSS-II SN 20759,,,,
SDSS-II SN 20787,,,,
SDSS-II SN 20791,,,,
SDSS-II SN 20805,,,,
SDSS-II SN 20815,,,,
SDSS-II SN 20825,,,,
SDSS-II SN 20828,,,,
SDSS-II SN 20830,,,,
SDSS-II SN 20842,,,,
SDSS-II SN 20870,,,,
SDSS-II SN 20877,,,,
SDSS-II SN 20891,,,,
SDSS-II SN 20896,,,,
SDSS-II SN 20916,,,,
SDSS-II SN 20917,,,,
SDSS-II SN 20923,,,,
SDSS-II SN 20926,,,,
SDSS-II SN 20932,,,,
SDSS-II SN 20936,,,,
SDSS-II SN 20953,,,,
SDSS-II SN 20961,,,,
SDSS-II SN 20969,,,,
SDSS-II SN 20971,,,,
SDSS-II SN 20998,,,,
SDSS-II SN 21001,,,,
SDSS-II SN 21013,,,,
SDSS-II SN 21015,,,,
SDSS-II SN 21019,,,,
SDSS-II SN 21023,,,,
SDSS-II SN 21027,,,,
SDSS-II SN 21060,,,,
SDSS-II SN 21069,,,,
SDSS-II SN 21161,,,,
SDSS-II SN 21185,,,,
SDSS-II SN 21306,,,,
SDSS-II SN 21307,,,,
SDSS-II SN 21347,,,,
SDSS-II SN 21351,,,,
SDSS-II SN 21361,,,,
SDSS-II SN 21381,,,,
SDSS-II SN 21385,,,,
SDSS-II SN 21388,,,,
SDSS-II SN 21389,,,,
SDSS-II SN 21401,,,,
SDSS-II SN 21402,,,,
SDSS-II SN 21405,,,,
SDSS-II SN 21406,,,,
SDSS-II SN 21451,,,,
SDSS-II SN 21482,,,,
SDSS-II SN 21487,,,,
SDSS-II SN 2149,,,,
SDSS-II SN 21494,,,,
SDSS-II SN 21577,,,,
SDSS-II SN 21589,,,,
SDSS-II SN 2162,,,,
SDSS-II SN 21648,,,,
SDSS-II SN 21764,,,,
SDSS-II SN 21858,,,,
SDSS-II SN 21874,,,,
SDSS-II SN 21875,,,,
SDSS-II SN 21884,,,,
SDSS-II SN 21885,,,,
SDSS-II SN 21888,,,,
SDSS-II SN 21889,,,,
SDSS-II SN 2355,,,,
SDSS-II SN 2532,,,,
SDSS-II SN 2537,,,,
SDSS-II SN 2551,,,,
SDSS-II SN 2621,,,,
SDSS-II SN 2639,,,,
SDSS-II SN 2784,,,,
SDSS-II SN 2806,,,,
SDSS-II SN 2808,,,,
SDSS-II SN 2855,,,,
SDSS-II SN 2871,,,,
SDSS-II SN 3161,,,,
SDSS-II SN 3172,,,,
SDSS-II SN 3175,,,,
SDSS-II SN 3180,,,,
SDSS-II SN 3195,,,,
SDSS-II SN 3205,,,,
SDSS-II SN 3206,,,,
SDSS-II SN 3225,,,,
SDSS-II SN 3323,,,,
SDSS-II SN 3402,,,,
SDSS-II SN 3421,,,,
SDSS-II SN 3426,,,,
SDSS-II SN 3475,,,,
SDSS-II SN 3506,,,,
SDSS-II SN 3508,,,,
SDSS-II SN 3535,,,,
SDSS-II SN 3543,,,,
SDSS-II SN 3565,,,,
SDSS-II SN 3593,,,,
SDSS-II SN 3669,,,,
SDSS-II SN 3674,,,,
SDSS-II SN 3780,,,,
SDSS-II SN 3811,,,,
SDSS-II SN 3881,,,,
SDSS-II SN 3889,,,,
SDSS-II SN 3945,,,,
SDSS-II SN 3959,,,,
SDSS-II SN 3970,,,,
SDSS-II SN 3975,,,,
SDSS-II SN 3983,,,,
SDSS-II SN 4028,,,,
SDSS-II SN 4048,,,,
SDSS-II SN 4054,,,,
SDSS-II SN 4079,,,,
SDSS-II SN 4104,,,,
SDSS-II SN 4110,,,,
SDSS-II SN 4129,,,,
SDSS-II SN 4175,,,,
SDSS-II SN 4181,,,,
SDSS-II SN 4206,,,,
SDSS-II SN 4211,,,,
SDSS-II SN 4229,,,,
SDSS-II SN 4236,,,,
SDSS-II SN 4307,,,,
SDSS-II SN 4311,,,,
SDSS-II SN 4313,,,,
SDSS-II SN 4360,,,,
SDSS-II SN 4361,,,,
SDSS-II SN 4455,,,,
SDSS-II SN 4540,,,,
SDSS-II SN 4557,,,,
SDSS-II SN 4558,,,,
SDSS-II SN 4612,,,,
SDSS-II SN 4639,,,,
SDSS-II SN 4651,,,,
SDSS-II SN 4682,,,,
SDSS-II SN 4714,,,,
SDSS-II SN 4757,,,,
SDSS-II SN 4808,,,,
SDSS-II SN 4857,,,,
SDSS-II SN 4978,,,,
SDSS-II SN 5178,,,,
SDSS-II SN 5197,,,,
SDSS-II SN 5199,,,,
SDSS-II SN 5209,,,,
SDSS-II SN 5230,,,,
SDSS-II SN 5247,,,,
SDSS-II SN 5292,,,,
SDSS-II SN 5378,,,,
SDSS-II SN 5468,,,,
SDSS-II SN 5473,,,,
SDSS-II SN 5486,,,,
SDSS-II SN 5590,,,,
SDSS-II SN 5595,,,,
SDSS-II SN 5659,,,,
SDSS-II SN 5690,,,,
SDSS-II SN 5702,,,,
SDSS-II SN 5731,,,,
SDSS-II SN 5735,,,,
SDSS-II SN 5804,,,,
SDSS-II SN 5869,,,,
SDSS-II SN 5877,,,,
SDSS-II SN 5890,,,,
SDSS-II SN 5897,,,,
SDSS-II SN 5917,,,,
SDSS-II SN 5925,,,,
SDSS-II SN 5963,,,,
SDSS-II SN 5978,,,,
SDSS-II SN 5993,,,,
SDSS-II SN 6055,,,,
SDSS-II SN 6120,,,,
SDSS-II SN 6121,,,,
SDSS-II SN 6210,,,,
SDSS-II SN 6225,,,,
SDSS-II SN 6274,,,,
SDSS-II SN 6275,,,,
SDSS-II SN 6300,,,,
SDSS-II SN 6362,,,,
SDSS-II SN 6491,,,,
SDSS-II SN 6496,,,,
SDSS-II SN 6530,,,,
SDSS-II SN 6556,,,,
SDSS-II SN 6618,,,,
SDSS-II SN 6654,,,,
SDSS-II SN 6683,,,,
SDSS-II SN 6696,,,,
SDSS-II SN 6709,,,,
SDSS-II SN 6807,,,,
SDSS-II SN 6813,,,,
SDSS-II SN 6816,,,,
SDSS-II SN 6831,,,,
SDSS-II SN 6861,,,,
SDSS-II SN 6873,,,,
SDSS-II SN 6877,,,,
SDSS-II SN 6883,,,,
SDSS-II SN 6889,,,,
SDSS-II SN 6895,,,,
SDSS-II SN 6896,,,,
SDSS-II SN 696,,,,
SDSS-II SN 7051,,,,
SDSS-II SN 7056,,,,
SDSS-II SN 7099,,,,
SDSS-II SN 7194,,,,
SDSS-II SN 7195,,,,
SDSS-II SN 7365,,,,
SDSS-II SN 7373,,,,
SDSS-II SN 7374,,,,
SDSS-II SN 7413,,,,
SDSS-II SN 7479,,,,
SDSS-II SN 7502,,,,
SDSS-II SN 7594,,,,
SDSS-II SN 7600,,,,
SDSS-II SN 7644,,,,
SDSS-II SN 7663,,,,
SDSS-II SN 7699,,,,
SDSS-II SN 7701,,,,
SDSS-II SN 7713,,,,
SDSS-II SN 7717,,,,
SDSS-II SN 7725,,,,
SDSS-II SN 773,,,,
SDSS-II SN 7736,,,,
SDSS-II SN 7780,,,,
SDSS-II SN 779,,,,
SDSS-II SN 7794,,,,
SDSS-II SN 7802,,,,
SDSS-II SN 7803,,,,
SDSS-II SN 7822,,,,
SDSS-II SN 7824,,,,
SDSS-II SN 7835,,,,
SDSS-II SN 7851,,,,
SDSS-II SN 7882,,,,
SDSS-II SN 7884,,,,
SDSS-II SN 7954,,,,
SDSS-II SN 7986,,,,
SDSS-II SN 8004,,,,
SDSS-II SN 8062,,,,
SDSS-II SN 8092,,,,
SDSS-II SN 8114,,,,
SDSS-II SN 8160,,,,
SDSS-II SN 8165,,,,
SDSS-II SN 8216,,,,
SDSS-II SN 8254,,,,
SDSS-II SN 8280,,,,
SDSS-II SN 8290,,,,
SDSS-II SN 8307,,,,
SDSS-II SN 8327,,,,
SDSS-II SN 8421,,,,
SDSS-II SN 8457,,,,
SDSS-II SN 8576,,,,
SDSS-II SN 8577,,,,
SDSS-II SN 8600,,,,
SDSS-II SN 8605,,,,
SDSS-II SN 8607,,,,
SDSS-II SN 8662,,,,
SDSS-II SN 8700,,,,
SDSS-II SN 8730,,,,
SDSS-II SN 8888,,,,
SDSS-II SN 8912,,,,
SDSS-II SN 893,,,,
SDSS-II SN 9020,,,,
SDSS-II SN 904,,,,
SDSS-II SN 9052,,,,
SDSS-II SN 9109,,,,
SDSS-II SN 9132,,,,
SDSS-II SN 9133,,,,
SDSS-II SN 9194,,,,
SDSS-II SN 9239,,,,
SDSS-II SN 9268,,,,
SDSS-II SN 9326,,,,
SDSS-II SN 9353,,,,
SDSS-II SN 9424,,,,
SDSS-II SN 9458,,,,
SDSS-II SN 9551,,,,
SDSS-II SN 9557,,,,
SDSS-II SN 9558,,,,
SDSS-II SN 9594,,,,
SDSS-II SN 9595,,,,
SDSS-II SN 9704,,,,
SDSS-II SN 9817,,,,
SDSS-II SN 986,,,,
SDSS-II SN 9895,,,,
SDSS-II SN 9954,,,,
SN Primo,,,,
SN2003im,,,,
SN2003jj,,,,
SN2003jk,,,,
SN2003jr,,,,
SN2003ju,,,,
SN2003kk,,,,
SN2003ku,,,,
SN2003kv,,,,
SN2003lc,,,,
SN2003le,,,,
SN2003lf,,,,
SN2003lj,,,,
SN2003ll,,,,
SN2004at,,,,
SN2004bj,,,,
SN2004bk,,,,
SN2004cd,,,,
SN2004cn,,,,
SN2004co,,,,
SN2004ey,,,,
SN2004fd,,,,
SN2004fh,,,,
SN2004fj,,,,
SN2004fk,,,,
SN2004fl,,,,
SN2004fm,,,,
SN2004fn,,,,
SN2004fo,,,,
SN2004fq,,,,
SN2004fu,,,,
SN2004gs,,,,
SN2004ha,,,,
SN2004hb,,,,
SN2004hd,,,,
SN2004hg,,,,
SN2004hh,,,,
SN2004hk,,,,
SN2004hl,,,,
SN2004hn,,,,
SN2004ho,,,,
SN2004hp,,,,
SN2004ia,,,,
SN2004id,,,,
SN2004ie,,,,
SN2004if,,,,
SN2004ig,,,,
SN2004ij,,,,
SN2004ik,,,,
SN2004il,,,,
SN2005A,,,,
SN2005S,,,,
SN2005ac,,,,
SN2005ai,,,,
SN2005cc,,,,
SN2005co,,,,
SN2005cr,,,,
SN2005dh,,,,
SN2005ed,,,,
SN2005ef,,,,
SN2005eg,,,,
SN2005eh,,,,
SN2005ej,,,,
SN2005eq,,,,
SN2005eu,,,,
SN2005ev,,,,
SN2005ex,,,,
SN2005fb,,,,
SN2005fd,,,,
SN2005fe,,,,
SN2005ff,,,,
SN2005fh,,,,
SN2005fi,,,,
SN2005fn,,,,
SN2005fq,,,,
SN2005fr,,,,
SN2005ft,,,,
SN2005fv,,,,
SN2005fx,,,,
SN2005fy,,,,
SN2005fz,,,,
SN2005gc,,,,
SN2005gf,,,,
SN2005gg,,,,
SN2005gh,,,,
SN2005gj,,,,
SN2005go,,,,
SN2005gq,,,,
SN2005gr,,,,
SN2005gw,,,,
SN2005gx,,,,
SN2005hc,,,,
SN2005hj,,,,
SN2005hk,,,,
SN2005ho,,,,
SN2005hr,,,,
SN2005ht,,,,
SN2005hu,,,,
SN2005hv,,,,
SN2005hz,,,,
SN2005ia,,,,
SN2005ib,,,,
SN2005id,,,,
SN2005ie,,,,
SN2005ih,,,,
SN2005ij,,,,
SN2005il,,,,
SN2005in,,,,
SN2005is,,,,
SN2005ix,,,,
SN2005jc,,,,
SN2005jf,,,,
SN2005jh,,,,
SN2005jj,,,,
SN2005jk,,,,
SN2005jn,,,,
SN2005jo,,,,
SN2005jp,,,,
SN2005jr,,,,
SN2005js,,,,
SN2005jw,,,,
SN2005jy,,,,
SN2005jz,,,,
SN2005ka,,,,
SN2005kc,,,,
SN2005ke,,,,
SN2005ko,,,,
SN2005kq,,,,
SN2005kt,,,,
SN2005ky,,,,
SN2005le,,,,
SN2005lh,,,,
SN2005lj,,,,
SN2005ln,,,,
SN2005lo,,,,
SN2005lp,,,,
SN2005mc,,,,
SN2005ml,,,,
SN2005mn,,,,
SN2005mo,,,,
SN2005mp,,,,
SN2005mq,,,,
SN2005mr,,,,
SN2006D,,,,
SN2006E,,,,
SN2006P,,,,
SN2006X,,,,
SN2006Z,,,,
SN2006ap,,,,
SN2006ax,,,,
SN2006ay,,,,
SN2006bk,,,,
SN2006bm,,,,
SN2006br,,,,
SN2006bu,,,,
SN2006cc,,,,
SN2006cg,,,,
SN2006ch,,,,
SN2006cz,,,,
SN2006dd,,,,
SN2006dm,,,,
SN2006eb,,,,
SN2006ef,,,,
SN2006en,,,,
SN2006eq,,,,
SN2006er,,,,
SN2006eu,,,,
SN2006ex,,,,
SN2006fb,,,,
SN2006fc,,,,
SN2006fd,,,,
SN2006fe,,,,
SN2006ff,,,,
SN2006fk,,,,
SN2006fl,,,,
SN2006fm,,,,
SN2006fn,,,,
SN2006fr,,,,
SN2006fu,,,,
SN2006fv,,,,
SN2006fw,,,,
SN2006ga,,,,
SN2006ge,,,,
SN2006gf,,,,
SN2006gg,,,,
SN2006gh,,,,
SN2006gl,,,,
SN2006go,,,,
SN2006gt,,,,
SN2006gv,,,,
SN2006gw,,,,
SN2006hb,,,,
SN2006hd,,,,
SN2006he,,,,
SN2006hi,,,,
SN2006hl,,,,
SN2006hn,,,,
SN2006hq,,,,
SN2006hr,,,,
SN2006ht,,,,
SN2006hu,,,,
SN2006hy,,,,
SN2006ib,,,,
SN2006iy,,,,
SN2006iz,,,,
SN2006jg,,,,
SN2006jh,,,,
SN2006jj,,,,
SN2006jm,,,,
SN2006jr,,,,
SN2006js,,,,
SN2006jt,,,,
SN2006ju,,,,
SN2006jv,,,,
SN2006jw,,,,
SN2006jx,,,,
SN2006jy,,,,
SN2006jz,,,,
SN2006ka,,,,
SN2006kd,,,,
SN2006kj,,,,
SN2006kk,,,,
SN2006km,,,,
SN2006ko,,,,
SN2006kp,,,,
SN2006kq,,,,
SN2006kr,,,,
SN2006ku,,,,
SN2006kx,,,,
SN2006la,,,,
SN2006lb,,,,
SN2006lj,,,,
SN2006ll,,,,
SN2006ln,,,,
SN2006lo,,,,
SN2006lp,,,,
SN2006lq,,,,
SN2006lw,,,,
SN2006ly,,,,
SN2006md,,,,
SN2006mi,,,,
SN2006mj,,,,
SN2006ml,,,,
SN2006mm,,,,
SN2006mn,,,,
SN2006mt,,,,
SN2006mw,,,,
SN2006na,,,,
SN2006nb,,,,
SN2006nc,,,,
SN2006nd,,,,
SN2006nf,,,,
SN2006ng,,,,
SN2006ni,,,,
SN2006nk,,,,
SN2006nl,,,,
SN2006nn,,,,
SN2006no,,,,
SN2006np,,,,
SN2006nu,,,,
SN2006nv,,,,
SN2006nz,,,,
SN2006oc,,,,
SN2006od,,,,
SN2006oe,,,,
SN2006of,,,,
SN2006oi,,,,
SN2006oj,,,,
SN2006ok,,,,
SN2006ol,,,,
SN2006om,,,,
SN2006oy,,,,
SN2006pa,,,,
SN2006pb,,,,
SN2006pd,,,,
SN2006pe,,,,
SN2006pg,,,,
SN2006pi,,,,
SN2006pj,,,,
SN2006pk,,,,
SN2006pl,,,,
SN2006pm,,,,
SN2006pn,,,,
SN2006pp,,,,
SN2006pq,,,,
SN2006pr,,,,
SN2006ps,,,,
SN2006pt,,,,
SN2006pw,,,,
SN2006px,,,,
SN2006py,,,,
SN2006qa,,,,
SN2006qb,,,,
SN2006qd,,,,
SN2006qg,,,,
SN2006qh,,,,
SN2006ro,,,,
SN2006rz,,,,
SN2006sb,,,,
SN2006sd,,,,
SN2006sf,,,,
SN2006sg,,,,
SN2006sh,,,,
SN2006si,,,,
SN2006sj,,,,
SN2006sk,,,,
SN2006sm,,,,
SN2006so,,,,
SN2006sp,,,,
SN2006sr,,,,
SN2006su,,,,
SN2006sw,,,,
SN2006sz,,,,
SN2006ta,,,,
SN2006tb,,,,
SN2006tj,,,,
SN2006tk,,,,
SN2006tl,,,,
SN2006tm,,,,
SN2006tn,,,,
SN2006to,,,,
SN2006tp,,,,
SN2006tr,,,,
SN2006ts,,,,
SN2006tu,,,,
SN2006tv,,,,
SN2006tw,,,,
SN2006tx,,,,
SN2006ty,,,,
SN2006ua,,,,
SN2006ub,,,,
SN2007N,,,,
SN2007R,,,,
SN2007S,,,,
SN2007ae,,,,
SN2007al,,,,
SN2007ar,,,,
SN2007au,,,,
SN2007ax,,,,
SN2007bj,,,,
SN2007cj,,,,
SN2007cv,,,,
SN2007cz,,,,
SN2007da,,,,
SN2007dd,,,,
SN2007de,,,,
SN2007dh,,,,
SN2007di,,,,
SN2007dj,,,,
SN2007do,,,,
SN2007dr,,,,
SN2007ds,,,,
SN2007du,,,,
SN2007dx,,,,
SN2007ev,,,,
SN2007fd,,,,
SN2007fq,,,,
SN2007fr,,,,
SN2007fs,,,,
SN2007fu,,,,
SN2007gi,,,,
SN2007gt,,,,
SN2007ht,,,,
SN2007hx,,,,
SN2007hy,,,,
SN2007ia,,,,
SN2007ic,,,,
SN2007ie,,,,
SN2007ij,,,,
SN2007ik,,,,
SN2007im,,,,
SN2007ip,,,,
SN2007is,,,,
SN2007ix,,,,
SN2007iy,,,,
SN2007jb,,,,
SN2007jc,,,,
SN2007je,,,,
SN2007jg,,,,
SN2007jh,,,,
SN2007jj,,,,
SN2007jk,,,,
SN2007jo,,,,
SN2007jp,,,,
SN2007jr,,,,
SN2007jt,,,,
SN2007ju,,,,
SN2007jv,,,,
SN2007jw,,,,
SN2007jy,,,,
SN2007jz,,,,
SN2007kb,,,,
SN2007kd,,,,
SN2007kp,,,,
SN2007kr,,,,
SN2007ku,,,,
SN2007kv,,,,
SN2007kx,,,,
SN2007la,,,,
SN2007lc,,,,
SN2007le,,,,
SN2007lf,,,,
SN2007lg,,,,
SN2007lh,,,,
SN2007li,,,,
SN2007lk,,,,
SN2007lm,,,,
SN2007ln,,,,
SN2007lo,,,,
SN2007lp,,,,
SN2007lq,,,,
SN2007lt,,,,
SN2007lu,,,,
SN2007lv,,,,
SN2007ly,,,,
SN2007ma,,,,
SN2007mc,,,,
SN2007me,,,,
SN2007mf,,,,
SN2007mh,,,,
SN2007mi,,,,
SN2007mo,,,,
SN2007mp,,,,
SN2007mt,,,,
SN2007mu,,,,
SN2007mv,,,,
SN2007mw,,,,
SN2007mx,,,,
SN2007my,,,,
SN2007mz,,,,
SN2007na,,,,
SN2007nb,,,,
SN2007nd,,,,
SN2007ne,,,,
SN2007nf,,,,
SN2007np,,,,
SN2007nz,,,,
SN2007oa,,,,
SN2007oi,,,,
SN2007oj,,,,
SN2007ol,,,,
SN2007om,,,,
SN2007on,2.7773407909742036e+35,2.099373813990535e+35,-1.4311476497697839e+34,5.679889914291083e+35
SN2007oq,,,,
SN2007or,,,,
SN2007os,,,,
SN2007ot,,,,
SN2007ox,,,,
SN2007oy,,,,
SN2007oz,,,,
SN2007pb,,,,
SN2007pc,,,,
SN2007pe,,,,
SN2007pf,,,,
SN2007pi,,,,
SN2007pj,,,,
SN2007pn,,,,
SN2007pq,,,,
SN2007pr,,,,
SN2007ps,,,,
SN2007pt,,,,
SN2007pu,,,,
SN2007px,,,,
SN2007py,,,,
SN2007pz,,,,
SN2007qa,,,,
SN2007qd,,,,
SN2007qe,,,,
SN2007qf,,,,
SN2007qg,,,,
SN2007qi,,,,
SN2007qj,,,,
SN2007qk,,,,
SN2007ql,,,,
SN2007qo,,,,
SN2007qr,,,,
SN2007qs,,,,
SN2007qt,,,,
SN2007qu,,,,
SN2007qy,,,,
SN2007qz,,,,
SN2007ra,,,,
SN2007rd,,,,
SN2007re,,,,
SN2007rf,,,,
SN2007rg,,,,
SN2007ri,,,,
SN2007rj,,,,
SN2007rl,,,,
SN2007rm,,,,
SN2007rn,,,,
SN2007ro,,,,
SN2007rv,,,,
SN2007sb,,,,
SN2007sc,,,,
SN2007se,,,,
SN2007sf,,,,
SN2007sl,,,,
SN2007sm,,,,
SN2007sn,,,,
SN2007sr,,,,
SN2007ta,,,,
SN2007tb,,,,
SN2007tc,,,,
SN2007td,,,,
SN2007tf,,,,
SN2007tl,,,,
SN2007tm,,,,
SN2007tq,,,,
SN2007tr,,,,
SN2007ts,,,,
SN2007tt,,,,
SN2007tv,,,,
SN2007tw,,,,
SN2007tx,,,,
SN2007ty,,,,
SN2007tz,,,,
SN2007ub,,,,
SN2007uc,,,,
SN2007ud,,,,
SN2007uf,,,,
SN2007ug,,,,
SN2007uh,,,,
SN2007ui,,,,
SN2007uj,,,,
SN2007uk,,,,
SN2007ul,,,,
SN2007um,,,,
SN2007un,,,,
SN2007uo,,,,
SN2007up,,,,
SN2007ur,,,,
SN2007us,,,,
SN2007ut,,,,
SN2007uu,,,,
SN2007uv,,,,
SN2007uw,,,,
SN2007ux,,,,
SN2008J,,,,
SN2008ab,,,,
SN2008ac,,,,
SN2008ae,,,,
SN2008af,,,,
SN2008ah,,,,
SN2008bg,,,,
SN2008bi,,,,
SN2008ca,,,,
SN2008cj,,,,
SN2008cl,,,,
SN2008cr,,,,
SN2008dh,,,,
SN2008dm,,,,
SN2008dr,,,,
SN2008ds,,,,
SN2008ee,,,,
SN2008fj,,,,
SN2008hd,,,,
SN2008hr,,,,
SN2008hv,,,,
SN2008hz,,,,
SN2008id,,,,
SN2008iq,,,,
SN2008ir,,,,
SN2008s1,,,,
SN2008s5,,,,
SN2009L,,,,
SN2009an,,,,
SN2009as,,,,
SN2009cb,,,,
SN2009cj,,,,
SN2009cn,,,,
SN2009cp,,,,
SN2009cs,,,,
SN2009cu,,,,
SN2009cx,,,,
SN2009cz,,,,
SN2009db,,,,
SN2009dg,,,,
SN2009dk,,,,
SN2009dl,,,,
SN2009du,,,,
SN2009eh,,,,
SN2009eu,,,,
SN2009ey,,,,
SN2009ez,,,,
SN2009fh,,,,
SN2009fj,,,,
SN2009fk,,,,
SN2009fl,,,,
SN2009gb,,,,
SN2009gf,,,,
SN2009hn,,,,
SN2009iv,,,,
SN2009iy,,,,
SN2009ko,,,,
SN2009ku,,,,
SN2009kv,,,,
SN2009kw,,,,
SN2009kx,,,,
SN2009ky,,,,
SN2009kz,,,,
SN2009me,,,,
SN2009ml,,,,
SN2009ms,,,,
SN2009mt,,,,
SN2009ni,,,,
SN2010ai,,,,
SN2010ar,,,,
SN2010bu,,,,
SN2010dl,,,,
SN2010ex,,,,
SN2010fa,,,,
SN2010fb,,,,
SN2010fc,,,,
SN2010fd,,,,
SN2010fe,,,,
SN2010fh,,,,
SN2010fn,,,,
SN2010fs,,,,
SN2010kn,,,,
SN2011H,,,,
SN2011ad,,,,
SN2011cx,,,,
SN2011dp,,,,
SN2011fw,,,,
SNF20080322-001,,,,
SNF20080322-003,,,,
SNF20080522-000,,,,
SNF20080623-007,,,,
SNF20080626-002,,,,
SNF20080707-012,,,,
SNF20080717-000,,,,
SNF20080725-003,,,,
SNF20080821-000,,,,
SNF20080906-009,,,,
SNF20080918-000,,,,
SNF20080918-002,,,,
SNF20080919-000,,,,
SNF20080919-002,,,,
SNF20080926-009,,,,
SNLS-03D1co,,,,
SNLS-03D1dt,,,,
SNLS-03D1ew,,,,
SNLS-03D1fb,,,,
SNLS-03D1fc,,,,
SNLS-03D1fl,,,,
SNLS-03D1fq,,,,
SNLS-03D1gt,,,,
SNLS-03D4cx,,,,
SNLS-03D4cy,,,,
SNLS-03D4cz,,,,
SNLS-03D4di,,,,
SNLS-03D4dy,,,,
SNLS-03D4gf,,,,
SNLS-03D4gg,,,,
SNLS-03D4gl,,,,
SNLS-04D1ag,,,,
SNLS-04D1aj,,,,
SNLS-04D1ak,,,,
SNLS-04D1de,,,,
SNLS-04D1ff,,,,
SNLS-04D1hd,,,,
SNLS-04D1hx,,,,
SNLS-04D1hy,,,,
SNLS-04D1iv,,,,
SNLS-04D1jd,,,,
SNLS-04D1jg,,,,
SNLS-04D1kj,,,,
SNLS-04D1oh,,,,
SNLS-04D1ow,,,,
SNLS-04D1pc,,,,
SNLS-04D1pd,,,,
SNLS-04D1pg,,,,
SNLS-04D1pp,,,,
SNLS-04D1pu,,,,
SNLS-04D1qd,,,,
SNLS-04D1rh,,,,
SNLS-04D1rx,,,,
SNLS-04D1sa,,,,
SNLS-04D1si,,,,
SNLS-04D1sk,,,,
SNLS-04D2bt,,,,
SNLS-04D2ca,,,,
SNLS-04D2cc,,,,
SNLS-04D2cf,,,,
SNLS-04D2cw,,,,
SNLS-04D2fs,,,,
SNLS-04D2gb,,,,
SNLS-04D2gc,,,,
SNLS-04D2kr,,,,
SNLS-04D2mj,,,,
SNLS-04D3co,,,,
SNLS-04D3dd,,,,
SNLS-04D3df,,,,
SNLS-04D3ez,,,,
SNLS-04D3gt,,,,
SNLS-04D3gx,,,,
SNLS-04D3is,,,,
SNLS-04D3lu,,,,
SNLS-04D3ml,,,,
SNLS-04D3nh,,,,
SNLS-04D3nr,,,,
SNLS-04D3oe,,,,
SNLS-04D4bk,,,,
SNLS-04D4bq,,,,
SNLS-04D4dw,,,,
SNLS-04D4fx,,,,
SNLS-04D4hf,,,,
SNLS-04D4hu,,,,
SNLS-04D4ib,,,,
SNLS-04D4ic,,,,
SNLS-04D4ih,,,,
SNLS-04D4ii,,,,
SNLS-05D1az,,,,
SNLS-05D1by,,,,
SNLS-05D1cb,,,,
SNLS-05D1cc,,,,
SNLS-05D1cl,,,,
SNLS-05D1dn,,,,
SNLS-05D1ee,,,,
SNLS-05D1ej,,,,
SNLS-05D1em,,,,
SNLS-05D1eo,,,,
SNLS-05D1hk,,,,
SNLS-05D1hm,,,,
SNLS-05D1if,,,,
SNLS-05D1ix,,,,
SNLS-05D1iy,,,,
SNLS-05D1iz,,,,
SNLS-05D1ju,,,,
SNLS-05D1ke,,,,
SNLS-05D1kl,,,,
SNLS-05D2ab,,,,
SNLS-05D2ac,,,,
SNLS-05D2ah,,,,
SNLS-05D2ay,,,,
SNLS-05D2bv,,,,
SNLS-05D2bw,,,,
SNLS-05D2by,,,,
SNLS-05D2cb,,,,
SNLS-05D2ci,,,,
SNLS-05D2dw,,,,
SNLS-05D2eb,,,,
SNLS-05D2ec,,,,
SNLS-05D2ei,,,,
SNLS-05D2fq,,,,
SNLS-05D2hc,,,,
SNLS-05D2he,,,,
SNLS-05D2ie,,,,
SNLS-05D2ja,,,,
SNLS-05D2le,,,,
SNLS-05D2mp,,,,
SNLS-05D2my,,,,
SNLS-05D2nn,,,,
SNLS-05D3ax,,,,
SNLS-05D3ci,,,,
SNLS-05D3cx,,,,
SNLS-05D3dd,,,,
SNLS-05D3gp,,,,
SNLS-05D3ha,,,,
SNLS-05D3jb,,,,
SNLS-05D3jh,,,,
SNLS-05D3jk,,,,
SNLS-05D3jq,,,,
SNLS-05D3jr,,,,
SNLS-05D3km,,,,
SNLS-05D3kp,,,,
SNLS-05D3kt,,,,
SNLS-05D3kx,,,,
SNLS-05D3lb,,,,
SNLS-05D3lr,,,,
SNLS-05D3mq,,,,
SNLS-05D3ne,,,,
SNLS-05D4af,,,,
SNLS-05D4ag,,,,
SNLS-05D4av,,,,
SNLS-05D4ay,,,,
SNLS-05D4bi,,,,
SNLS-05D4bj,,,,
SNLS-05D4bm,,,,
SNLS-05D4cq,,,,
SNLS-05D4cs,,,,
SNLS-05D4cw,,,,
SNLS-05D4dt,,,,
SNLS-05D4dw,,,,
SNLS-05D4dy,,,,
SNLS-05D4ef,,,,
SNLS-05D4ej,,,,
SNLS-05D4fe,,,,
SNLS-05D4ff,,,,
SNLS-05D4fg,,,,
SNLS-05D4gw,,,,
SNLS-05D4hn,,,,
SNLS-06D1ab,,,,
SNLS-06D2ag,,,,
SNLS-06D2bk,,,,
SNLS-06D2ca,,,,
SNLS-06D2cb,,,,
SNLS-06D2cc,,,,
SNLS-06D2cd,,,,
SNLS-06D2ce,,,,
SNLS-06D2ck,,,,
SNLS-06D2fb,,,,
SNLS-06D2ff,,,,
SNLS-06D2ga,,,,
SNLS-06D2gb,,,,
SNLS-06D3cb,,,,
SNLS-06D3cc,,,,
SNLS-06D3cn,,,,
SNLS-06D3df,,,,
SNLS-06D3dl,,,,
SNLS-06D3dt,,,,
SNLS-06D3ed,,,,
SNLS-06D3en,,,,
SNLS-06D3et,,,,
SNLS-06D3fp,,,,
SNLS-06D3gh,,,,
SNLS-06D3gn,,,,
SNLS-06D3gx,,,,
SNLS-06D4ba,,,,
SNLS-06D4bo,,,,
SNLS-06D4bw,,,,
SNLS-06D4cl,,,,
SNLS-06D4cq,,,,
SNLS-06D4dh,,,,
Shaya,,,,
Strolger,,,,
Yowie,,,,
Zwicky,,,,
